ISO-10303-21;
HEADER;
FILE_DESCRIPTION(('KiCad electronic assembly'),'2;1');
FILE_NAME('REVIEW_COMPONENTS.step','2026-09-14T23:26:32',('Pcbnew'),(
    'Kicad'),'Open CASCADE STEP processor 7.6','KiCad to STEP converter'
  ,'Unknown');
FILE_SCHEMA(('AUTOMOTIVE_DESIGN { 1 0 10303 214 1 1 1 1 }'));
ENDSEC;
DATA;
#1 = APPLICATION_PROTOCOL_DEFINITION('international standard',
  'automotive_design',2000,#2);
#2 = APPLICATION_CONTEXT(
  'core data for automotive mechanical design processes');
#3 = SHAPE_DEFINITION_REPRESENTATION(#4,#10);
#4 = PRODUCT_DEFINITION_SHAPE('','',#5);
#5 = PRODUCT_DEFINITION('design','',#6,#9);
#6 = PRODUCT_DEFINITION_FORMATION('','',#7);
#7 = PRODUCT('REVIEW_COMPONENTS 1','REVIEW_COMPONENTS 1','',(#8));
#8 = PRODUCT_CONTEXT('',#2,'mechanical');
#9 = PRODUCT_DEFINITION_CONTEXT('part definition',#2,'design');
#10 = SHAPE_REPRESENTATION('',(#11,#15,#19,#23,#27,#31,#35,#39,#43,#47,
    #51,#55,#59,#63,#67,#71,#75,#79,#83,#87,#91,#95,#99,#103,#107,#111,
    #115,#119,#123,#127,#131,#135,#139,#143,#147),#151);
#11 = AXIS2_PLACEMENT_3D('',#12,#13,#14);
#12 = CARTESIAN_POINT('',(0.,0.,0.));
#13 = DIRECTION('',(0.,0.,1.));
#14 = DIRECTION('',(1.,0.,-0.));
#15 = AXIS2_PLACEMENT_3D('',#16,#17,#18);
#16 = CARTESIAN_POINT('',(27.,4.,1.616));
#17 = DIRECTION('',(0.,0.,1.));
#18 = DIRECTION('',(1.,0.,0.));
#19 = AXIS2_PLACEMENT_3D('',#20,#21,#22);
#20 = CARTESIAN_POINT('',(16.25,-21.25,1.616));
#21 = DIRECTION('',(0.,0.,1.));
#22 = DIRECTION('',(-1.,1.224646799147E-16,0.));
#23 = AXIS2_PLACEMENT_3D('',#24,#25,#26);
#24 = CARTESIAN_POINT('',(30.5,4.,1.616));
#25 = DIRECTION('',(0.,0.,1.));
#26 = DIRECTION('',(1.,0.,0.));
#27 = AXIS2_PLACEMENT_3D('',#28,#29,#30);
#28 = CARTESIAN_POINT('',(22.,-24.25,1.616));
#29 = DIRECTION('',(0.,-0.,1.));
#30 = DIRECTION('',(1.110223024625E-16,1.,0.));
#31 = AXIS2_PLACEMENT_3D('',#32,#33,#34);
#32 = CARTESIAN_POINT('',(10.,-32.5,1.616));
#33 = DIRECTION('',(0.,0.,1.));
#34 = DIRECTION('',(1.,0.,0.));
#35 = AXIS2_PLACEMENT_3D('',#36,#37,#38);
#36 = CARTESIAN_POINT('',(49.,5.,1.616));
#37 = DIRECTION('',(0.,0.,1.));
#38 = DIRECTION('',(1.,0.,0.));
#39 = AXIS2_PLACEMENT_3D('',#40,#41,#42);
#40 = CARTESIAN_POINT('',(27.,7.5,1.616));
#41 = DIRECTION('',(0.,0.,1.));
#42 = DIRECTION('',(1.,0.,0.));
#43 = AXIS2_PLACEMENT_3D('',#44,#45,#46);
#44 = CARTESIAN_POINT('',(47.,-26.5,1.616));
#45 = DIRECTION('',(0.,0.,1.));
#46 = DIRECTION('',(1.,0.,0.));
#47 = AXIS2_PLACEMENT_3D('',#48,#49,#50);
#48 = CARTESIAN_POINT('',(82.,4.,1.616));
#49 = DIRECTION('',(0.,0.,1.));
#50 = DIRECTION('',(1.,0.,0.));
#51 = AXIS2_PLACEMENT_3D('',#52,#53,#54);
#52 = CARTESIAN_POINT('',(21.25,-20.,1.616));
#53 = DIRECTION('',(0.,0.,1.));
#54 = DIRECTION('',(1.,0.,0.));
#55 = AXIS2_PLACEMENT_3D('',#56,#57,#58);
#56 = CARTESIAN_POINT('',(54.5,-9.,1.616));
#57 = DIRECTION('',(0.,0.,1.));
#58 = DIRECTION('',(1.,0.,0.));
#59 = AXIS2_PLACEMENT_3D('',#60,#61,#62);
#60 = CARTESIAN_POINT('',(59.8,-29.,1.616));
#61 = DIRECTION('',(0.,-0.,1.));
#62 = DIRECTION('',(1.110223024625E-16,1.,0.));
#63 = AXIS2_PLACEMENT_3D('',#64,#65,#66);
#64 = CARTESIAN_POINT('',(35.9,-13.7,1.616));
#65 = DIRECTION('',(0.,0.,1.));
#66 = DIRECTION('',(1.,0.,0.));
#67 = AXIS2_PLACEMENT_3D('',#68,#69,#70);
#68 = CARTESIAN_POINT('',(8.3,-23.5,1.616));
#69 = DIRECTION('',(0.,-0.,1.));
#70 = DIRECTION('',(1.110223024625E-16,1.,0.));
#71 = AXIS2_PLACEMENT_3D('',#72,#73,#74);
#72 = CARTESIAN_POINT('',(30.5,7.5,1.616));
#73 = DIRECTION('',(0.,0.,1.));
#74 = DIRECTION('',(1.,0.,0.));
#75 = AXIS2_PLACEMENT_3D('',#76,#77,#78);
#76 = CARTESIAN_POINT('',(44.3,-0.7,-0.12));
#77 = DIRECTION('',(0.,-1.224646799147E-16,-1.));
#78 = DIRECTION('',(1.,0.,0.));
#79 = AXIS2_PLACEMENT_3D('',#80,#81,#82);
#80 = CARTESIAN_POINT('',(79.8,-1.9,-0.12));
#81 = DIRECTION('',(0.,-1.224646799147E-16,-1.));
#82 = DIRECTION('',(1.,0.,0.));
#83 = AXIS2_PLACEMENT_3D('',#84,#85,#86);
#84 = CARTESIAN_POINT('',(63.6,-12.3,-0.12));
#85 = DIRECTION('',(-1.224646799147E-16,-1.359631073447E-32,-1.));
#86 = DIRECTION('',(1.110223024625E-16,-1.,0.));
#87 = AXIS2_PLACEMENT_3D('',#88,#89,#90);
#88 = CARTESIAN_POINT('',(82.7,4.,-0.12));
#89 = DIRECTION('',(1.224646799147E-16,-1.359631073447E-32,-1.));
#90 = DIRECTION('',(1.110223024625E-16,1.,0.));
#91 = AXIS2_PLACEMENT_3D('',#92,#93,#94);
#92 = CARTESIAN_POINT('',(41.,-21.,-0.12));
#93 = DIRECTION('',(0.,-1.224646799147E-16,-1.));
#94 = DIRECTION('',(1.,0.,0.));
#95 = AXIS2_PLACEMENT_3D('',#96,#97,#98);
#96 = CARTESIAN_POINT('',(44.,-10.8,-0.12));
#97 = DIRECTION('',(1.224646799147E-16,-1.359631073447E-32,-1.));
#98 = DIRECTION('',(1.110223024625E-16,1.,0.));
#99 = AXIS2_PLACEMENT_3D('',#100,#101,#102);
#100 = CARTESIAN_POINT('',(85.85,3.,-0.12));
#101 = DIRECTION('',(1.224646799147E-16,-1.359631073447E-32,-1.));
#102 = DIRECTION('',(1.110223024625E-16,1.,0.));
#103 = AXIS2_PLACEMENT_3D('',#104,#105,#106);
#104 = CARTESIAN_POINT('',(41.25,-10.101,-0.12));
#105 = DIRECTION('',(-1.224646799147E-16,-1.359631073447E-32,-1.));
#106 = DIRECTION('',(1.110223024625E-16,-1.,0.));
#107 = AXIS2_PLACEMENT_3D('',#108,#109,#110);
#108 = CARTESIAN_POINT('',(83.2,-1.9,-0.12));
#109 = DIRECTION('',(0.,-1.224646799147E-16,-1.));
#110 = DIRECTION('',(1.,0.,0.));
#111 = AXIS2_PLACEMENT_3D('',#112,#113,#114);
#112 = CARTESIAN_POINT('',(20.4,-9.5,-0.12));
#113 = DIRECTION('',(1.499759782662E-32,1.224646799147E-16,-1.));
#114 = DIRECTION('',(-1.,1.224646799147E-16,0.));
#115 = AXIS2_PLACEMENT_3D('',#116,#117,#118);
#116 = CARTESIAN_POINT('',(76.2,-13.9,-0.12));
#117 = DIRECTION('',(0.,-1.224646799147E-16,-1.));
#118 = DIRECTION('',(1.,0.,0.));
#119 = AXIS2_PLACEMENT_3D('',#120,#121,#122);
#120 = CARTESIAN_POINT('',(65.3,-13.,-0.12));
#121 = DIRECTION('',(1.224646799147E-16,-1.359631073447E-32,-1.));
#122 = DIRECTION('',(1.110223024625E-16,1.,0.));
#123 = AXIS2_PLACEMENT_3D('',#124,#125,#126);
#124 = CARTESIAN_POINT('',(18.5,-25.5,-0.12));
#125 = DIRECTION('',(0.,-1.224646799147E-16,-1.));
#126 = DIRECTION('',(1.,0.,0.));
#127 = AXIS2_PLACEMENT_3D('',#128,#129,#130);
#128 = CARTESIAN_POINT('',(77.8,-11.2,-0.12));
#129 = DIRECTION('',(1.499759782662E-32,1.224646799147E-16,-1.));
#130 = DIRECTION('',(-1.,1.224646799147E-16,0.));
#131 = AXIS2_PLACEMENT_3D('',#132,#133,#134);
#132 = CARTESIAN_POINT('',(43.6,-4.8,-0.12));
#133 = DIRECTION('',(0.,-1.224646799147E-16,-1.));
#134 = DIRECTION('',(1.,0.,0.));
#135 = AXIS2_PLACEMENT_3D('',#136,#137,#138);
#136 = CARTESIAN_POINT('',(72.8,-9.7,-0.12));
#137 = DIRECTION('',(0.,-1.224646799147E-16,-1.));
#138 = DIRECTION('',(1.,0.,0.));
#139 = AXIS2_PLACEMENT_3D('',#140,#141,#142);
#140 = CARTESIAN_POINT('',(79.1,3.5,-0.12));
#141 = DIRECTION('',(0.,-1.224646799147E-16,-1.));
#142 = DIRECTION('',(1.,0.,0.));
#143 = AXIS2_PLACEMENT_3D('',#144,#145,#146);
#144 = CARTESIAN_POINT('',(35.,-13.,-0.12));
#145 = DIRECTION('',(0.,-1.224646799147E-16,-1.));
#146 = DIRECTION('',(1.,0.,0.));
#147 = AXIS2_PLACEMENT_3D('',#148,#149,#150);
#148 = CARTESIAN_POINT('',(0.,0.,0.));
#149 = DIRECTION('',(0.,0.,1.));
#150 = DIRECTION('',(1.,0.,-0.));
#151 = ( GEOMETRIC_REPRESENTATION_CONTEXT(3) 
GLOBAL_UNCERTAINTY_ASSIGNED_CONTEXT((#155)) GLOBAL_UNIT_ASSIGNED_CONTEXT
((#152,#153,#154)) REPRESENTATION_CONTEXT('Context #1',
  '3D Context with UNIT and UNCERTAINTY') );
#152 = ( LENGTH_UNIT() NAMED_UNIT(*) SI_UNIT(.MILLI.,.METRE.) );
#153 = ( NAMED_UNIT(*) PLANE_ANGLE_UNIT() SI_UNIT($,.RADIAN.) );
#154 = ( NAMED_UNIT(*) SI_UNIT($,.STERADIAN.) SOLID_ANGLE_UNIT() );
#155 = UNCERTAINTY_MEASURE_WITH_UNIT(LENGTH_MEASURE(1.E-07),#152,
  'distance_accuracy_value','confusion accuracy');
#156 = PRODUCT_RELATED_PRODUCT_CATEGORY('part',$,(#7));
#157 = SHAPE_DEFINITION_REPRESENTATION(#158,#164);
#158 = PRODUCT_DEFINITION_SHAPE('','',#159);
#159 = PRODUCT_DEFINITION('design','',#160,#163);
#160 = PRODUCT_DEFINITION_FORMATION('','',#161);
#161 = PRODUCT('ENVELOPE_I32_PROCUREMENT_R162',
  'ENVELOPE_I32_PROCUREMENT_R162','',(#162));
#162 = PRODUCT_CONTEXT('',#2,'mechanical');
#163 = PRODUCT_DEFINITION_CONTEXT('part definition',#2,'design');
#164 = MANIFOLD_SURFACE_SHAPE_REPRESENTATION('',(#11),#165);
#165 = ( GEOMETRIC_REPRESENTATION_CONTEXT(3) 
GLOBAL_UNCERTAINTY_ASSIGNED_CONTEXT((#169)) GLOBAL_UNIT_ASSIGNED_CONTEXT
((#166,#167,#168)) REPRESENTATION_CONTEXT('Context #1',
  '3D Context with UNIT and UNCERTAINTY') );
#166 = ( LENGTH_UNIT() NAMED_UNIT(*) SI_UNIT(.MILLI.,.METRE.) );
#167 = ( NAMED_UNIT(*) PLANE_ANGLE_UNIT() SI_UNIT($,.RADIAN.) );
#168 = ( NAMED_UNIT(*) SI_UNIT($,.STERADIAN.) SOLID_ANGLE_UNIT() );
#169 = UNCERTAINTY_MEASURE_WITH_UNIT(LENGTH_MEASURE(1.E-07),#166,
  'distance_accuracy_value','confusion accuracy');
#170 = CONTEXT_DEPENDENT_SHAPE_REPRESENTATION(#171,#173);
#171 = ( REPRESENTATION_RELATIONSHIP('','',#164,#10) 
REPRESENTATION_RELATIONSHIP_WITH_TRANSFORMATION(#172) 
SHAPE_REPRESENTATION_RELATIONSHIP() );
#172 = ITEM_DEFINED_TRANSFORMATION('','',#11,#15);
#173 = PRODUCT_DEFINITION_SHAPE('Placement','Placement of an item',#174
  );
#174 = NEXT_ASSEMBLY_USAGE_OCCURRENCE('1','R162','',#5,#159,$);
#175 = PRODUCT_RELATED_PRODUCT_CATEGORY('part',$,(#161));
#176 = SHAPE_DEFINITION_REPRESENTATION(#177,#183);
#177 = PRODUCT_DEFINITION_SHAPE('','',#178);
#178 = PRODUCT_DEFINITION('design','',#179,#182);
#179 = PRODUCT_DEFINITION_FORMATION('','',#180);
#180 = PRODUCT('ENVELOPE_KEMET_C1210_10u50V',
  'ENVELOPE_KEMET_C1210_10u50V','',(#181));
#181 = PRODUCT_CONTEXT('',#2,'mechanical');
#182 = PRODUCT_DEFINITION_CONTEXT('part definition',#2,'design');
#183 = ADVANCED_BREP_SHAPE_REPRESENTATION('',(#11,#184),#334);
#184 = MANIFOLD_SOLID_BREP('',#185);
#185 = CLOSED_SHELL('',(#186,#226,#266,#288,#310,#322));
#186 = ADVANCED_FACE('',(#187),#221,.F.);
#187 = FACE_BOUND('',#188,.F.);
#188 = EDGE_LOOP('',(#189,#199,#207,#215));
#189 = ORIENTED_EDGE('',*,*,#190,.F.);
#190 = EDGE_CURVE('',#191,#193,#195,.T.);
#191 = VERTEX_POINT('',#192);
#192 = CARTESIAN_POINT('',(-2.65,-1.95,0.));
#193 = VERTEX_POINT('',#194);
#194 = CARTESIAN_POINT('',(-2.65,-1.95,2.8));
#195 = LINE('',#196,#197);
#196 = CARTESIAN_POINT('',(-2.65,-1.95,0.));
#197 = VECTOR('',#198,1.);
#198 = DIRECTION('',(0.,0.,1.));
#199 = ORIENTED_EDGE('',*,*,#200,.T.);
#200 = EDGE_CURVE('',#191,#201,#203,.T.);
#201 = VERTEX_POINT('',#202);
#202 = CARTESIAN_POINT('',(-2.65,1.95,0.));
#203 = LINE('',#204,#205);
#204 = CARTESIAN_POINT('',(-2.65,-1.95,0.));
#205 = VECTOR('',#206,1.);
#206 = DIRECTION('',(0.,1.,0.));
#207 = ORIENTED_EDGE('',*,*,#208,.T.);
#208 = EDGE_CURVE('',#201,#209,#211,.T.);
#209 = VERTEX_POINT('',#210);
#210 = CARTESIAN_POINT('',(-2.65,1.95,2.8));
#211 = LINE('',#212,#213);
#212 = CARTESIAN_POINT('',(-2.65,1.95,0.));
#213 = VECTOR('',#214,1.);
#214 = DIRECTION('',(0.,0.,1.));
#215 = ORIENTED_EDGE('',*,*,#216,.F.);
#216 = EDGE_CURVE('',#193,#209,#217,.T.);
#217 = LINE('',#218,#219);
#218 = CARTESIAN_POINT('',(-2.65,-1.95,2.8));
#219 = VECTOR('',#220,1.);
#220 = DIRECTION('',(0.,1.,0.));
#221 = PLANE('',#222);
#222 = AXIS2_PLACEMENT_3D('',#223,#224,#225);
#223 = CARTESIAN_POINT('',(-2.65,-1.95,0.));
#224 = DIRECTION('',(1.,0.,0.));
#225 = DIRECTION('',(0.,0.,1.));
#226 = ADVANCED_FACE('',(#227),#261,.T.);
#227 = FACE_BOUND('',#228,.T.);
#228 = EDGE_LOOP('',(#229,#239,#247,#255));
#229 = ORIENTED_EDGE('',*,*,#230,.F.);
#230 = EDGE_CURVE('',#231,#233,#235,.T.);
#231 = VERTEX_POINT('',#232);
#232 = CARTESIAN_POINT('',(2.65,-1.95,0.));
#233 = VERTEX_POINT('',#234);
#234 = CARTESIAN_POINT('',(2.65,-1.95,2.8));
#235 = LINE('',#236,#237);
#236 = CARTESIAN_POINT('',(2.65,-1.95,0.));
#237 = VECTOR('',#238,1.);
#238 = DIRECTION('',(0.,0.,1.));
#239 = ORIENTED_EDGE('',*,*,#240,.T.);
#240 = EDGE_CURVE('',#231,#241,#243,.T.);
#241 = VERTEX_POINT('',#242);
#242 = CARTESIAN_POINT('',(2.65,1.95,0.));
#243 = LINE('',#244,#245);
#244 = CARTESIAN_POINT('',(2.65,-1.95,0.));
#245 = VECTOR('',#246,1.);
#246 = DIRECTION('',(0.,1.,0.));
#247 = ORIENTED_EDGE('',*,*,#248,.T.);
#248 = EDGE_CURVE('',#241,#249,#251,.T.);
#249 = VERTEX_POINT('',#250);
#250 = CARTESIAN_POINT('',(2.65,1.95,2.8));
#251 = LINE('',#252,#253);
#252 = CARTESIAN_POINT('',(2.65,1.95,0.));
#253 = VECTOR('',#254,1.);
#254 = DIRECTION('',(0.,0.,1.));
#255 = ORIENTED_EDGE('',*,*,#256,.F.);
#256 = EDGE_CURVE('',#233,#249,#257,.T.);
#257 = LINE('',#258,#259);
#258 = CARTESIAN_POINT('',(2.65,-1.95,2.8));
#259 = VECTOR('',#260,1.);
#260 = DIRECTION('',(0.,1.,0.));
#261 = PLANE('',#262);
#262 = AXIS2_PLACEMENT_3D('',#263,#264,#265);
#263 = CARTESIAN_POINT('',(2.65,-1.95,0.));
#264 = DIRECTION('',(1.,0.,0.));
#265 = DIRECTION('',(0.,0.,1.));
#266 = ADVANCED_FACE('',(#267),#283,.F.);
#267 = FACE_BOUND('',#268,.F.);
#268 = EDGE_LOOP('',(#269,#275,#276,#282));
#269 = ORIENTED_EDGE('',*,*,#270,.F.);
#270 = EDGE_CURVE('',#191,#231,#271,.T.);
#271 = LINE('',#272,#273);
#272 = CARTESIAN_POINT('',(-2.65,-1.95,0.));
#273 = VECTOR('',#274,1.);
#274 = DIRECTION('',(1.,0.,0.));
#275 = ORIENTED_EDGE('',*,*,#190,.T.);
#276 = ORIENTED_EDGE('',*,*,#277,.T.);
#277 = EDGE_CURVE('',#193,#233,#278,.T.);
#278 = LINE('',#279,#280);
#279 = CARTESIAN_POINT('',(-2.65,-1.95,2.8));
#280 = VECTOR('',#281,1.);
#281 = DIRECTION('',(1.,0.,0.));
#282 = ORIENTED_EDGE('',*,*,#230,.F.);
#283 = PLANE('',#284);
#284 = AXIS2_PLACEMENT_3D('',#285,#286,#287);
#285 = CARTESIAN_POINT('',(-2.65,-1.95,0.));
#286 = DIRECTION('',(0.,1.,0.));
#287 = DIRECTION('',(0.,-0.,1.));
#288 = ADVANCED_FACE('',(#289),#305,.T.);
#289 = FACE_BOUND('',#290,.T.);
#290 = EDGE_LOOP('',(#291,#297,#298,#304));
#291 = ORIENTED_EDGE('',*,*,#292,.F.);
#292 = EDGE_CURVE('',#201,#241,#293,.T.);
#293 = LINE('',#294,#295);
#294 = CARTESIAN_POINT('',(-2.65,1.95,0.));
#295 = VECTOR('',#296,1.);
#296 = DIRECTION('',(1.,0.,0.));
#297 = ORIENTED_EDGE('',*,*,#208,.T.);
#298 = ORIENTED_EDGE('',*,*,#299,.T.);
#299 = EDGE_CURVE('',#209,#249,#300,.T.);
#300 = LINE('',#301,#302);
#301 = CARTESIAN_POINT('',(-2.65,1.95,2.8));
#302 = VECTOR('',#303,1.);
#303 = DIRECTION('',(1.,0.,0.));
#304 = ORIENTED_EDGE('',*,*,#248,.F.);
#305 = PLANE('',#306);
#306 = AXIS2_PLACEMENT_3D('',#307,#308,#309);
#307 = CARTESIAN_POINT('',(-2.65,1.95,0.));
#308 = DIRECTION('',(0.,1.,0.));
#309 = DIRECTION('',(0.,-0.,1.));
#310 = ADVANCED_FACE('',(#311),#317,.F.);
#311 = FACE_BOUND('',#312,.F.);
#312 = EDGE_LOOP('',(#313,#314,#315,#316));
#313 = ORIENTED_EDGE('',*,*,#200,.F.);
#314 = ORIENTED_EDGE('',*,*,#270,.T.);
#315 = ORIENTED_EDGE('',*,*,#240,.T.);
#316 = ORIENTED_EDGE('',*,*,#292,.F.);
#317 = PLANE('',#318);
#318 = AXIS2_PLACEMENT_3D('',#319,#320,#321);
#319 = CARTESIAN_POINT('',(-2.65,-1.95,0.));
#320 = DIRECTION('',(0.,0.,1.));
#321 = DIRECTION('',(1.,0.,-0.));
#322 = ADVANCED_FACE('',(#323),#329,.T.);
#323 = FACE_BOUND('',#324,.T.);
#324 = EDGE_LOOP('',(#325,#326,#327,#328));
#325 = ORIENTED_EDGE('',*,*,#216,.F.);
#326 = ORIENTED_EDGE('',*,*,#277,.T.);
#327 = ORIENTED_EDGE('',*,*,#256,.T.);
#328 = ORIENTED_EDGE('',*,*,#299,.F.);
#329 = PLANE('',#330);
#330 = AXIS2_PLACEMENT_3D('',#331,#332,#333);
#331 = CARTESIAN_POINT('',(-2.65,-1.95,2.8));
#332 = DIRECTION('',(0.,0.,1.));
#333 = DIRECTION('',(1.,0.,-0.));
#334 = ( GEOMETRIC_REPRESENTATION_CONTEXT(3) 
GLOBAL_UNCERTAINTY_ASSIGNED_CONTEXT((#338)) GLOBAL_UNIT_ASSIGNED_CONTEXT
((#335,#336,#337)) REPRESENTATION_CONTEXT('Context #1',
  '3D Context with UNIT and UNCERTAINTY') );
#335 = ( LENGTH_UNIT() NAMED_UNIT(*) SI_UNIT(.MILLI.,.METRE.) );
#336 = ( NAMED_UNIT(*) PLANE_ANGLE_UNIT() SI_UNIT($,.RADIAN.) );
#337 = ( NAMED_UNIT(*) SI_UNIT($,.STERADIAN.) SOLID_ANGLE_UNIT() );
#338 = UNCERTAINTY_MEASURE_WITH_UNIT(LENGTH_MEASURE(1.E-07),#335,
  'distance_accuracy_value','confusion accuracy');
#339 = CONTEXT_DEPENDENT_SHAPE_REPRESENTATION(#340,#342);
#340 = ( REPRESENTATION_RELATIONSHIP('','',#183,#10) 
REPRESENTATION_RELATIONSHIP_WITH_TRANSFORMATION(#341) 
SHAPE_REPRESENTATION_RELATIONSHIP() );
#341 = ITEM_DEFINED_TRANSFORMATION('','',#11,#19);
#342 = PRODUCT_DEFINITION_SHAPE('Placement','Placement of an item',#343
  );
#343 = NEXT_ASSEMBLY_USAGE_OCCURRENCE('2','C506','',#5,#178,$);
#344 = PRODUCT_RELATED_PRODUCT_CATEGORY('part',$,(#180));
#345 = SHAPE_DEFINITION_REPRESENTATION(#346,#352);
#346 = PRODUCT_DEFINITION_SHAPE('','',#347);
#347 = PRODUCT_DEFINITION('design','',#348,#351);
#348 = PRODUCT_DEFINITION_FORMATION('','',#349);
#349 = PRODUCT('ENVELOPE_I32_PROCUREMENT_R163',
  'ENVELOPE_I32_PROCUREMENT_R163','',(#350));
#350 = PRODUCT_CONTEXT('',#2,'mechanical');
#351 = PRODUCT_DEFINITION_CONTEXT('part definition',#2,'design');
#352 = MANIFOLD_SURFACE_SHAPE_REPRESENTATION('',(#11),#353);
#353 = ( GEOMETRIC_REPRESENTATION_CONTEXT(3) 
GLOBAL_UNCERTAINTY_ASSIGNED_CONTEXT((#357)) GLOBAL_UNIT_ASSIGNED_CONTEXT
((#354,#355,#356)) REPRESENTATION_CONTEXT('Context #1',
  '3D Context with UNIT and UNCERTAINTY') );
#354 = ( LENGTH_UNIT() NAMED_UNIT(*) SI_UNIT(.MILLI.,.METRE.) );
#355 = ( NAMED_UNIT(*) PLANE_ANGLE_UNIT() SI_UNIT($,.RADIAN.) );
#356 = ( NAMED_UNIT(*) SI_UNIT($,.STERADIAN.) SOLID_ANGLE_UNIT() );
#357 = UNCERTAINTY_MEASURE_WITH_UNIT(LENGTH_MEASURE(1.E-07),#354,
  'distance_accuracy_value','confusion accuracy');
#358 = CONTEXT_DEPENDENT_SHAPE_REPRESENTATION(#359,#361);
#359 = ( REPRESENTATION_RELATIONSHIP('','',#352,#10) 
REPRESENTATION_RELATIONSHIP_WITH_TRANSFORMATION(#360) 
SHAPE_REPRESENTATION_RELATIONSHIP() );
#360 = ITEM_DEFINED_TRANSFORMATION('','',#11,#23);
#361 = PRODUCT_DEFINITION_SHAPE('Placement','Placement of an item',#362
  );
#362 = NEXT_ASSEMBLY_USAGE_OCCURRENCE('3','R163','',#5,#347,$);
#363 = PRODUCT_RELATED_PRODUCT_CATEGORY('part',$,(#349));
#364 = CONTEXT_DEPENDENT_SHAPE_REPRESENTATION(#365,#367);
#365 = ( REPRESENTATION_RELATIONSHIP('','',#183,#10) 
REPRESENTATION_RELATIONSHIP_WITH_TRANSFORMATION(#366) 
SHAPE_REPRESENTATION_RELATIONSHIP() );
#366 = ITEM_DEFINED_TRANSFORMATION('','',#11,#27);
#367 = PRODUCT_DEFINITION_SHAPE('Placement','Placement of an item',#368
  );
#368 = NEXT_ASSEMBLY_USAGE_OCCURRENCE('4','C504','',#5,#178,$);
#369 = SHAPE_DEFINITION_REPRESENTATION(#370,#376);
#370 = PRODUCT_DEFINITION_SHAPE('','',#371);
#371 = PRODUCT_DEFINITION('design','',#372,#375);
#372 = PRODUCT_DEFINITION_FORMATION('','',#373);
#373 = PRODUCT('ENVELOPE_Fuse_Littelfuse-NANO2-885',
  'ENVELOPE_Fuse_Littelfuse-NANO2-885','',(#374));
#374 = PRODUCT_CONTEXT('',#2,'mechanical');
#375 = PRODUCT_DEFINITION_CONTEXT('part definition',#2,'design');
#376 = ADVANCED_BREP_SHAPE_REPRESENTATION('',(#11,#377),#527);
#377 = MANIFOLD_SOLID_BREP('',#378);
#378 = CLOSED_SHELL('',(#379,#419,#459,#481,#503,#515));
#379 = ADVANCED_FACE('',(#380),#414,.F.);
#380 = FACE_BOUND('',#381,.F.);
#381 = EDGE_LOOP('',(#382,#392,#400,#408));
#382 = ORIENTED_EDGE('',*,*,#383,.F.);
#383 = EDGE_CURVE('',#384,#386,#388,.T.);
#384 = VERTEX_POINT('',#385);
#385 = CARTESIAN_POINT('',(-8.67,-4.18,0.));
#386 = VERTEX_POINT('',#387);
#387 = CARTESIAN_POINT('',(-8.67,-4.18,2.9));
#388 = LINE('',#389,#390);
#389 = CARTESIAN_POINT('',(-8.67,-4.18,0.));
#390 = VECTOR('',#391,1.);
#391 = DIRECTION('',(0.,0.,1.));
#392 = ORIENTED_EDGE('',*,*,#393,.T.);
#393 = EDGE_CURVE('',#384,#394,#396,.T.);
#394 = VERTEX_POINT('',#395);
#395 = CARTESIAN_POINT('',(-8.67,4.18,0.));
#396 = LINE('',#397,#398);
#397 = CARTESIAN_POINT('',(-8.67,-4.18,0.));
#398 = VECTOR('',#399,1.);
#399 = DIRECTION('',(0.,1.,0.));
#400 = ORIENTED_EDGE('',*,*,#401,.T.);
#401 = EDGE_CURVE('',#394,#402,#404,.T.);
#402 = VERTEX_POINT('',#403);
#403 = CARTESIAN_POINT('',(-8.67,4.18,2.9));
#404 = LINE('',#405,#406);
#405 = CARTESIAN_POINT('',(-8.67,4.18,0.));
#406 = VECTOR('',#407,1.);
#407 = DIRECTION('',(0.,0.,1.));
#408 = ORIENTED_EDGE('',*,*,#409,.F.);
#409 = EDGE_CURVE('',#386,#402,#410,.T.);
#410 = LINE('',#411,#412);
#411 = CARTESIAN_POINT('',(-8.67,-4.18,2.9));
#412 = VECTOR('',#413,1.);
#413 = DIRECTION('',(0.,1.,0.));
#414 = PLANE('',#415);
#415 = AXIS2_PLACEMENT_3D('',#416,#417,#418);
#416 = CARTESIAN_POINT('',(-8.67,-4.18,0.));
#417 = DIRECTION('',(1.,0.,0.));
#418 = DIRECTION('',(0.,0.,1.));
#419 = ADVANCED_FACE('',(#420),#454,.T.);
#420 = FACE_BOUND('',#421,.T.);
#421 = EDGE_LOOP('',(#422,#432,#440,#448));
#422 = ORIENTED_EDGE('',*,*,#423,.F.);
#423 = EDGE_CURVE('',#424,#426,#428,.T.);
#424 = VERTEX_POINT('',#425);
#425 = CARTESIAN_POINT('',(8.67,-4.18,0.));
#426 = VERTEX_POINT('',#427);
#427 = CARTESIAN_POINT('',(8.67,-4.18,2.9));
#428 = LINE('',#429,#430);
#429 = CARTESIAN_POINT('',(8.67,-4.18,0.));
#430 = VECTOR('',#431,1.);
#431 = DIRECTION('',(0.,0.,1.));
#432 = ORIENTED_EDGE('',*,*,#433,.T.);
#433 = EDGE_CURVE('',#424,#434,#436,.T.);
#434 = VERTEX_POINT('',#435);
#435 = CARTESIAN_POINT('',(8.67,4.18,0.));
#436 = LINE('',#437,#438);
#437 = CARTESIAN_POINT('',(8.67,-4.18,0.));
#438 = VECTOR('',#439,1.);
#439 = DIRECTION('',(0.,1.,0.));
#440 = ORIENTED_EDGE('',*,*,#441,.T.);
#441 = EDGE_CURVE('',#434,#442,#444,.T.);
#442 = VERTEX_POINT('',#443);
#443 = CARTESIAN_POINT('',(8.67,4.18,2.9));
#444 = LINE('',#445,#446);
#445 = CARTESIAN_POINT('',(8.67,4.18,0.));
#446 = VECTOR('',#447,1.);
#447 = DIRECTION('',(0.,0.,1.));
#448 = ORIENTED_EDGE('',*,*,#449,.F.);
#449 = EDGE_CURVE('',#426,#442,#450,.T.);
#450 = LINE('',#451,#452);
#451 = CARTESIAN_POINT('',(8.67,-4.18,2.9));
#452 = VECTOR('',#453,1.);
#453 = DIRECTION('',(0.,1.,0.));
#454 = PLANE('',#455);
#455 = AXIS2_PLACEMENT_3D('',#456,#457,#458);
#456 = CARTESIAN_POINT('',(8.67,-4.18,0.));
#457 = DIRECTION('',(1.,0.,0.));
#458 = DIRECTION('',(0.,0.,1.));
#459 = ADVANCED_FACE('',(#460),#476,.F.);
#460 = FACE_BOUND('',#461,.F.);
#461 = EDGE_LOOP('',(#462,#468,#469,#475));
#462 = ORIENTED_EDGE('',*,*,#463,.F.);
#463 = EDGE_CURVE('',#384,#424,#464,.T.);
#464 = LINE('',#465,#466);
#465 = CARTESIAN_POINT('',(-8.67,-4.18,0.));
#466 = VECTOR('',#467,1.);
#467 = DIRECTION('',(1.,0.,0.));
#468 = ORIENTED_EDGE('',*,*,#383,.T.);
#469 = ORIENTED_EDGE('',*,*,#470,.T.);
#470 = EDGE_CURVE('',#386,#426,#471,.T.);
#471 = LINE('',#472,#473);
#472 = CARTESIAN_POINT('',(-8.67,-4.18,2.9));
#473 = VECTOR('',#474,1.);
#474 = DIRECTION('',(1.,0.,0.));
#475 = ORIENTED_EDGE('',*,*,#423,.F.);
#476 = PLANE('',#477);
#477 = AXIS2_PLACEMENT_3D('',#478,#479,#480);
#478 = CARTESIAN_POINT('',(-8.67,-4.18,0.));
#479 = DIRECTION('',(0.,1.,0.));
#480 = DIRECTION('',(0.,-0.,1.));
#481 = ADVANCED_FACE('',(#482),#498,.T.);
#482 = FACE_BOUND('',#483,.T.);
#483 = EDGE_LOOP('',(#484,#490,#491,#497));
#484 = ORIENTED_EDGE('',*,*,#485,.F.);
#485 = EDGE_CURVE('',#394,#434,#486,.T.);
#486 = LINE('',#487,#488);
#487 = CARTESIAN_POINT('',(-8.67,4.18,0.));
#488 = VECTOR('',#489,1.);
#489 = DIRECTION('',(1.,0.,0.));
#490 = ORIENTED_EDGE('',*,*,#401,.T.);
#491 = ORIENTED_EDGE('',*,*,#492,.T.);
#492 = EDGE_CURVE('',#402,#442,#493,.T.);
#493 = LINE('',#494,#495);
#494 = CARTESIAN_POINT('',(-8.67,4.18,2.9));
#495 = VECTOR('',#496,1.);
#496 = DIRECTION('',(1.,0.,0.));
#497 = ORIENTED_EDGE('',*,*,#441,.F.);
#498 = PLANE('',#499);
#499 = AXIS2_PLACEMENT_3D('',#500,#501,#502);
#500 = CARTESIAN_POINT('',(-8.67,4.18,0.));
#501 = DIRECTION('',(0.,1.,0.));
#502 = DIRECTION('',(0.,-0.,1.));
#503 = ADVANCED_FACE('',(#504),#510,.F.);
#504 = FACE_BOUND('',#505,.F.);
#505 = EDGE_LOOP('',(#506,#507,#508,#509));
#506 = ORIENTED_EDGE('',*,*,#393,.F.);
#507 = ORIENTED_EDGE('',*,*,#463,.T.);
#508 = ORIENTED_EDGE('',*,*,#433,.T.);
#509 = ORIENTED_EDGE('',*,*,#485,.F.);
#510 = PLANE('',#511);
#511 = AXIS2_PLACEMENT_3D('',#512,#513,#514);
#512 = CARTESIAN_POINT('',(-8.67,-4.18,0.));
#513 = DIRECTION('',(0.,0.,1.));
#514 = DIRECTION('',(1.,0.,-0.));
#515 = ADVANCED_FACE('',(#516),#522,.T.);
#516 = FACE_BOUND('',#517,.T.);
#517 = EDGE_LOOP('',(#518,#519,#520,#521));
#518 = ORIENTED_EDGE('',*,*,#409,.F.);
#519 = ORIENTED_EDGE('',*,*,#470,.T.);
#520 = ORIENTED_EDGE('',*,*,#449,.T.);
#521 = ORIENTED_EDGE('',*,*,#492,.F.);
#522 = PLANE('',#523);
#523 = AXIS2_PLACEMENT_3D('',#524,#525,#526);
#524 = CARTESIAN_POINT('',(-8.67,-4.18,2.9));
#525 = DIRECTION('',(0.,0.,1.));
#526 = DIRECTION('',(1.,0.,-0.));
#527 = ( GEOMETRIC_REPRESENTATION_CONTEXT(3) 
GLOBAL_UNCERTAINTY_ASSIGNED_CONTEXT((#531)) GLOBAL_UNIT_ASSIGNED_CONTEXT
((#528,#529,#530)) REPRESENTATION_CONTEXT('Context #1',
  '3D Context with UNIT and UNCERTAINTY') );
#528 = ( LENGTH_UNIT() NAMED_UNIT(*) SI_UNIT(.MILLI.,.METRE.) );
#529 = ( NAMED_UNIT(*) PLANE_ANGLE_UNIT() SI_UNIT($,.RADIAN.) );
#530 = ( NAMED_UNIT(*) SI_UNIT($,.STERADIAN.) SOLID_ANGLE_UNIT() );
#531 = UNCERTAINTY_MEASURE_WITH_UNIT(LENGTH_MEASURE(1.E-07),#528,
  'distance_accuracy_value','confusion accuracy');
#532 = CONTEXT_DEPENDENT_SHAPE_REPRESENTATION(#533,#535);
#533 = ( REPRESENTATION_RELATIONSHIP('','',#376,#10) 
REPRESENTATION_RELATIONSHIP_WITH_TRANSFORMATION(#534) 
SHAPE_REPRESENTATION_RELATIONSHIP() );
#534 = ITEM_DEFINED_TRANSFORMATION('','',#11,#31);
#535 = PRODUCT_DEFINITION_SHAPE('Placement','Placement of an item',#536
  );
#536 = NEXT_ASSEMBLY_USAGE_OCCURRENCE('5','F101','',#5,#371,$);
#537 = PRODUCT_RELATED_PRODUCT_CATEGORY('part',$,(#373));
#538 = SHAPE_DEFINITION_REPRESENTATION(#539,#545);
#539 = PRODUCT_DEFINITION_SHAPE('','',#540);
#540 = PRODUCT_DEFINITION('design','',#541,#544);
#541 = PRODUCT_DEFINITION_FORMATION('','',#542);
#542 = PRODUCT('ENVELOPE_KEMET_T598_X_7343_Median_RVB22_C206',
  'ENVELOPE_KEMET_T598_X_7343_Median_RVB22_C206','',(#543));
#543 = PRODUCT_CONTEXT('',#2,'mechanical');
#544 = PRODUCT_DEFINITION_CONTEXT('part definition',#2,'design');
#545 = ADVANCED_BREP_SHAPE_REPRESENTATION('',(#11,#546),#696);
#546 = MANIFOLD_SOLID_BREP('',#547);
#547 = CLOSED_SHELL('',(#548,#588,#628,#650,#672,#684));
#548 = ADVANCED_FACE('',(#549),#583,.F.);
#549 = FACE_BOUND('',#550,.F.);
#550 = EDGE_LOOP('',(#551,#561,#569,#577));
#551 = ORIENTED_EDGE('',*,*,#552,.F.);
#552 = EDGE_CURVE('',#553,#555,#557,.T.);
#553 = VERTEX_POINT('',#554);
#554 = CARTESIAN_POINT('',(-4.86,-2.85,0.));
#555 = VERTEX_POINT('',#556);
#556 = CARTESIAN_POINT('',(-4.86,-2.85,4.3));
#557 = LINE('',#558,#559);
#558 = CARTESIAN_POINT('',(-4.86,-2.85,0.));
#559 = VECTOR('',#560,1.);
#560 = DIRECTION('',(0.,0.,1.));
#561 = ORIENTED_EDGE('',*,*,#562,.T.);
#562 = EDGE_CURVE('',#553,#563,#565,.T.);
#563 = VERTEX_POINT('',#564);
#564 = CARTESIAN_POINT('',(-4.86,2.85,0.));
#565 = LINE('',#566,#567);
#566 = CARTESIAN_POINT('',(-4.86,-2.85,0.));
#567 = VECTOR('',#568,1.);
#568 = DIRECTION('',(0.,1.,0.));
#569 = ORIENTED_EDGE('',*,*,#570,.T.);
#570 = EDGE_CURVE('',#563,#571,#573,.T.);
#571 = VERTEX_POINT('',#572);
#572 = CARTESIAN_POINT('',(-4.86,2.85,4.3));
#573 = LINE('',#574,#575);
#574 = CARTESIAN_POINT('',(-4.86,2.85,0.));
#575 = VECTOR('',#576,1.);
#576 = DIRECTION('',(0.,0.,1.));
#577 = ORIENTED_EDGE('',*,*,#578,.F.);
#578 = EDGE_CURVE('',#555,#571,#579,.T.);
#579 = LINE('',#580,#581);
#580 = CARTESIAN_POINT('',(-4.86,-2.85,4.3));
#581 = VECTOR('',#582,1.);
#582 = DIRECTION('',(0.,1.,0.));
#583 = PLANE('',#584);
#584 = AXIS2_PLACEMENT_3D('',#585,#586,#587);
#585 = CARTESIAN_POINT('',(-4.86,-2.85,0.));
#586 = DIRECTION('',(1.,0.,0.));
#587 = DIRECTION('',(0.,0.,1.));
#588 = ADVANCED_FACE('',(#589),#623,.T.);
#589 = FACE_BOUND('',#590,.T.);
#590 = EDGE_LOOP('',(#591,#601,#609,#617));
#591 = ORIENTED_EDGE('',*,*,#592,.F.);
#592 = EDGE_CURVE('',#593,#595,#597,.T.);
#593 = VERTEX_POINT('',#594);
#594 = CARTESIAN_POINT('',(4.86,-2.85,0.));
#595 = VERTEX_POINT('',#596);
#596 = CARTESIAN_POINT('',(4.86,-2.85,4.3));
#597 = LINE('',#598,#599);
#598 = CARTESIAN_POINT('',(4.86,-2.85,0.));
#599 = VECTOR('',#600,1.);
#600 = DIRECTION('',(0.,0.,1.));
#601 = ORIENTED_EDGE('',*,*,#602,.T.);
#602 = EDGE_CURVE('',#593,#603,#605,.T.);
#603 = VERTEX_POINT('',#604);
#604 = CARTESIAN_POINT('',(4.86,2.85,0.));
#605 = LINE('',#606,#607);
#606 = CARTESIAN_POINT('',(4.86,-2.85,0.));
#607 = VECTOR('',#608,1.);
#608 = DIRECTION('',(0.,1.,0.));
#609 = ORIENTED_EDGE('',*,*,#610,.T.);
#610 = EDGE_CURVE('',#603,#611,#613,.T.);
#611 = VERTEX_POINT('',#612);
#612 = CARTESIAN_POINT('',(4.86,2.85,4.3));
#613 = LINE('',#614,#615);
#614 = CARTESIAN_POINT('',(4.86,2.85,0.));
#615 = VECTOR('',#616,1.);
#616 = DIRECTION('',(0.,0.,1.));
#617 = ORIENTED_EDGE('',*,*,#618,.F.);
#618 = EDGE_CURVE('',#595,#611,#619,.T.);
#619 = LINE('',#620,#621);
#620 = CARTESIAN_POINT('',(4.86,-2.85,4.3));
#621 = VECTOR('',#622,1.);
#622 = DIRECTION('',(0.,1.,0.));
#623 = PLANE('',#624);
#624 = AXIS2_PLACEMENT_3D('',#625,#626,#627);
#625 = CARTESIAN_POINT('',(4.86,-2.85,0.));
#626 = DIRECTION('',(1.,0.,0.));
#627 = DIRECTION('',(0.,0.,1.));
#628 = ADVANCED_FACE('',(#629),#645,.F.);
#629 = FACE_BOUND('',#630,.F.);
#630 = EDGE_LOOP('',(#631,#637,#638,#644));
#631 = ORIENTED_EDGE('',*,*,#632,.F.);
#632 = EDGE_CURVE('',#553,#593,#633,.T.);
#633 = LINE('',#634,#635);
#634 = CARTESIAN_POINT('',(-4.86,-2.85,0.));
#635 = VECTOR('',#636,1.);
#636 = DIRECTION('',(1.,0.,0.));
#637 = ORIENTED_EDGE('',*,*,#552,.T.);
#638 = ORIENTED_EDGE('',*,*,#639,.T.);
#639 = EDGE_CURVE('',#555,#595,#640,.T.);
#640 = LINE('',#641,#642);
#641 = CARTESIAN_POINT('',(-4.86,-2.85,4.3));
#642 = VECTOR('',#643,1.);
#643 = DIRECTION('',(1.,0.,0.));
#644 = ORIENTED_EDGE('',*,*,#592,.F.);
#645 = PLANE('',#646);
#646 = AXIS2_PLACEMENT_3D('',#647,#648,#649);
#647 = CARTESIAN_POINT('',(-4.86,-2.85,0.));
#648 = DIRECTION('',(0.,1.,0.));
#649 = DIRECTION('',(0.,-0.,1.));
#650 = ADVANCED_FACE('',(#651),#667,.T.);
#651 = FACE_BOUND('',#652,.T.);
#652 = EDGE_LOOP('',(#653,#659,#660,#666));
#653 = ORIENTED_EDGE('',*,*,#654,.F.);
#654 = EDGE_CURVE('',#563,#603,#655,.T.);
#655 = LINE('',#656,#657);
#656 = CARTESIAN_POINT('',(-4.86,2.85,0.));
#657 = VECTOR('',#658,1.);
#658 = DIRECTION('',(1.,0.,0.));
#659 = ORIENTED_EDGE('',*,*,#570,.T.);
#660 = ORIENTED_EDGE('',*,*,#661,.T.);
#661 = EDGE_CURVE('',#571,#611,#662,.T.);
#662 = LINE('',#663,#664);
#663 = CARTESIAN_POINT('',(-4.86,2.85,4.3));
#664 = VECTOR('',#665,1.);
#665 = DIRECTION('',(1.,0.,0.));
#666 = ORIENTED_EDGE('',*,*,#610,.F.);
#667 = PLANE('',#668);
#668 = AXIS2_PLACEMENT_3D('',#669,#670,#671);
#669 = CARTESIAN_POINT('',(-4.86,2.85,0.));
#670 = DIRECTION('',(0.,1.,0.));
#671 = DIRECTION('',(0.,-0.,1.));
#672 = ADVANCED_FACE('',(#673),#679,.F.);
#673 = FACE_BOUND('',#674,.F.);
#674 = EDGE_LOOP('',(#675,#676,#677,#678));
#675 = ORIENTED_EDGE('',*,*,#562,.F.);
#676 = ORIENTED_EDGE('',*,*,#632,.T.);
#677 = ORIENTED_EDGE('',*,*,#602,.T.);
#678 = ORIENTED_EDGE('',*,*,#654,.F.);
#679 = PLANE('',#680);
#680 = AXIS2_PLACEMENT_3D('',#681,#682,#683);
#681 = CARTESIAN_POINT('',(-4.86,-2.85,0.));
#682 = DIRECTION('',(0.,0.,1.));
#683 = DIRECTION('',(1.,0.,-0.));
#684 = ADVANCED_FACE('',(#685),#691,.T.);
#685 = FACE_BOUND('',#686,.T.);
#686 = EDGE_LOOP('',(#687,#688,#689,#690));
#687 = ORIENTED_EDGE('',*,*,#578,.F.);
#688 = ORIENTED_EDGE('',*,*,#639,.T.);
#689 = ORIENTED_EDGE('',*,*,#618,.T.);
#690 = ORIENTED_EDGE('',*,*,#661,.F.);
#691 = PLANE('',#692);
#692 = AXIS2_PLACEMENT_3D('',#693,#694,#695);
#693 = CARTESIAN_POINT('',(-4.86,-2.85,4.3));
#694 = DIRECTION('',(0.,0.,1.));
#695 = DIRECTION('',(1.,0.,-0.));
#696 = ( GEOMETRIC_REPRESENTATION_CONTEXT(3) 
GLOBAL_UNCERTAINTY_ASSIGNED_CONTEXT((#700)) GLOBAL_UNIT_ASSIGNED_CONTEXT
((#697,#698,#699)) REPRESENTATION_CONTEXT('Context #1',
  '3D Context with UNIT and UNCERTAINTY') );
#697 = ( LENGTH_UNIT() NAMED_UNIT(*) SI_UNIT(.MILLI.,.METRE.) );
#698 = ( NAMED_UNIT(*) PLANE_ANGLE_UNIT() SI_UNIT($,.RADIAN.) );
#699 = ( NAMED_UNIT(*) SI_UNIT($,.STERADIAN.) SOLID_ANGLE_UNIT() );
#700 = UNCERTAINTY_MEASURE_WITH_UNIT(LENGTH_MEASURE(1.E-07),#697,
  'distance_accuracy_value','confusion accuracy');
#701 = CONTEXT_DEPENDENT_SHAPE_REPRESENTATION(#702,#704);
#702 = ( REPRESENTATION_RELATIONSHIP('','',#545,#10) 
REPRESENTATION_RELATIONSHIP_WITH_TRANSFORMATION(#703) 
SHAPE_REPRESENTATION_RELATIONSHIP() );
#703 = ITEM_DEFINED_TRANSFORMATION('','',#11,#35);
#704 = PRODUCT_DEFINITION_SHAPE('Placement','Placement of an item',#705
  );
#705 = NEXT_ASSEMBLY_USAGE_OCCURRENCE('6','C162','',#5,#540,$);
#706 = PRODUCT_RELATED_PRODUCT_CATEGORY('part',$,(#542));
#707 = SHAPE_DEFINITION_REPRESENTATION(#708,#714);
#708 = PRODUCT_DEFINITION_SHAPE('','',#709);
#709 = PRODUCT_DEFINITION('design','',#710,#713);
#710 = PRODUCT_DEFINITION_FORMATION('','',#711);
#711 = PRODUCT('ENVELOPE_I32_PROCUREMENT_R160',
  'ENVELOPE_I32_PROCUREMENT_R160','',(#712));
#712 = PRODUCT_CONTEXT('',#2,'mechanical');
#713 = PRODUCT_DEFINITION_CONTEXT('part definition',#2,'design');
#714 = MANIFOLD_SURFACE_SHAPE_REPRESENTATION('',(#11),#715);
#715 = ( GEOMETRIC_REPRESENTATION_CONTEXT(3) 
GLOBAL_UNCERTAINTY_ASSIGNED_CONTEXT((#719)) GLOBAL_UNIT_ASSIGNED_CONTEXT
((#716,#717,#718)) REPRESENTATION_CONTEXT('Context #1',
  '3D Context with UNIT and UNCERTAINTY') );
#716 = ( LENGTH_UNIT() NAMED_UNIT(*) SI_UNIT(.MILLI.,.METRE.) );
#717 = ( NAMED_UNIT(*) PLANE_ANGLE_UNIT() SI_UNIT($,.RADIAN.) );
#718 = ( NAMED_UNIT(*) SI_UNIT($,.STERADIAN.) SOLID_ANGLE_UNIT() );
#719 = UNCERTAINTY_MEASURE_WITH_UNIT(LENGTH_MEASURE(1.E-07),#716,
  'distance_accuracy_value','confusion accuracy');
#720 = CONTEXT_DEPENDENT_SHAPE_REPRESENTATION(#721,#723);
#721 = ( REPRESENTATION_RELATIONSHIP('','',#714,#10) 
REPRESENTATION_RELATIONSHIP_WITH_TRANSFORMATION(#722) 
SHAPE_REPRESENTATION_RELATIONSHIP() );
#722 = ITEM_DEFINED_TRANSFORMATION('','',#11,#39);
#723 = PRODUCT_DEFINITION_SHAPE('Placement','Placement of an item',#724
  );
#724 = NEXT_ASSEMBLY_USAGE_OCCURRENCE('7','R160','',#5,#709,$);
#725 = PRODUCT_RELATED_PRODUCT_CATEGORY('part',$,(#711));
#726 = SHAPE_DEFINITION_REPRESENTATION(#727,#733);
#727 = PRODUCT_DEFINITION_SHAPE('','',#728);
#728 = PRODUCT_DEFINITION('design','',#729,#732);
#729 = PRODUCT_DEFINITION_FORMATION('','',#730);
#730 = PRODUCT('ENVELOPE_TI_DDA0008B_4214849B',
  'ENVELOPE_TI_DDA0008B_4214849B','',(#731));
#731 = PRODUCT_CONTEXT('',#2,'mechanical');
#732 = PRODUCT_DEFINITION_CONTEXT('part definition',#2,'design');
#733 = ADVANCED_BREP_SHAPE_REPRESENTATION('',(#11,#734),#884);
#734 = MANIFOLD_SOLID_BREP('',#735);
#735 = CLOSED_SHELL('',(#736,#776,#816,#838,#860,#872));
#736 = ADVANCED_FACE('',(#737),#771,.F.);
#737 = FACE_BOUND('',#738,.F.);
#738 = EDGE_LOOP('',(#739,#749,#757,#765));
#739 = ORIENTED_EDGE('',*,*,#740,.F.);
#740 = EDGE_CURVE('',#741,#743,#745,.T.);
#741 = VERTEX_POINT('',#742);
#742 = CARTESIAN_POINT('',(-4.025,-3.,0.));
#743 = VERTEX_POINT('',#744);
#744 = CARTESIAN_POINT('',(-4.025,-3.,1.7));
#745 = LINE('',#746,#747);
#746 = CARTESIAN_POINT('',(-4.025,-3.,0.));
#747 = VECTOR('',#748,1.);
#748 = DIRECTION('',(0.,0.,1.));
#749 = ORIENTED_EDGE('',*,*,#750,.T.);
#750 = EDGE_CURVE('',#741,#751,#753,.T.);
#751 = VERTEX_POINT('',#752);
#752 = CARTESIAN_POINT('',(-4.025,3.,0.));
#753 = LINE('',#754,#755);
#754 = CARTESIAN_POINT('',(-4.025,-3.,0.));
#755 = VECTOR('',#756,1.);
#756 = DIRECTION('',(0.,1.,0.));
#757 = ORIENTED_EDGE('',*,*,#758,.T.);
#758 = EDGE_CURVE('',#751,#759,#761,.T.);
#759 = VERTEX_POINT('',#760);
#760 = CARTESIAN_POINT('',(-4.025,3.,1.7));
#761 = LINE('',#762,#763);
#762 = CARTESIAN_POINT('',(-4.025,3.,0.));
#763 = VECTOR('',#764,1.);
#764 = DIRECTION('',(0.,0.,1.));
#765 = ORIENTED_EDGE('',*,*,#766,.F.);
#766 = EDGE_CURVE('',#743,#759,#767,.T.);
#767 = LINE('',#768,#769);
#768 = CARTESIAN_POINT('',(-4.025,-3.,1.7));
#769 = VECTOR('',#770,1.);
#770 = DIRECTION('',(0.,1.,0.));
#771 = PLANE('',#772);
#772 = AXIS2_PLACEMENT_3D('',#773,#774,#775);
#773 = CARTESIAN_POINT('',(-4.025,-3.,0.));
#774 = DIRECTION('',(1.,0.,0.));
#775 = DIRECTION('',(0.,0.,1.));
#776 = ADVANCED_FACE('',(#777),#811,.T.);
#777 = FACE_BOUND('',#778,.T.);
#778 = EDGE_LOOP('',(#779,#789,#797,#805));
#779 = ORIENTED_EDGE('',*,*,#780,.F.);
#780 = EDGE_CURVE('',#781,#783,#785,.T.);
#781 = VERTEX_POINT('',#782);
#782 = CARTESIAN_POINT('',(4.025,-3.,0.));
#783 = VERTEX_POINT('',#784);
#784 = CARTESIAN_POINT('',(4.025,-3.,1.7));
#785 = LINE('',#786,#787);
#786 = CARTESIAN_POINT('',(4.025,-3.,0.));
#787 = VECTOR('',#788,1.);
#788 = DIRECTION('',(0.,0.,1.));
#789 = ORIENTED_EDGE('',*,*,#790,.T.);
#790 = EDGE_CURVE('',#781,#791,#793,.T.);
#791 = VERTEX_POINT('',#792);
#792 = CARTESIAN_POINT('',(4.025,3.,0.));
#793 = LINE('',#794,#795);
#794 = CARTESIAN_POINT('',(4.025,-3.,0.));
#795 = VECTOR('',#796,1.);
#796 = DIRECTION('',(0.,1.,0.));
#797 = ORIENTED_EDGE('',*,*,#798,.T.);
#798 = EDGE_CURVE('',#791,#799,#801,.T.);
#799 = VERTEX_POINT('',#800);
#800 = CARTESIAN_POINT('',(4.025,3.,1.7));
#801 = LINE('',#802,#803);
#802 = CARTESIAN_POINT('',(4.025,3.,0.));
#803 = VECTOR('',#804,1.);
#804 = DIRECTION('',(0.,0.,1.));
#805 = ORIENTED_EDGE('',*,*,#806,.F.);
#806 = EDGE_CURVE('',#783,#799,#807,.T.);
#807 = LINE('',#808,#809);
#808 = CARTESIAN_POINT('',(4.025,-3.,1.7));
#809 = VECTOR('',#810,1.);
#810 = DIRECTION('',(0.,1.,0.));
#811 = PLANE('',#812);
#812 = AXIS2_PLACEMENT_3D('',#813,#814,#815);
#813 = CARTESIAN_POINT('',(4.025,-3.,0.));
#814 = DIRECTION('',(1.,0.,0.));
#815 = DIRECTION('',(0.,0.,1.));
#816 = ADVANCED_FACE('',(#817),#833,.F.);
#817 = FACE_BOUND('',#818,.F.);
#818 = EDGE_LOOP('',(#819,#825,#826,#832));
#819 = ORIENTED_EDGE('',*,*,#820,.F.);
#820 = EDGE_CURVE('',#741,#781,#821,.T.);
#821 = LINE('',#822,#823);
#822 = CARTESIAN_POINT('',(-4.025,-3.,0.));
#823 = VECTOR('',#824,1.);
#824 = DIRECTION('',(1.,0.,0.));
#825 = ORIENTED_EDGE('',*,*,#740,.T.);
#826 = ORIENTED_EDGE('',*,*,#827,.T.);
#827 = EDGE_CURVE('',#743,#783,#828,.T.);
#828 = LINE('',#829,#830);
#829 = CARTESIAN_POINT('',(-4.025,-3.,1.7));
#830 = VECTOR('',#831,1.);
#831 = DIRECTION('',(1.,0.,0.));
#832 = ORIENTED_EDGE('',*,*,#780,.F.);
#833 = PLANE('',#834);
#834 = AXIS2_PLACEMENT_3D('',#835,#836,#837);
#835 = CARTESIAN_POINT('',(-4.025,-3.,0.));
#836 = DIRECTION('',(0.,1.,0.));
#837 = DIRECTION('',(0.,-0.,1.));
#838 = ADVANCED_FACE('',(#839),#855,.T.);
#839 = FACE_BOUND('',#840,.T.);
#840 = EDGE_LOOP('',(#841,#847,#848,#854));
#841 = ORIENTED_EDGE('',*,*,#842,.F.);
#842 = EDGE_CURVE('',#751,#791,#843,.T.);
#843 = LINE('',#844,#845);
#844 = CARTESIAN_POINT('',(-4.025,3.,0.));
#845 = VECTOR('',#846,1.);
#846 = DIRECTION('',(1.,0.,0.));
#847 = ORIENTED_EDGE('',*,*,#758,.T.);
#848 = ORIENTED_EDGE('',*,*,#849,.T.);
#849 = EDGE_CURVE('',#759,#799,#850,.T.);
#850 = LINE('',#851,#852);
#851 = CARTESIAN_POINT('',(-4.025,3.,1.7));
#852 = VECTOR('',#853,1.);
#853 = DIRECTION('',(1.,0.,0.));
#854 = ORIENTED_EDGE('',*,*,#798,.F.);
#855 = PLANE('',#856);
#856 = AXIS2_PLACEMENT_3D('',#857,#858,#859);
#857 = CARTESIAN_POINT('',(-4.025,3.,0.));
#858 = DIRECTION('',(0.,1.,0.));
#859 = DIRECTION('',(0.,-0.,1.));
#860 = ADVANCED_FACE('',(#861),#867,.F.);
#861 = FACE_BOUND('',#862,.F.);
#862 = EDGE_LOOP('',(#863,#864,#865,#866));
#863 = ORIENTED_EDGE('',*,*,#750,.F.);
#864 = ORIENTED_EDGE('',*,*,#820,.T.);
#865 = ORIENTED_EDGE('',*,*,#790,.T.);
#866 = ORIENTED_EDGE('',*,*,#842,.F.);
#867 = PLANE('',#868);
#868 = AXIS2_PLACEMENT_3D('',#869,#870,#871);
#869 = CARTESIAN_POINT('',(-4.025,-3.,0.));
#870 = DIRECTION('',(0.,0.,1.));
#871 = DIRECTION('',(1.,0.,-0.));
#872 = ADVANCED_FACE('',(#873),#879,.T.);
#873 = FACE_BOUND('',#874,.T.);
#874 = EDGE_LOOP('',(#875,#876,#877,#878));
#875 = ORIENTED_EDGE('',*,*,#766,.F.);
#876 = ORIENTED_EDGE('',*,*,#827,.T.);
#877 = ORIENTED_EDGE('',*,*,#806,.T.);
#878 = ORIENTED_EDGE('',*,*,#849,.F.);
#879 = PLANE('',#880);
#880 = AXIS2_PLACEMENT_3D('',#881,#882,#883);
#881 = CARTESIAN_POINT('',(-4.025,-3.,1.7));
#882 = DIRECTION('',(0.,0.,1.));
#883 = DIRECTION('',(1.,0.,-0.));
#884 = ( GEOMETRIC_REPRESENTATION_CONTEXT(3) 
GLOBAL_UNCERTAINTY_ASSIGNED_CONTEXT((#888)) GLOBAL_UNIT_ASSIGNED_CONTEXT
((#885,#886,#887)) REPRESENTATION_CONTEXT('Context #1',
  '3D Context with UNIT and UNCERTAINTY') );
#885 = ( LENGTH_UNIT() NAMED_UNIT(*) SI_UNIT(.MILLI.,.METRE.) );
#886 = ( NAMED_UNIT(*) PLANE_ANGLE_UNIT() SI_UNIT($,.RADIAN.) );
#887 = ( NAMED_UNIT(*) SI_UNIT($,.STERADIAN.) SOLID_ANGLE_UNIT() );
#888 = UNCERTAINTY_MEASURE_WITH_UNIT(LENGTH_MEASURE(1.E-07),#885,
  'distance_accuracy_value','confusion accuracy');
#889 = CONTEXT_DEPENDENT_SHAPE_REPRESENTATION(#890,#892);
#890 = ( REPRESENTATION_RELATIONSHIP('','',#733,#10) 
REPRESENTATION_RELATIONSHIP_WITH_TRANSFORMATION(#891) 
SHAPE_REPRESENTATION_RELATIONSHIP() );
#891 = ITEM_DEFINED_TRANSFORMATION('','',#11,#43);
#892 = PRODUCT_DEFINITION_SHAPE('Placement','Placement of an item',#893
  );
#893 = NEXT_ASSEMBLY_USAGE_OCCURRENCE('8','U121','',#5,#728,$);
#894 = PRODUCT_RELATED_PRODUCT_CATEGORY('part',$,(#730));
#895 = CONTEXT_DEPENDENT_SHAPE_REPRESENTATION(#896,#898);
#896 = ( REPRESENTATION_RELATIONSHIP('','',#545,#10) 
REPRESENTATION_RELATIONSHIP_WITH_TRANSFORMATION(#897) 
SHAPE_REPRESENTATION_RELATIONSHIP() );
#897 = ITEM_DEFINED_TRANSFORMATION('','',#11,#47);
#898 = PRODUCT_DEFINITION_SHAPE('Placement','Placement of an item',#899
  );
#899 = NEXT_ASSEMBLY_USAGE_OCCURRENCE('9','C206','',#5,#540,$);
#900 = CONTEXT_DEPENDENT_SHAPE_REPRESENTATION(#901,#903);
#901 = ( REPRESENTATION_RELATIONSHIP('','',#183,#10) 
REPRESENTATION_RELATIONSHIP_WITH_TRANSFORMATION(#902) 
SHAPE_REPRESENTATION_RELATIONSHIP() );
#902 = ITEM_DEFINED_TRANSFORMATION('','',#11,#51);
#903 = PRODUCT_DEFINITION_SHAPE('Placement','Placement of an item',#904
  );
#904 = NEXT_ASSEMBLY_USAGE_OCCURRENCE('10','C505','',#5,#178,$);
#905 = SHAPE_DEFINITION_REPRESENTATION(#906,#912);
#906 = PRODUCT_DEFINITION_SHAPE('','',#907);
#907 = PRODUCT_DEFINITION('design','',#908,#911);
#908 = PRODUCT_DEFINITION_FORMATION('','',#909);
#909 = PRODUCT('ENVELOPE_CDTop_PA1616D_20Pad_v06',
  'ENVELOPE_CDTop_PA1616D_20Pad_v06','',(#910));
#910 = PRODUCT_CONTEXT('',#2,'mechanical');
#911 = PRODUCT_DEFINITION_CONTEXT('part definition',#2,'design');
#912 = ADVANCED_BREP_SHAPE_REPRESENTATION('',(#11,#913),#1063);
#913 = MANIFOLD_SOLID_BREP('',#914);
#914 = CLOSED_SHELL('',(#915,#955,#995,#1017,#1039,#1051));
#915 = ADVANCED_FACE('',(#916),#950,.F.);
#916 = FACE_BOUND('',#917,.F.);
#917 = EDGE_LOOP('',(#918,#928,#936,#944));
#918 = ORIENTED_EDGE('',*,*,#919,.F.);
#919 = EDGE_CURVE('',#920,#922,#924,.T.);
#920 = VERTEX_POINT('',#921);
#921 = CARTESIAN_POINT('',(-9.35,-8.55,0.));
#922 = VERTEX_POINT('',#923);
#923 = CARTESIAN_POINT('',(-9.35,-8.55,6.9));
#924 = LINE('',#925,#926);
#925 = CARTESIAN_POINT('',(-9.35,-8.55,0.));
#926 = VECTOR('',#927,1.);
#927 = DIRECTION('',(0.,0.,1.));
#928 = ORIENTED_EDGE('',*,*,#929,.T.);
#929 = EDGE_CURVE('',#920,#930,#932,.T.);
#930 = VERTEX_POINT('',#931);
#931 = CARTESIAN_POINT('',(-9.35,8.55,0.));
#932 = LINE('',#933,#934);
#933 = CARTESIAN_POINT('',(-9.35,-8.55,0.));
#934 = VECTOR('',#935,1.);
#935 = DIRECTION('',(0.,1.,0.));
#936 = ORIENTED_EDGE('',*,*,#937,.T.);
#937 = EDGE_CURVE('',#930,#938,#940,.T.);
#938 = VERTEX_POINT('',#939);
#939 = CARTESIAN_POINT('',(-9.35,8.55,6.9));
#940 = LINE('',#941,#942);
#941 = CARTESIAN_POINT('',(-9.35,8.55,0.));
#942 = VECTOR('',#943,1.);
#943 = DIRECTION('',(0.,0.,1.));
#944 = ORIENTED_EDGE('',*,*,#945,.F.);
#945 = EDGE_CURVE('',#922,#938,#946,.T.);
#946 = LINE('',#947,#948);
#947 = CARTESIAN_POINT('',(-9.35,-8.55,6.9));
#948 = VECTOR('',#949,1.);
#949 = DIRECTION('',(0.,1.,0.));
#950 = PLANE('',#951);
#951 = AXIS2_PLACEMENT_3D('',#952,#953,#954);
#952 = CARTESIAN_POINT('',(-9.35,-8.55,0.));
#953 = DIRECTION('',(1.,0.,0.));
#954 = DIRECTION('',(0.,0.,1.));
#955 = ADVANCED_FACE('',(#956),#990,.T.);
#956 = FACE_BOUND('',#957,.T.);
#957 = EDGE_LOOP('',(#958,#968,#976,#984));
#958 = ORIENTED_EDGE('',*,*,#959,.F.);
#959 = EDGE_CURVE('',#960,#962,#964,.T.);
#960 = VERTEX_POINT('',#961);
#961 = CARTESIAN_POINT('',(9.35,-8.55,0.));
#962 = VERTEX_POINT('',#963);
#963 = CARTESIAN_POINT('',(9.35,-8.55,6.9));
#964 = LINE('',#965,#966);
#965 = CARTESIAN_POINT('',(9.35,-8.55,0.));
#966 = VECTOR('',#967,1.);
#967 = DIRECTION('',(0.,0.,1.));
#968 = ORIENTED_EDGE('',*,*,#969,.T.);
#969 = EDGE_CURVE('',#960,#970,#972,.T.);
#970 = VERTEX_POINT('',#971);
#971 = CARTESIAN_POINT('',(9.35,8.55,0.));
#972 = LINE('',#973,#974);
#973 = CARTESIAN_POINT('',(9.35,-8.55,0.));
#974 = VECTOR('',#975,1.);
#975 = DIRECTION('',(0.,1.,0.));
#976 = ORIENTED_EDGE('',*,*,#977,.T.);
#977 = EDGE_CURVE('',#970,#978,#980,.T.);
#978 = VERTEX_POINT('',#979);
#979 = CARTESIAN_POINT('',(9.35,8.55,6.9));
#980 = LINE('',#981,#982);
#981 = CARTESIAN_POINT('',(9.35,8.55,0.));
#982 = VECTOR('',#983,1.);
#983 = DIRECTION('',(0.,0.,1.));
#984 = ORIENTED_EDGE('',*,*,#985,.F.);
#985 = EDGE_CURVE('',#962,#978,#986,.T.);
#986 = LINE('',#987,#988);
#987 = CARTESIAN_POINT('',(9.35,-8.55,6.9));
#988 = VECTOR('',#989,1.);
#989 = DIRECTION('',(0.,1.,0.));
#990 = PLANE('',#991);
#991 = AXIS2_PLACEMENT_3D('',#992,#993,#994);
#992 = CARTESIAN_POINT('',(9.35,-8.55,0.));
#993 = DIRECTION('',(1.,0.,0.));
#994 = DIRECTION('',(0.,0.,1.));
#995 = ADVANCED_FACE('',(#996),#1012,.F.);
#996 = FACE_BOUND('',#997,.F.);
#997 = EDGE_LOOP('',(#998,#1004,#1005,#1011));
#998 = ORIENTED_EDGE('',*,*,#999,.F.);
#999 = EDGE_CURVE('',#920,#960,#1000,.T.);
#1000 = LINE('',#1001,#1002);
#1001 = CARTESIAN_POINT('',(-9.35,-8.55,0.));
#1002 = VECTOR('',#1003,1.);
#1003 = DIRECTION('',(1.,0.,0.));
#1004 = ORIENTED_EDGE('',*,*,#919,.T.);
#1005 = ORIENTED_EDGE('',*,*,#1006,.T.);
#1006 = EDGE_CURVE('',#922,#962,#1007,.T.);
#1007 = LINE('',#1008,#1009);
#1008 = CARTESIAN_POINT('',(-9.35,-8.55,6.9));
#1009 = VECTOR('',#1010,1.);
#1010 = DIRECTION('',(1.,0.,0.));
#1011 = ORIENTED_EDGE('',*,*,#959,.F.);
#1012 = PLANE('',#1013);
#1013 = AXIS2_PLACEMENT_3D('',#1014,#1015,#1016);
#1014 = CARTESIAN_POINT('',(-9.35,-8.55,0.));
#1015 = DIRECTION('',(0.,1.,0.));
#1016 = DIRECTION('',(0.,-0.,1.));
#1017 = ADVANCED_FACE('',(#1018),#1034,.T.);
#1018 = FACE_BOUND('',#1019,.T.);
#1019 = EDGE_LOOP('',(#1020,#1026,#1027,#1033));
#1020 = ORIENTED_EDGE('',*,*,#1021,.F.);
#1021 = EDGE_CURVE('',#930,#970,#1022,.T.);
#1022 = LINE('',#1023,#1024);
#1023 = CARTESIAN_POINT('',(-9.35,8.55,0.));
#1024 = VECTOR('',#1025,1.);
#1025 = DIRECTION('',(1.,0.,0.));
#1026 = ORIENTED_EDGE('',*,*,#937,.T.);
#1027 = ORIENTED_EDGE('',*,*,#1028,.T.);
#1028 = EDGE_CURVE('',#938,#978,#1029,.T.);
#1029 = LINE('',#1030,#1031);
#1030 = CARTESIAN_POINT('',(-9.35,8.55,6.9));
#1031 = VECTOR('',#1032,1.);
#1032 = DIRECTION('',(1.,0.,0.));
#1033 = ORIENTED_EDGE('',*,*,#977,.F.);
#1034 = PLANE('',#1035);
#1035 = AXIS2_PLACEMENT_3D('',#1036,#1037,#1038);
#1036 = CARTESIAN_POINT('',(-9.35,8.55,0.));
#1037 = DIRECTION('',(0.,1.,0.));
#1038 = DIRECTION('',(0.,-0.,1.));
#1039 = ADVANCED_FACE('',(#1040),#1046,.F.);
#1040 = FACE_BOUND('',#1041,.F.);
#1041 = EDGE_LOOP('',(#1042,#1043,#1044,#1045));
#1042 = ORIENTED_EDGE('',*,*,#929,.F.);
#1043 = ORIENTED_EDGE('',*,*,#999,.T.);
#1044 = ORIENTED_EDGE('',*,*,#969,.T.);
#1045 = ORIENTED_EDGE('',*,*,#1021,.F.);
#1046 = PLANE('',#1047);
#1047 = AXIS2_PLACEMENT_3D('',#1048,#1049,#1050);
#1048 = CARTESIAN_POINT('',(-9.35,-8.55,0.));
#1049 = DIRECTION('',(0.,0.,1.));
#1050 = DIRECTION('',(1.,0.,-0.));
#1051 = ADVANCED_FACE('',(#1052),#1058,.T.);
#1052 = FACE_BOUND('',#1053,.T.);
#1053 = EDGE_LOOP('',(#1054,#1055,#1056,#1057));
#1054 = ORIENTED_EDGE('',*,*,#945,.F.);
#1055 = ORIENTED_EDGE('',*,*,#1006,.T.);
#1056 = ORIENTED_EDGE('',*,*,#985,.T.);
#1057 = ORIENTED_EDGE('',*,*,#1028,.F.);
#1058 = PLANE('',#1059);
#1059 = AXIS2_PLACEMENT_3D('',#1060,#1061,#1062);
#1060 = CARTESIAN_POINT('',(-9.35,-8.55,6.9));
#1061 = DIRECTION('',(0.,0.,1.));
#1062 = DIRECTION('',(1.,0.,-0.));
#1063 = ( GEOMETRIC_REPRESENTATION_CONTEXT(3) 
GLOBAL_UNCERTAINTY_ASSIGNED_CONTEXT((#1067)) 
GLOBAL_UNIT_ASSIGNED_CONTEXT((#1064,#1065,#1066)) REPRESENTATION_CONTEXT
('Context #1','3D Context with UNIT and UNCERTAINTY') );
#1064 = ( LENGTH_UNIT() NAMED_UNIT(*) SI_UNIT(.MILLI.,.METRE.) );
#1065 = ( NAMED_UNIT(*) PLANE_ANGLE_UNIT() SI_UNIT($,.RADIAN.) );
#1066 = ( NAMED_UNIT(*) SI_UNIT($,.STERADIAN.) SOLID_ANGLE_UNIT() );
#1067 = UNCERTAINTY_MEASURE_WITH_UNIT(LENGTH_MEASURE(1.E-07),#1064,
  'distance_accuracy_value','confusion accuracy');
#1068 = CONTEXT_DEPENDENT_SHAPE_REPRESENTATION(#1069,#1071);
#1069 = ( REPRESENTATION_RELATIONSHIP('','',#912,#10) 
REPRESENTATION_RELATIONSHIP_WITH_TRANSFORMATION(#1070) 
SHAPE_REPRESENTATION_RELATIONSHIP() );
#1070 = ITEM_DEFINED_TRANSFORMATION('','',#11,#55);
#1071 = PRODUCT_DEFINITION_SHAPE('Placement','Placement of an item',
  #1072);
#1072 = NEXT_ASSEMBLY_USAGE_OCCURRENCE('11','U401','',#5,#907,$);
#1073 = PRODUCT_RELATED_PRODUCT_CATEGORY('part',$,(#909));
#1074 = SHAPE_DEFINITION_REPRESENTATION(#1075,#1081);
#1075 = PRODUCT_DEFINITION_SHAPE('','',#1076);
#1076 = PRODUCT_DEFINITION('design','',#1077,#1080);
#1077 = PRODUCT_DEFINITION_FORMATION('','',#1078);
#1078 = PRODUCT('ENVELOPE_I32_PROCUREMENT_L121',
  'ENVELOPE_I32_PROCUREMENT_L121','',(#1079));
#1079 = PRODUCT_CONTEXT('',#2,'mechanical');
#1080 = PRODUCT_DEFINITION_CONTEXT('part definition',#2,'design');
#1081 = MANIFOLD_SURFACE_SHAPE_REPRESENTATION('',(#11),#1082);
#1082 = ( GEOMETRIC_REPRESENTATION_CONTEXT(3) 
GLOBAL_UNCERTAINTY_ASSIGNED_CONTEXT((#1086)) 
GLOBAL_UNIT_ASSIGNED_CONTEXT((#1083,#1084,#1085)) REPRESENTATION_CONTEXT
('Context #1','3D Context with UNIT and UNCERTAINTY') );
#1083 = ( LENGTH_UNIT() NAMED_UNIT(*) SI_UNIT(.MILLI.,.METRE.) );
#1084 = ( NAMED_UNIT(*) PLANE_ANGLE_UNIT() SI_UNIT($,.RADIAN.) );
#1085 = ( NAMED_UNIT(*) SI_UNIT($,.STERADIAN.) SOLID_ANGLE_UNIT() );
#1086 = UNCERTAINTY_MEASURE_WITH_UNIT(LENGTH_MEASURE(1.E-07),#1083,
  'distance_accuracy_value','confusion accuracy');
#1087 = CONTEXT_DEPENDENT_SHAPE_REPRESENTATION(#1088,#1090);
#1088 = ( REPRESENTATION_RELATIONSHIP('','',#1081,#10) 
REPRESENTATION_RELATIONSHIP_WITH_TRANSFORMATION(#1089) 
SHAPE_REPRESENTATION_RELATIONSHIP() );
#1089 = ITEM_DEFINED_TRANSFORMATION('','',#11,#59);
#1090 = PRODUCT_DEFINITION_SHAPE('Placement','Placement of an item',
  #1091);
#1091 = NEXT_ASSEMBLY_USAGE_OCCURRENCE('12','L121','',#5,#1076,$);
#1092 = PRODUCT_RELATED_PRODUCT_CATEGORY('part',$,(#1078));
#1093 = SHAPE_DEFINITION_REPRESENTATION(#1094,#1100);
#1094 = PRODUCT_DEFINITION_SHAPE('','',#1095);
#1095 = PRODUCT_DEFINITION('design','',#1096,#1099);
#1096 = PRODUCT_DEFINITION_FORMATION('','',#1097);
#1097 = PRODUCT('ENVELOPE_R_0603_1608Metric_RVB22_R157',
  'ENVELOPE_R_0603_1608Metric_RVB22_R157','',(#1098));
#1098 = PRODUCT_CONTEXT('',#2,'mechanical');
#1099 = PRODUCT_DEFINITION_CONTEXT('part definition',#2,'design');
#1100 = ADVANCED_BREP_SHAPE_REPRESENTATION('',(#11,#1101),#1251);
#1101 = MANIFOLD_SOLID_BREP('',#1102);
#1102 = CLOSED_SHELL('',(#1103,#1143,#1183,#1205,#1227,#1239));
#1103 = ADVANCED_FACE('',(#1104),#1138,.F.);
#1104 = FACE_BOUND('',#1105,.F.);
#1105 = EDGE_LOOP('',(#1106,#1116,#1124,#1132));
#1106 = ORIENTED_EDGE('',*,*,#1107,.F.);
#1107 = EDGE_CURVE('',#1108,#1110,#1112,.T.);
#1108 = VERTEX_POINT('',#1109);
#1109 = CARTESIAN_POINT('',(-1.805,-1.055,0.));
#1110 = VERTEX_POINT('',#1111);
#1111 = CARTESIAN_POINT('',(-1.805,-1.055,0.5));
#1112 = LINE('',#1113,#1114);
#1113 = CARTESIAN_POINT('',(-1.805,-1.055,0.));
#1114 = VECTOR('',#1115,1.);
#1115 = DIRECTION('',(0.,0.,1.));
#1116 = ORIENTED_EDGE('',*,*,#1117,.T.);
#1117 = EDGE_CURVE('',#1108,#1118,#1120,.T.);
#1118 = VERTEX_POINT('',#1119);
#1119 = CARTESIAN_POINT('',(-1.805,1.055,0.));
#1120 = LINE('',#1121,#1122);
#1121 = CARTESIAN_POINT('',(-1.805,-1.055,0.));
#1122 = VECTOR('',#1123,1.);
#1123 = DIRECTION('',(0.,1.,0.));
#1124 = ORIENTED_EDGE('',*,*,#1125,.T.);
#1125 = EDGE_CURVE('',#1118,#1126,#1128,.T.);
#1126 = VERTEX_POINT('',#1127);
#1127 = CARTESIAN_POINT('',(-1.805,1.055,0.5));
#1128 = LINE('',#1129,#1130);
#1129 = CARTESIAN_POINT('',(-1.805,1.055,0.));
#1130 = VECTOR('',#1131,1.);
#1131 = DIRECTION('',(0.,0.,1.));
#1132 = ORIENTED_EDGE('',*,*,#1133,.F.);
#1133 = EDGE_CURVE('',#1110,#1126,#1134,.T.);
#1134 = LINE('',#1135,#1136);
#1135 = CARTESIAN_POINT('',(-1.805,-1.055,0.5));
#1136 = VECTOR('',#1137,1.);
#1137 = DIRECTION('',(0.,1.,0.));
#1138 = PLANE('',#1139);
#1139 = AXIS2_PLACEMENT_3D('',#1140,#1141,#1142);
#1140 = CARTESIAN_POINT('',(-1.805,-1.055,0.));
#1141 = DIRECTION('',(1.,0.,0.));
#1142 = DIRECTION('',(0.,0.,1.));
#1143 = ADVANCED_FACE('',(#1144),#1178,.T.);
#1144 = FACE_BOUND('',#1145,.T.);
#1145 = EDGE_LOOP('',(#1146,#1156,#1164,#1172));
#1146 = ORIENTED_EDGE('',*,*,#1147,.F.);
#1147 = EDGE_CURVE('',#1148,#1150,#1152,.T.);
#1148 = VERTEX_POINT('',#1149);
#1149 = CARTESIAN_POINT('',(1.805,-1.055,0.));
#1150 = VERTEX_POINT('',#1151);
#1151 = CARTESIAN_POINT('',(1.805,-1.055,0.5));
#1152 = LINE('',#1153,#1154);
#1153 = CARTESIAN_POINT('',(1.805,-1.055,0.));
#1154 = VECTOR('',#1155,1.);
#1155 = DIRECTION('',(0.,0.,1.));
#1156 = ORIENTED_EDGE('',*,*,#1157,.T.);
#1157 = EDGE_CURVE('',#1148,#1158,#1160,.T.);
#1158 = VERTEX_POINT('',#1159);
#1159 = CARTESIAN_POINT('',(1.805,1.055,0.));
#1160 = LINE('',#1161,#1162);
#1161 = CARTESIAN_POINT('',(1.805,-1.055,0.));
#1162 = VECTOR('',#1163,1.);
#1163 = DIRECTION('',(0.,1.,0.));
#1164 = ORIENTED_EDGE('',*,*,#1165,.T.);
#1165 = EDGE_CURVE('',#1158,#1166,#1168,.T.);
#1166 = VERTEX_POINT('',#1167);
#1167 = CARTESIAN_POINT('',(1.805,1.055,0.5));
#1168 = LINE('',#1169,#1170);
#1169 = CARTESIAN_POINT('',(1.805,1.055,0.));
#1170 = VECTOR('',#1171,1.);
#1171 = DIRECTION('',(0.,0.,1.));
#1172 = ORIENTED_EDGE('',*,*,#1173,.F.);
#1173 = EDGE_CURVE('',#1150,#1166,#1174,.T.);
#1174 = LINE('',#1175,#1176);
#1175 = CARTESIAN_POINT('',(1.805,-1.055,0.5));
#1176 = VECTOR('',#1177,1.);
#1177 = DIRECTION('',(0.,1.,0.));
#1178 = PLANE('',#1179);
#1179 = AXIS2_PLACEMENT_3D('',#1180,#1181,#1182);
#1180 = CARTESIAN_POINT('',(1.805,-1.055,0.));
#1181 = DIRECTION('',(1.,0.,0.));
#1182 = DIRECTION('',(0.,0.,1.));
#1183 = ADVANCED_FACE('',(#1184),#1200,.F.);
#1184 = FACE_BOUND('',#1185,.F.);
#1185 = EDGE_LOOP('',(#1186,#1192,#1193,#1199));
#1186 = ORIENTED_EDGE('',*,*,#1187,.F.);
#1187 = EDGE_CURVE('',#1108,#1148,#1188,.T.);
#1188 = LINE('',#1189,#1190);
#1189 = CARTESIAN_POINT('',(-1.805,-1.055,0.));
#1190 = VECTOR('',#1191,1.);
#1191 = DIRECTION('',(1.,0.,0.));
#1192 = ORIENTED_EDGE('',*,*,#1107,.T.);
#1193 = ORIENTED_EDGE('',*,*,#1194,.T.);
#1194 = EDGE_CURVE('',#1110,#1150,#1195,.T.);
#1195 = LINE('',#1196,#1197);
#1196 = CARTESIAN_POINT('',(-1.805,-1.055,0.5));
#1197 = VECTOR('',#1198,1.);
#1198 = DIRECTION('',(1.,0.,0.));
#1199 = ORIENTED_EDGE('',*,*,#1147,.F.);
#1200 = PLANE('',#1201);
#1201 = AXIS2_PLACEMENT_3D('',#1202,#1203,#1204);
#1202 = CARTESIAN_POINT('',(-1.805,-1.055,0.));
#1203 = DIRECTION('',(0.,1.,0.));
#1204 = DIRECTION('',(0.,-0.,1.));
#1205 = ADVANCED_FACE('',(#1206),#1222,.T.);
#1206 = FACE_BOUND('',#1207,.T.);
#1207 = EDGE_LOOP('',(#1208,#1214,#1215,#1221));
#1208 = ORIENTED_EDGE('',*,*,#1209,.F.);
#1209 = EDGE_CURVE('',#1118,#1158,#1210,.T.);
#1210 = LINE('',#1211,#1212);
#1211 = CARTESIAN_POINT('',(-1.805,1.055,0.));
#1212 = VECTOR('',#1213,1.);
#1213 = DIRECTION('',(1.,0.,0.));
#1214 = ORIENTED_EDGE('',*,*,#1125,.T.);
#1215 = ORIENTED_EDGE('',*,*,#1216,.T.);
#1216 = EDGE_CURVE('',#1126,#1166,#1217,.T.);
#1217 = LINE('',#1218,#1219);
#1218 = CARTESIAN_POINT('',(-1.805,1.055,0.5));
#1219 = VECTOR('',#1220,1.);
#1220 = DIRECTION('',(1.,0.,0.));
#1221 = ORIENTED_EDGE('',*,*,#1165,.F.);
#1222 = PLANE('',#1223);
#1223 = AXIS2_PLACEMENT_3D('',#1224,#1225,#1226);
#1224 = CARTESIAN_POINT('',(-1.805,1.055,0.));
#1225 = DIRECTION('',(0.,1.,0.));
#1226 = DIRECTION('',(0.,-0.,1.));
#1227 = ADVANCED_FACE('',(#1228),#1234,.F.);
#1228 = FACE_BOUND('',#1229,.F.);
#1229 = EDGE_LOOP('',(#1230,#1231,#1232,#1233));
#1230 = ORIENTED_EDGE('',*,*,#1117,.F.);
#1231 = ORIENTED_EDGE('',*,*,#1187,.T.);
#1232 = ORIENTED_EDGE('',*,*,#1157,.T.);
#1233 = ORIENTED_EDGE('',*,*,#1209,.F.);
#1234 = PLANE('',#1235);
#1235 = AXIS2_PLACEMENT_3D('',#1236,#1237,#1238);
#1236 = CARTESIAN_POINT('',(-1.805,-1.055,0.));
#1237 = DIRECTION('',(0.,0.,1.));
#1238 = DIRECTION('',(1.,0.,-0.));
#1239 = ADVANCED_FACE('',(#1240),#1246,.T.);
#1240 = FACE_BOUND('',#1241,.T.);
#1241 = EDGE_LOOP('',(#1242,#1243,#1244,#1245));
#1242 = ORIENTED_EDGE('',*,*,#1133,.F.);
#1243 = ORIENTED_EDGE('',*,*,#1194,.T.);
#1244 = ORIENTED_EDGE('',*,*,#1173,.T.);
#1245 = ORIENTED_EDGE('',*,*,#1216,.F.);
#1246 = PLANE('',#1247);
#1247 = AXIS2_PLACEMENT_3D('',#1248,#1249,#1250);
#1248 = CARTESIAN_POINT('',(-1.805,-1.055,0.5));
#1249 = DIRECTION('',(0.,0.,1.));
#1250 = DIRECTION('',(1.,0.,-0.));
#1251 = ( GEOMETRIC_REPRESENTATION_CONTEXT(3) 
GLOBAL_UNCERTAINTY_ASSIGNED_CONTEXT((#1255)) 
GLOBAL_UNIT_ASSIGNED_CONTEXT((#1252,#1253,#1254)) REPRESENTATION_CONTEXT
('Context #1','3D Context with UNIT and UNCERTAINTY') );
#1252 = ( LENGTH_UNIT() NAMED_UNIT(*) SI_UNIT(.MILLI.,.METRE.) );
#1253 = ( NAMED_UNIT(*) PLANE_ANGLE_UNIT() SI_UNIT($,.RADIAN.) );
#1254 = ( NAMED_UNIT(*) SI_UNIT($,.STERADIAN.) SOLID_ANGLE_UNIT() );
#1255 = UNCERTAINTY_MEASURE_WITH_UNIT(LENGTH_MEASURE(1.E-07),#1252,
  'distance_accuracy_value','confusion accuracy');
#1256 = CONTEXT_DEPENDENT_SHAPE_REPRESENTATION(#1257,#1259);
#1257 = ( REPRESENTATION_RELATIONSHIP('','',#1100,#10) 
REPRESENTATION_RELATIONSHIP_WITH_TRANSFORMATION(#1258) 
SHAPE_REPRESENTATION_RELATIONSHIP() );
#1258 = ITEM_DEFINED_TRANSFORMATION('','',#11,#63);
#1259 = PRODUCT_DEFINITION_SHAPE('Placement','Placement of an item',
  #1260);
#1260 = NEXT_ASSEMBLY_USAGE_OCCURRENCE('13','R157','',#5,#1095,$);
#1261 = PRODUCT_RELATED_PRODUCT_CATEGORY('part',$,(#1097));
#1262 = SHAPE_DEFINITION_REPRESENTATION(#1263,#1269);
#1263 = PRODUCT_DEFINITION_SHAPE('','',#1264);
#1264 = PRODUCT_DEFINITION('design','',#1265,#1268);
#1265 = PRODUCT_DEFINITION_FORMATION('','',#1266);
#1266 = PRODUCT(
'ENVELOPE_Molex_Micro-Fit_3.0_43045-1200_2x06_P3.00mm_Horizontal_RVB22_
F1',
'ENVELOPE_Molex_Micro-Fit_3.0_43045-1200_2x06_P3.00mm_Horizontal_RVB22_
F1','',(#1267));
#1267 = PRODUCT_CONTEXT('',#2,'mechanical');
#1268 = PRODUCT_DEFINITION_CONTEXT('part definition',#2,'design');
#1269 = ADVANCED_BREP_SHAPE_REPRESENTATION('',(#11,#1270),#1420);
#1270 = MANIFOLD_SOLID_BREP('',#1271);
#1271 = CLOSED_SHELL('',(#1272,#1312,#1352,#1374,#1396,#1408));
#1272 = ADVANCED_FACE('',(#1273),#1307,.F.);
#1273 = FACE_BOUND('',#1274,.F.);
#1274 = EDGE_LOOP('',(#1275,#1285,#1293,#1301));
#1275 = ORIENTED_EDGE('',*,*,#1276,.F.);
#1276 = EDGE_CURVE('',#1277,#1279,#1281,.T.);
#1277 = VERTEX_POINT('',#1278);
#1278 = CARTESIAN_POINT('',(-4.38,-4.55,0.));
#1279 = VERTEX_POINT('',#1280);
#1280 = CARTESIAN_POINT('',(-4.38,-4.55,9.27));
#1281 = LINE('',#1282,#1283);
#1282 = CARTESIAN_POINT('',(-4.38,-4.55,0.));
#1283 = VECTOR('',#1284,1.);
#1284 = DIRECTION('',(0.,0.,1.));
#1285 = ORIENTED_EDGE('',*,*,#1286,.T.);
#1286 = EDGE_CURVE('',#1277,#1287,#1289,.T.);
#1287 = VERTEX_POINT('',#1288);
#1288 = CARTESIAN_POINT('',(-4.38,9.72,0.));
#1289 = LINE('',#1290,#1291);
#1290 = CARTESIAN_POINT('',(-4.38,-4.55,0.));
#1291 = VECTOR('',#1292,1.);
#1292 = DIRECTION('',(0.,1.,0.));
#1293 = ORIENTED_EDGE('',*,*,#1294,.T.);
#1294 = EDGE_CURVE('',#1287,#1295,#1297,.T.);
#1295 = VERTEX_POINT('',#1296);
#1296 = CARTESIAN_POINT('',(-4.38,9.72,9.27));
#1297 = LINE('',#1298,#1299);
#1298 = CARTESIAN_POINT('',(-4.38,9.72,0.));
#1299 = VECTOR('',#1300,1.);
#1300 = DIRECTION('',(0.,0.,1.));
#1301 = ORIENTED_EDGE('',*,*,#1302,.F.);
#1302 = EDGE_CURVE('',#1279,#1295,#1303,.T.);
#1303 = LINE('',#1304,#1305);
#1304 = CARTESIAN_POINT('',(-4.38,-4.55,9.27));
#1305 = VECTOR('',#1306,1.);
#1306 = DIRECTION('',(0.,1.,0.));
#1307 = PLANE('',#1308);
#1308 = AXIS2_PLACEMENT_3D('',#1309,#1310,#1311);
#1309 = CARTESIAN_POINT('',(-4.38,-4.55,0.));
#1310 = DIRECTION('',(1.,0.,0.));
#1311 = DIRECTION('',(0.,0.,1.));
#1312 = ADVANCED_FACE('',(#1313),#1347,.T.);
#1313 = FACE_BOUND('',#1314,.T.);
#1314 = EDGE_LOOP('',(#1315,#1325,#1333,#1341));
#1315 = ORIENTED_EDGE('',*,*,#1316,.F.);
#1316 = EDGE_CURVE('',#1317,#1319,#1321,.T.);
#1317 = VERTEX_POINT('',#1318);
#1318 = CARTESIAN_POINT('',(19.38,-4.55,0.));
#1319 = VERTEX_POINT('',#1320);
#1320 = CARTESIAN_POINT('',(19.38,-4.55,9.27));
#1321 = LINE('',#1322,#1323);
#1322 = CARTESIAN_POINT('',(19.38,-4.55,0.));
#1323 = VECTOR('',#1324,1.);
#1324 = DIRECTION('',(0.,0.,1.));
#1325 = ORIENTED_EDGE('',*,*,#1326,.T.);
#1326 = EDGE_CURVE('',#1317,#1327,#1329,.T.);
#1327 = VERTEX_POINT('',#1328);
#1328 = CARTESIAN_POINT('',(19.38,9.72,0.));
#1329 = LINE('',#1330,#1331);
#1330 = CARTESIAN_POINT('',(19.38,-4.55,0.));
#1331 = VECTOR('',#1332,1.);
#1332 = DIRECTION('',(0.,1.,0.));
#1333 = ORIENTED_EDGE('',*,*,#1334,.T.);
#1334 = EDGE_CURVE('',#1327,#1335,#1337,.T.);
#1335 = VERTEX_POINT('',#1336);
#1336 = CARTESIAN_POINT('',(19.38,9.72,9.27));
#1337 = LINE('',#1338,#1339);
#1338 = CARTESIAN_POINT('',(19.38,9.72,0.));
#1339 = VECTOR('',#1340,1.);
#1340 = DIRECTION('',(0.,0.,1.));
#1341 = ORIENTED_EDGE('',*,*,#1342,.F.);
#1342 = EDGE_CURVE('',#1319,#1335,#1343,.T.);
#1343 = LINE('',#1344,#1345);
#1344 = CARTESIAN_POINT('',(19.38,-4.55,9.27));
#1345 = VECTOR('',#1346,1.);
#1346 = DIRECTION('',(0.,1.,0.));
#1347 = PLANE('',#1348);
#1348 = AXIS2_PLACEMENT_3D('',#1349,#1350,#1351);
#1349 = CARTESIAN_POINT('',(19.38,-4.55,0.));
#1350 = DIRECTION('',(1.,0.,0.));
#1351 = DIRECTION('',(0.,0.,1.));
#1352 = ADVANCED_FACE('',(#1353),#1369,.F.);
#1353 = FACE_BOUND('',#1354,.F.);
#1354 = EDGE_LOOP('',(#1355,#1361,#1362,#1368));
#1355 = ORIENTED_EDGE('',*,*,#1356,.F.);
#1356 = EDGE_CURVE('',#1277,#1317,#1357,.T.);
#1357 = LINE('',#1358,#1359);
#1358 = CARTESIAN_POINT('',(-4.38,-4.55,0.));
#1359 = VECTOR('',#1360,1.);
#1360 = DIRECTION('',(1.,0.,0.));
#1361 = ORIENTED_EDGE('',*,*,#1276,.T.);
#1362 = ORIENTED_EDGE('',*,*,#1363,.T.);
#1363 = EDGE_CURVE('',#1279,#1319,#1364,.T.);
#1364 = LINE('',#1365,#1366);
#1365 = CARTESIAN_POINT('',(-4.38,-4.55,9.27));
#1366 = VECTOR('',#1367,1.);
#1367 = DIRECTION('',(1.,0.,0.));
#1368 = ORIENTED_EDGE('',*,*,#1316,.F.);
#1369 = PLANE('',#1370);
#1370 = AXIS2_PLACEMENT_3D('',#1371,#1372,#1373);
#1371 = CARTESIAN_POINT('',(-4.38,-4.55,0.));
#1372 = DIRECTION('',(0.,1.,0.));
#1373 = DIRECTION('',(0.,-0.,1.));
#1374 = ADVANCED_FACE('',(#1375),#1391,.T.);
#1375 = FACE_BOUND('',#1376,.T.);
#1376 = EDGE_LOOP('',(#1377,#1383,#1384,#1390));
#1377 = ORIENTED_EDGE('',*,*,#1378,.F.);
#1378 = EDGE_CURVE('',#1287,#1327,#1379,.T.);
#1379 = LINE('',#1380,#1381);
#1380 = CARTESIAN_POINT('',(-4.38,9.72,0.));
#1381 = VECTOR('',#1382,1.);
#1382 = DIRECTION('',(1.,0.,0.));
#1383 = ORIENTED_EDGE('',*,*,#1294,.T.);
#1384 = ORIENTED_EDGE('',*,*,#1385,.T.);
#1385 = EDGE_CURVE('',#1295,#1335,#1386,.T.);
#1386 = LINE('',#1387,#1388);
#1387 = CARTESIAN_POINT('',(-4.38,9.72,9.27));
#1388 = VECTOR('',#1389,1.);
#1389 = DIRECTION('',(1.,0.,0.));
#1390 = ORIENTED_EDGE('',*,*,#1334,.F.);
#1391 = PLANE('',#1392);
#1392 = AXIS2_PLACEMENT_3D('',#1393,#1394,#1395);
#1393 = CARTESIAN_POINT('',(-4.38,9.72,0.));
#1394 = DIRECTION('',(0.,1.,0.));
#1395 = DIRECTION('',(0.,-0.,1.));
#1396 = ADVANCED_FACE('',(#1397),#1403,.F.);
#1397 = FACE_BOUND('',#1398,.F.);
#1398 = EDGE_LOOP('',(#1399,#1400,#1401,#1402));
#1399 = ORIENTED_EDGE('',*,*,#1286,.F.);
#1400 = ORIENTED_EDGE('',*,*,#1356,.T.);
#1401 = ORIENTED_EDGE('',*,*,#1326,.T.);
#1402 = ORIENTED_EDGE('',*,*,#1378,.F.);
#1403 = PLANE('',#1404);
#1404 = AXIS2_PLACEMENT_3D('',#1405,#1406,#1407);
#1405 = CARTESIAN_POINT('',(-4.38,-4.55,0.));
#1406 = DIRECTION('',(0.,0.,1.));
#1407 = DIRECTION('',(1.,0.,-0.));
#1408 = ADVANCED_FACE('',(#1409),#1415,.T.);
#1409 = FACE_BOUND('',#1410,.T.);
#1410 = EDGE_LOOP('',(#1411,#1412,#1413,#1414));
#1411 = ORIENTED_EDGE('',*,*,#1302,.F.);
#1412 = ORIENTED_EDGE('',*,*,#1363,.T.);
#1413 = ORIENTED_EDGE('',*,*,#1342,.T.);
#1414 = ORIENTED_EDGE('',*,*,#1385,.F.);
#1415 = PLANE('',#1416);
#1416 = AXIS2_PLACEMENT_3D('',#1417,#1418,#1419);
#1417 = CARTESIAN_POINT('',(-4.38,-4.55,9.27));
#1418 = DIRECTION('',(0.,0.,1.));
#1419 = DIRECTION('',(1.,0.,-0.));
#1420 = ( GEOMETRIC_REPRESENTATION_CONTEXT(3) 
GLOBAL_UNCERTAINTY_ASSIGNED_CONTEXT((#1424)) 
GLOBAL_UNIT_ASSIGNED_CONTEXT((#1421,#1422,#1423)) REPRESENTATION_CONTEXT
('Context #1','3D Context with UNIT and UNCERTAINTY') );
#1421 = ( LENGTH_UNIT() NAMED_UNIT(*) SI_UNIT(.MILLI.,.METRE.) );
#1422 = ( NAMED_UNIT(*) PLANE_ANGLE_UNIT() SI_UNIT($,.RADIAN.) );
#1423 = ( NAMED_UNIT(*) SI_UNIT($,.STERADIAN.) SOLID_ANGLE_UNIT() );
#1424 = UNCERTAINTY_MEASURE_WITH_UNIT(LENGTH_MEASURE(1.E-07),#1421,
  'distance_accuracy_value','confusion accuracy');
#1425 = CONTEXT_DEPENDENT_SHAPE_REPRESENTATION(#1426,#1428);
#1426 = ( REPRESENTATION_RELATIONSHIP('','',#1269,#10) 
REPRESENTATION_RELATIONSHIP_WITH_TRANSFORMATION(#1427) 
SHAPE_REPRESENTATION_RELATIONSHIP() );
#1427 = ITEM_DEFINED_TRANSFORMATION('','',#11,#67);
#1428 = PRODUCT_DEFINITION_SHAPE('Placement','Placement of an item',
  #1429);
#1429 = NEXT_ASSEMBLY_USAGE_OCCURRENCE('14','F1','',#5,#1264,$);
#1430 = PRODUCT_RELATED_PRODUCT_CATEGORY('part',$,(#1266));
#1431 = SHAPE_DEFINITION_REPRESENTATION(#1432,#1438);
#1432 = PRODUCT_DEFINITION_SHAPE('','',#1433);
#1433 = PRODUCT_DEFINITION('design','',#1434,#1437);
#1434 = PRODUCT_DEFINITION_FORMATION('','',#1435);
#1435 = PRODUCT('ENVELOPE_I32_PROCUREMENT_R161',
  'ENVELOPE_I32_PROCUREMENT_R161','',(#1436));
#1436 = PRODUCT_CONTEXT('',#2,'mechanical');
#1437 = PRODUCT_DEFINITION_CONTEXT('part definition',#2,'design');
#1438 = MANIFOLD_SURFACE_SHAPE_REPRESENTATION('',(#11),#1439);
#1439 = ( GEOMETRIC_REPRESENTATION_CONTEXT(3) 
GLOBAL_UNCERTAINTY_ASSIGNED_CONTEXT((#1443)) 
GLOBAL_UNIT_ASSIGNED_CONTEXT((#1440,#1441,#1442)) REPRESENTATION_CONTEXT
('Context #1','3D Context with UNIT and UNCERTAINTY') );
#1440 = ( LENGTH_UNIT() NAMED_UNIT(*) SI_UNIT(.MILLI.,.METRE.) );
#1441 = ( NAMED_UNIT(*) PLANE_ANGLE_UNIT() SI_UNIT($,.RADIAN.) );
#1442 = ( NAMED_UNIT(*) SI_UNIT($,.STERADIAN.) SOLID_ANGLE_UNIT() );
#1443 = UNCERTAINTY_MEASURE_WITH_UNIT(LENGTH_MEASURE(1.E-07),#1440,
  'distance_accuracy_value','confusion accuracy');
#1444 = CONTEXT_DEPENDENT_SHAPE_REPRESENTATION(#1445,#1447);
#1445 = ( REPRESENTATION_RELATIONSHIP('','',#1438,#10) 
REPRESENTATION_RELATIONSHIP_WITH_TRANSFORMATION(#1446) 
SHAPE_REPRESENTATION_RELATIONSHIP() );
#1446 = ITEM_DEFINED_TRANSFORMATION('','',#11,#71);
#1447 = PRODUCT_DEFINITION_SHAPE('Placement','Placement of an item',
  #1448);
#1448 = NEXT_ASSEMBLY_USAGE_OCCURRENCE('15','R161','',#5,#1433,$);
#1449 = PRODUCT_RELATED_PRODUCT_CATEGORY('part',$,(#1435));
#1450 = SHAPE_DEFINITION_REPRESENTATION(#1451,#1457);
#1451 = PRODUCT_DEFINITION_SHAPE('','',#1452);
#1452 = PRODUCT_DEFINITION('design','',#1453,#1456);
#1453 = PRODUCT_DEFINITION_FORMATION('','',#1454);
#1454 = PRODUCT('ENVELOPE_TDK_CGA4J1_33N_I32',
  'ENVELOPE_TDK_CGA4J1_33N_I32','',(#1455));
#1455 = PRODUCT_CONTEXT('',#2,'mechanical');
#1456 = PRODUCT_DEFINITION_CONTEXT('part definition',#2,'design');
#1457 = ADVANCED_BREP_SHAPE_REPRESENTATION('',(#11,#1458),#1608);
#1458 = MANIFOLD_SOLID_BREP('',#1459);
#1459 = CLOSED_SHELL('',(#1460,#1500,#1540,#1562,#1584,#1596));
#1460 = ADVANCED_FACE('',(#1461),#1495,.F.);
#1461 = FACE_BOUND('',#1462,.F.);
#1462 = EDGE_LOOP('',(#1463,#1473,#1481,#1489));
#1463 = ORIENTED_EDGE('',*,*,#1464,.F.);
#1464 = EDGE_CURVE('',#1465,#1467,#1469,.T.);
#1465 = VERTEX_POINT('',#1466);
#1466 = CARTESIAN_POINT('',(-1.225,-0.75,0.));
#1467 = VERTEX_POINT('',#1468);
#1468 = CARTESIAN_POINT('',(-1.225,-0.75,1.5));
#1469 = LINE('',#1470,#1471);
#1470 = CARTESIAN_POINT('',(-1.225,-0.75,0.));
#1471 = VECTOR('',#1472,1.);
#1472 = DIRECTION('',(0.,0.,1.));
#1473 = ORIENTED_EDGE('',*,*,#1474,.T.);
#1474 = EDGE_CURVE('',#1465,#1475,#1477,.T.);
#1475 = VERTEX_POINT('',#1476);
#1476 = CARTESIAN_POINT('',(-1.225,0.75,0.));
#1477 = LINE('',#1478,#1479);
#1478 = CARTESIAN_POINT('',(-1.225,-0.75,0.));
#1479 = VECTOR('',#1480,1.);
#1480 = DIRECTION('',(0.,1.,0.));
#1481 = ORIENTED_EDGE('',*,*,#1482,.T.);
#1482 = EDGE_CURVE('',#1475,#1483,#1485,.T.);
#1483 = VERTEX_POINT('',#1484);
#1484 = CARTESIAN_POINT('',(-1.225,0.75,1.5));
#1485 = LINE('',#1486,#1487);
#1486 = CARTESIAN_POINT('',(-1.225,0.75,0.));
#1487 = VECTOR('',#1488,1.);
#1488 = DIRECTION('',(0.,0.,1.));
#1489 = ORIENTED_EDGE('',*,*,#1490,.F.);
#1490 = EDGE_CURVE('',#1467,#1483,#1491,.T.);
#1491 = LINE('',#1492,#1493);
#1492 = CARTESIAN_POINT('',(-1.225,-0.75,1.5));
#1493 = VECTOR('',#1494,1.);
#1494 = DIRECTION('',(0.,1.,0.));
#1495 = PLANE('',#1496);
#1496 = AXIS2_PLACEMENT_3D('',#1497,#1498,#1499);
#1497 = CARTESIAN_POINT('',(-1.225,-0.75,0.));
#1498 = DIRECTION('',(1.,0.,0.));
#1499 = DIRECTION('',(0.,0.,1.));
#1500 = ADVANCED_FACE('',(#1501),#1535,.T.);
#1501 = FACE_BOUND('',#1502,.T.);
#1502 = EDGE_LOOP('',(#1503,#1513,#1521,#1529));
#1503 = ORIENTED_EDGE('',*,*,#1504,.F.);
#1504 = EDGE_CURVE('',#1505,#1507,#1509,.T.);
#1505 = VERTEX_POINT('',#1506);
#1506 = CARTESIAN_POINT('',(1.225,-0.75,0.));
#1507 = VERTEX_POINT('',#1508);
#1508 = CARTESIAN_POINT('',(1.225,-0.75,1.5));
#1509 = LINE('',#1510,#1511);
#1510 = CARTESIAN_POINT('',(1.225,-0.75,0.));
#1511 = VECTOR('',#1512,1.);
#1512 = DIRECTION('',(0.,0.,1.));
#1513 = ORIENTED_EDGE('',*,*,#1514,.T.);
#1514 = EDGE_CURVE('',#1505,#1515,#1517,.T.);
#1515 = VERTEX_POINT('',#1516);
#1516 = CARTESIAN_POINT('',(1.225,0.75,0.));
#1517 = LINE('',#1518,#1519);
#1518 = CARTESIAN_POINT('',(1.225,-0.75,0.));
#1519 = VECTOR('',#1520,1.);
#1520 = DIRECTION('',(0.,1.,0.));
#1521 = ORIENTED_EDGE('',*,*,#1522,.T.);
#1522 = EDGE_CURVE('',#1515,#1523,#1525,.T.);
#1523 = VERTEX_POINT('',#1524);
#1524 = CARTESIAN_POINT('',(1.225,0.75,1.5));
#1525 = LINE('',#1526,#1527);
#1526 = CARTESIAN_POINT('',(1.225,0.75,0.));
#1527 = VECTOR('',#1528,1.);
#1528 = DIRECTION('',(0.,0.,1.));
#1529 = ORIENTED_EDGE('',*,*,#1530,.F.);
#1530 = EDGE_CURVE('',#1507,#1523,#1531,.T.);
#1531 = LINE('',#1532,#1533);
#1532 = CARTESIAN_POINT('',(1.225,-0.75,1.5));
#1533 = VECTOR('',#1534,1.);
#1534 = DIRECTION('',(0.,1.,0.));
#1535 = PLANE('',#1536);
#1536 = AXIS2_PLACEMENT_3D('',#1537,#1538,#1539);
#1537 = CARTESIAN_POINT('',(1.225,-0.75,0.));
#1538 = DIRECTION('',(1.,0.,0.));
#1539 = DIRECTION('',(0.,0.,1.));
#1540 = ADVANCED_FACE('',(#1541),#1557,.F.);
#1541 = FACE_BOUND('',#1542,.F.);
#1542 = EDGE_LOOP('',(#1543,#1549,#1550,#1556));
#1543 = ORIENTED_EDGE('',*,*,#1544,.F.);
#1544 = EDGE_CURVE('',#1465,#1505,#1545,.T.);
#1545 = LINE('',#1546,#1547);
#1546 = CARTESIAN_POINT('',(-1.225,-0.75,0.));
#1547 = VECTOR('',#1548,1.);
#1548 = DIRECTION('',(1.,0.,0.));
#1549 = ORIENTED_EDGE('',*,*,#1464,.T.);
#1550 = ORIENTED_EDGE('',*,*,#1551,.T.);
#1551 = EDGE_CURVE('',#1467,#1507,#1552,.T.);
#1552 = LINE('',#1553,#1554);
#1553 = CARTESIAN_POINT('',(-1.225,-0.75,1.5));
#1554 = VECTOR('',#1555,1.);
#1555 = DIRECTION('',(1.,0.,0.));
#1556 = ORIENTED_EDGE('',*,*,#1504,.F.);
#1557 = PLANE('',#1558);
#1558 = AXIS2_PLACEMENT_3D('',#1559,#1560,#1561);
#1559 = CARTESIAN_POINT('',(-1.225,-0.75,0.));
#1560 = DIRECTION('',(0.,1.,0.));
#1561 = DIRECTION('',(0.,-0.,1.));
#1562 = ADVANCED_FACE('',(#1563),#1579,.T.);
#1563 = FACE_BOUND('',#1564,.T.);
#1564 = EDGE_LOOP('',(#1565,#1571,#1572,#1578));
#1565 = ORIENTED_EDGE('',*,*,#1566,.F.);
#1566 = EDGE_CURVE('',#1475,#1515,#1567,.T.);
#1567 = LINE('',#1568,#1569);
#1568 = CARTESIAN_POINT('',(-1.225,0.75,0.));
#1569 = VECTOR('',#1570,1.);
#1570 = DIRECTION('',(1.,0.,0.));
#1571 = ORIENTED_EDGE('',*,*,#1482,.T.);
#1572 = ORIENTED_EDGE('',*,*,#1573,.T.);
#1573 = EDGE_CURVE('',#1483,#1523,#1574,.T.);
#1574 = LINE('',#1575,#1576);
#1575 = CARTESIAN_POINT('',(-1.225,0.75,1.5));
#1576 = VECTOR('',#1577,1.);
#1577 = DIRECTION('',(1.,0.,0.));
#1578 = ORIENTED_EDGE('',*,*,#1522,.F.);
#1579 = PLANE('',#1580);
#1580 = AXIS2_PLACEMENT_3D('',#1581,#1582,#1583);
#1581 = CARTESIAN_POINT('',(-1.225,0.75,0.));
#1582 = DIRECTION('',(0.,1.,0.));
#1583 = DIRECTION('',(0.,-0.,1.));
#1584 = ADVANCED_FACE('',(#1585),#1591,.F.);
#1585 = FACE_BOUND('',#1586,.F.);
#1586 = EDGE_LOOP('',(#1587,#1588,#1589,#1590));
#1587 = ORIENTED_EDGE('',*,*,#1474,.F.);
#1588 = ORIENTED_EDGE('',*,*,#1544,.T.);
#1589 = ORIENTED_EDGE('',*,*,#1514,.T.);
#1590 = ORIENTED_EDGE('',*,*,#1566,.F.);
#1591 = PLANE('',#1592);
#1592 = AXIS2_PLACEMENT_3D('',#1593,#1594,#1595);
#1593 = CARTESIAN_POINT('',(-1.225,-0.75,0.));
#1594 = DIRECTION('',(0.,0.,1.));
#1595 = DIRECTION('',(1.,0.,-0.));
#1596 = ADVANCED_FACE('',(#1597),#1603,.T.);
#1597 = FACE_BOUND('',#1598,.T.);
#1598 = EDGE_LOOP('',(#1599,#1600,#1601,#1602));
#1599 = ORIENTED_EDGE('',*,*,#1490,.F.);
#1600 = ORIENTED_EDGE('',*,*,#1551,.T.);
#1601 = ORIENTED_EDGE('',*,*,#1530,.T.);
#1602 = ORIENTED_EDGE('',*,*,#1573,.F.);
#1603 = PLANE('',#1604);
#1604 = AXIS2_PLACEMENT_3D('',#1605,#1606,#1607);
#1605 = CARTESIAN_POINT('',(-1.225,-0.75,1.5));
#1606 = DIRECTION('',(0.,0.,1.));
#1607 = DIRECTION('',(1.,0.,-0.));
#1608 = ( GEOMETRIC_REPRESENTATION_CONTEXT(3) 
GLOBAL_UNCERTAINTY_ASSIGNED_CONTEXT((#1612)) 
GLOBAL_UNIT_ASSIGNED_CONTEXT((#1609,#1610,#1611)) REPRESENTATION_CONTEXT
('Context #1','3D Context with UNIT and UNCERTAINTY') );
#1609 = ( LENGTH_UNIT() NAMED_UNIT(*) SI_UNIT(.MILLI.,.METRE.) );
#1610 = ( NAMED_UNIT(*) PLANE_ANGLE_UNIT() SI_UNIT($,.RADIAN.) );
#1611 = ( NAMED_UNIT(*) SI_UNIT($,.STERADIAN.) SOLID_ANGLE_UNIT() );
#1612 = UNCERTAINTY_MEASURE_WITH_UNIT(LENGTH_MEASURE(1.E-07),#1609,
  'distance_accuracy_value','confusion accuracy');
#1613 = CONTEXT_DEPENDENT_SHAPE_REPRESENTATION(#1614,#1616);
#1614 = ( REPRESENTATION_RELATIONSHIP('','',#1457,#10) 
REPRESENTATION_RELATIONSHIP_WITH_TRANSFORMATION(#1615) 
SHAPE_REPRESENTATION_RELATIONSHIP() );
#1615 = ITEM_DEFINED_TRANSFORMATION('','',#11,#75);
#1616 = PRODUCT_DEFINITION_SHAPE('Placement','Placement of an item',
  #1617);
#1617 = NEXT_ASSEMBLY_USAGE_OCCURRENCE('16','C159','',#5,#1452,$);
#1618 = PRODUCT_RELATED_PRODUCT_CATEGORY('part',$,(#1454));
#1619 = SHAPE_DEFINITION_REPRESENTATION(#1620,#1626);
#1620 = PRODUCT_DEFINITION_SHAPE('','',#1621);
#1621 = PRODUCT_DEFINITION('design','',#1622,#1625);
#1622 = PRODUCT_DEFINITION_FORMATION('','',#1623);
#1623 = PRODUCT('ENVELOPE_I32_PROCUREMENT_R169',
  'ENVELOPE_I32_PROCUREMENT_R169','',(#1624));
#1624 = PRODUCT_CONTEXT('',#2,'mechanical');
#1625 = PRODUCT_DEFINITION_CONTEXT('part definition',#2,'design');
#1626 = MANIFOLD_SURFACE_SHAPE_REPRESENTATION('',(#11),#1627);
#1627 = ( GEOMETRIC_REPRESENTATION_CONTEXT(3) 
GLOBAL_UNCERTAINTY_ASSIGNED_CONTEXT((#1631)) 
GLOBAL_UNIT_ASSIGNED_CONTEXT((#1628,#1629,#1630)) REPRESENTATION_CONTEXT
('Context #1','3D Context with UNIT and UNCERTAINTY') );
#1628 = ( LENGTH_UNIT() NAMED_UNIT(*) SI_UNIT(.MILLI.,.METRE.) );
#1629 = ( NAMED_UNIT(*) PLANE_ANGLE_UNIT() SI_UNIT($,.RADIAN.) );
#1630 = ( NAMED_UNIT(*) SI_UNIT($,.STERADIAN.) SOLID_ANGLE_UNIT() );
#1631 = UNCERTAINTY_MEASURE_WITH_UNIT(LENGTH_MEASURE(1.E-07),#1628,
  'distance_accuracy_value','confusion accuracy');
#1632 = CONTEXT_DEPENDENT_SHAPE_REPRESENTATION(#1633,#1635);
#1633 = ( REPRESENTATION_RELATIONSHIP('','',#1626,#10) 
REPRESENTATION_RELATIONSHIP_WITH_TRANSFORMATION(#1634) 
SHAPE_REPRESENTATION_RELATIONSHIP() );
#1634 = ITEM_DEFINED_TRANSFORMATION('','',#11,#79);
#1635 = PRODUCT_DEFINITION_SHAPE('Placement','Placement of an item',
  #1636);
#1636 = NEXT_ASSEMBLY_USAGE_OCCURRENCE('17','R169','',#5,#1621,$);
#1637 = PRODUCT_RELATED_PRODUCT_CATEGORY('part',$,(#1623));
#1638 = SHAPE_DEFINITION_REPRESENTATION(#1639,#1645);
#1639 = PRODUCT_DEFINITION_SHAPE('','',#1640);
#1640 = PRODUCT_DEFINITION('design','',#1641,#1644);
#1641 = PRODUCT_DEFINITION_FORMATION('','',#1642);
#1642 = PRODUCT('ENVELOPE_TI_DPY0002A_TPD1E05U06_SMDMask',
  'ENVELOPE_TI_DPY0002A_TPD1E05U06_SMDMask','',(#1643));
#1643 = PRODUCT_CONTEXT('',#2,'mechanical');
#1644 = PRODUCT_DEFINITION_CONTEXT('part definition',#2,'design');
#1645 = ADVANCED_BREP_SHAPE_REPRESENTATION('',(#11,#1646),#1796);
#1646 = MANIFOLD_SOLID_BREP('',#1647);
#1647 = CLOSED_SHELL('',(#1648,#1688,#1728,#1750,#1772,#1784));
#1648 = ADVANCED_FACE('',(#1649),#1683,.F.);
#1649 = FACE_BOUND('',#1650,.F.);
#1650 = EDGE_LOOP('',(#1651,#1661,#1669,#1677));
#1651 = ORIENTED_EDGE('',*,*,#1652,.F.);
#1652 = EDGE_CURVE('',#1653,#1655,#1657,.T.);
#1653 = VERTEX_POINT('',#1654);
#1654 = CARTESIAN_POINT('',(-1.15,-0.9,0.));
#1655 = VERTEX_POINT('',#1656);
#1656 = CARTESIAN_POINT('',(-1.15,-0.9,0.45));
#1657 = LINE('',#1658,#1659);
#1658 = CARTESIAN_POINT('',(-1.15,-0.9,0.));
#1659 = VECTOR('',#1660,1.);
#1660 = DIRECTION('',(0.,0.,1.));
#1661 = ORIENTED_EDGE('',*,*,#1662,.T.);
#1662 = EDGE_CURVE('',#1653,#1663,#1665,.T.);
#1663 = VERTEX_POINT('',#1664);
#1664 = CARTESIAN_POINT('',(-1.15,0.9,0.));
#1665 = LINE('',#1666,#1667);
#1666 = CARTESIAN_POINT('',(-1.15,-0.9,0.));
#1667 = VECTOR('',#1668,1.);
#1668 = DIRECTION('',(0.,1.,0.));
#1669 = ORIENTED_EDGE('',*,*,#1670,.T.);
#1670 = EDGE_CURVE('',#1663,#1671,#1673,.T.);
#1671 = VERTEX_POINT('',#1672);
#1672 = CARTESIAN_POINT('',(-1.15,0.9,0.45));
#1673 = LINE('',#1674,#1675);
#1674 = CARTESIAN_POINT('',(-1.15,0.9,0.));
#1675 = VECTOR('',#1676,1.);
#1676 = DIRECTION('',(0.,0.,1.));
#1677 = ORIENTED_EDGE('',*,*,#1678,.F.);
#1678 = EDGE_CURVE('',#1655,#1671,#1679,.T.);
#1679 = LINE('',#1680,#1681);
#1680 = CARTESIAN_POINT('',(-1.15,-0.9,0.45));
#1681 = VECTOR('',#1682,1.);
#1682 = DIRECTION('',(0.,1.,0.));
#1683 = PLANE('',#1684);
#1684 = AXIS2_PLACEMENT_3D('',#1685,#1686,#1687);
#1685 = CARTESIAN_POINT('',(-1.15,-0.9,0.));
#1686 = DIRECTION('',(1.,0.,0.));
#1687 = DIRECTION('',(0.,0.,1.));
#1688 = ADVANCED_FACE('',(#1689),#1723,.T.);
#1689 = FACE_BOUND('',#1690,.T.);
#1690 = EDGE_LOOP('',(#1691,#1701,#1709,#1717));
#1691 = ORIENTED_EDGE('',*,*,#1692,.F.);
#1692 = EDGE_CURVE('',#1693,#1695,#1697,.T.);
#1693 = VERTEX_POINT('',#1694);
#1694 = CARTESIAN_POINT('',(1.15,-0.9,0.));
#1695 = VERTEX_POINT('',#1696);
#1696 = CARTESIAN_POINT('',(1.15,-0.9,0.45));
#1697 = LINE('',#1698,#1699);
#1698 = CARTESIAN_POINT('',(1.15,-0.9,0.));
#1699 = VECTOR('',#1700,1.);
#1700 = DIRECTION('',(0.,0.,1.));
#1701 = ORIENTED_EDGE('',*,*,#1702,.T.);
#1702 = EDGE_CURVE('',#1693,#1703,#1705,.T.);
#1703 = VERTEX_POINT('',#1704);
#1704 = CARTESIAN_POINT('',(1.15,0.9,0.));
#1705 = LINE('',#1706,#1707);
#1706 = CARTESIAN_POINT('',(1.15,-0.9,0.));
#1707 = VECTOR('',#1708,1.);
#1708 = DIRECTION('',(0.,1.,0.));
#1709 = ORIENTED_EDGE('',*,*,#1710,.T.);
#1710 = EDGE_CURVE('',#1703,#1711,#1713,.T.);
#1711 = VERTEX_POINT('',#1712);
#1712 = CARTESIAN_POINT('',(1.15,0.9,0.45));
#1713 = LINE('',#1714,#1715);
#1714 = CARTESIAN_POINT('',(1.15,0.9,0.));
#1715 = VECTOR('',#1716,1.);
#1716 = DIRECTION('',(0.,0.,1.));
#1717 = ORIENTED_EDGE('',*,*,#1718,.F.);
#1718 = EDGE_CURVE('',#1695,#1711,#1719,.T.);
#1719 = LINE('',#1720,#1721);
#1720 = CARTESIAN_POINT('',(1.15,-0.9,0.45));
#1721 = VECTOR('',#1722,1.);
#1722 = DIRECTION('',(0.,1.,0.));
#1723 = PLANE('',#1724);
#1724 = AXIS2_PLACEMENT_3D('',#1725,#1726,#1727);
#1725 = CARTESIAN_POINT('',(1.15,-0.9,0.));
#1726 = DIRECTION('',(1.,0.,0.));
#1727 = DIRECTION('',(0.,0.,1.));
#1728 = ADVANCED_FACE('',(#1729),#1745,.F.);
#1729 = FACE_BOUND('',#1730,.F.);
#1730 = EDGE_LOOP('',(#1731,#1737,#1738,#1744));
#1731 = ORIENTED_EDGE('',*,*,#1732,.F.);
#1732 = EDGE_CURVE('',#1653,#1693,#1733,.T.);
#1733 = LINE('',#1734,#1735);
#1734 = CARTESIAN_POINT('',(-1.15,-0.9,0.));
#1735 = VECTOR('',#1736,1.);
#1736 = DIRECTION('',(1.,0.,0.));
#1737 = ORIENTED_EDGE('',*,*,#1652,.T.);
#1738 = ORIENTED_EDGE('',*,*,#1739,.T.);
#1739 = EDGE_CURVE('',#1655,#1695,#1740,.T.);
#1740 = LINE('',#1741,#1742);
#1741 = CARTESIAN_POINT('',(-1.15,-0.9,0.45));
#1742 = VECTOR('',#1743,1.);
#1743 = DIRECTION('',(1.,0.,0.));
#1744 = ORIENTED_EDGE('',*,*,#1692,.F.);
#1745 = PLANE('',#1746);
#1746 = AXIS2_PLACEMENT_3D('',#1747,#1748,#1749);
#1747 = CARTESIAN_POINT('',(-1.15,-0.9,0.));
#1748 = DIRECTION('',(0.,1.,0.));
#1749 = DIRECTION('',(0.,-0.,1.));
#1750 = ADVANCED_FACE('',(#1751),#1767,.T.);
#1751 = FACE_BOUND('',#1752,.T.);
#1752 = EDGE_LOOP('',(#1753,#1759,#1760,#1766));
#1753 = ORIENTED_EDGE('',*,*,#1754,.F.);
#1754 = EDGE_CURVE('',#1663,#1703,#1755,.T.);
#1755 = LINE('',#1756,#1757);
#1756 = CARTESIAN_POINT('',(-1.15,0.9,0.));
#1757 = VECTOR('',#1758,1.);
#1758 = DIRECTION('',(1.,0.,0.));
#1759 = ORIENTED_EDGE('',*,*,#1670,.T.);
#1760 = ORIENTED_EDGE('',*,*,#1761,.T.);
#1761 = EDGE_CURVE('',#1671,#1711,#1762,.T.);
#1762 = LINE('',#1763,#1764);
#1763 = CARTESIAN_POINT('',(-1.15,0.9,0.45));
#1764 = VECTOR('',#1765,1.);
#1765 = DIRECTION('',(1.,0.,0.));
#1766 = ORIENTED_EDGE('',*,*,#1710,.F.);
#1767 = PLANE('',#1768);
#1768 = AXIS2_PLACEMENT_3D('',#1769,#1770,#1771);
#1769 = CARTESIAN_POINT('',(-1.15,0.9,0.));
#1770 = DIRECTION('',(0.,1.,0.));
#1771 = DIRECTION('',(0.,-0.,1.));
#1772 = ADVANCED_FACE('',(#1773),#1779,.F.);
#1773 = FACE_BOUND('',#1774,.F.);
#1774 = EDGE_LOOP('',(#1775,#1776,#1777,#1778));
#1775 = ORIENTED_EDGE('',*,*,#1662,.F.);
#1776 = ORIENTED_EDGE('',*,*,#1732,.T.);
#1777 = ORIENTED_EDGE('',*,*,#1702,.T.);
#1778 = ORIENTED_EDGE('',*,*,#1754,.F.);
#1779 = PLANE('',#1780);
#1780 = AXIS2_PLACEMENT_3D('',#1781,#1782,#1783);
#1781 = CARTESIAN_POINT('',(-1.15,-0.9,0.));
#1782 = DIRECTION('',(0.,0.,1.));
#1783 = DIRECTION('',(1.,0.,-0.));
#1784 = ADVANCED_FACE('',(#1785),#1791,.T.);
#1785 = FACE_BOUND('',#1786,.T.);
#1786 = EDGE_LOOP('',(#1787,#1788,#1789,#1790));
#1787 = ORIENTED_EDGE('',*,*,#1678,.F.);
#1788 = ORIENTED_EDGE('',*,*,#1739,.T.);
#1789 = ORIENTED_EDGE('',*,*,#1718,.T.);
#1790 = ORIENTED_EDGE('',*,*,#1761,.F.);
#1791 = PLANE('',#1792);
#1792 = AXIS2_PLACEMENT_3D('',#1793,#1794,#1795);
#1793 = CARTESIAN_POINT('',(-1.15,-0.9,0.45));
#1794 = DIRECTION('',(0.,0.,1.));
#1795 = DIRECTION('',(1.,0.,-0.));
#1796 = ( GEOMETRIC_REPRESENTATION_CONTEXT(3) 
GLOBAL_UNCERTAINTY_ASSIGNED_CONTEXT((#1800)) 
GLOBAL_UNIT_ASSIGNED_CONTEXT((#1797,#1798,#1799)) REPRESENTATION_CONTEXT
('Context #1','3D Context with UNIT and UNCERTAINTY') );
#1797 = ( LENGTH_UNIT() NAMED_UNIT(*) SI_UNIT(.MILLI.,.METRE.) );
#1798 = ( NAMED_UNIT(*) PLANE_ANGLE_UNIT() SI_UNIT($,.RADIAN.) );
#1799 = ( NAMED_UNIT(*) SI_UNIT($,.STERADIAN.) SOLID_ANGLE_UNIT() );
#1800 = UNCERTAINTY_MEASURE_WITH_UNIT(LENGTH_MEASURE(1.E-07),#1797,
  'distance_accuracy_value','confusion accuracy');
#1801 = CONTEXT_DEPENDENT_SHAPE_REPRESENTATION(#1802,#1804);
#1802 = ( REPRESENTATION_RELATIONSHIP('','',#1645,#10) 
REPRESENTATION_RELATIONSHIP_WITH_TRANSFORMATION(#1803) 
SHAPE_REPRESENTATION_RELATIONSHIP() );
#1803 = ITEM_DEFINED_TRANSFORMATION('','',#11,#83);
#1804 = PRODUCT_DEFINITION_SHAPE('Placement','Placement of an item',
  #1805);
#1805 = NEXT_ASSEMBLY_USAGE_OCCURRENCE('18','D402','',#5,#1640,$);
#1806 = PRODUCT_RELATED_PRODUCT_CATEGORY('part',$,(#1642));
#1807 = SHAPE_DEFINITION_REPRESENTATION(#1808,#1814);
#1808 = PRODUCT_DEFINITION_SHAPE('','',#1809);
#1809 = PRODUCT_DEFINITION('design','',#1810,#1813);
#1810 = PRODUCT_DEFINITION_FORMATION('','',#1811);
#1811 = PRODUCT('ENVELOPE_WSL2512_I32_R158','ENVELOPE_WSL2512_I32_R158',
  '',(#1812));
#1812 = PRODUCT_CONTEXT('',#2,'mechanical');
#1813 = PRODUCT_DEFINITION_CONTEXT('part definition',#2,'design');
#1814 = ADVANCED_BREP_SHAPE_REPRESENTATION('',(#11,#1815),#1965);
#1815 = MANIFOLD_SOLID_BREP('',#1816);
#1816 = CLOSED_SHELL('',(#1817,#1857,#1897,#1919,#1941,#1953));
#1817 = ADVANCED_FACE('',(#1818),#1852,.F.);
#1818 = FACE_BOUND('',#1819,.F.);
#1819 = EDGE_LOOP('',(#1820,#1830,#1838,#1846));
#1820 = ORIENTED_EDGE('',*,*,#1821,.F.);
#1821 = EDGE_CURVE('',#1822,#1824,#1826,.T.);
#1822 = VERTEX_POINT('',#1823);
#1823 = CARTESIAN_POINT('',(-3.302,-1.717,0.));
#1824 = VERTEX_POINT('',#1825);
#1825 = CARTESIAN_POINT('',(-3.302,-1.717,0.889));
#1826 = LINE('',#1827,#1828);
#1827 = CARTESIAN_POINT('',(-3.302,-1.717,0.));
#1828 = VECTOR('',#1829,1.);
#1829 = DIRECTION('',(0.,0.,1.));
#1830 = ORIENTED_EDGE('',*,*,#1831,.T.);
#1831 = EDGE_CURVE('',#1822,#1832,#1834,.T.);
#1832 = VERTEX_POINT('',#1833);
#1833 = CARTESIAN_POINT('',(-3.302,1.717,0.));
#1834 = LINE('',#1835,#1836);
#1835 = CARTESIAN_POINT('',(-3.302,-1.717,0.));
#1836 = VECTOR('',#1837,1.);
#1837 = DIRECTION('',(0.,1.,0.));
#1838 = ORIENTED_EDGE('',*,*,#1839,.T.);
#1839 = EDGE_CURVE('',#1832,#1840,#1842,.T.);
#1840 = VERTEX_POINT('',#1841);
#1841 = CARTESIAN_POINT('',(-3.302,1.717,0.889));
#1842 = LINE('',#1843,#1844);
#1843 = CARTESIAN_POINT('',(-3.302,1.717,0.));
#1844 = VECTOR('',#1845,1.);
#1845 = DIRECTION('',(0.,0.,1.));
#1846 = ORIENTED_EDGE('',*,*,#1847,.F.);
#1847 = EDGE_CURVE('',#1824,#1840,#1848,.T.);
#1848 = LINE('',#1849,#1850);
#1849 = CARTESIAN_POINT('',(-3.302,-1.717,0.889));
#1850 = VECTOR('',#1851,1.);
#1851 = DIRECTION('',(0.,1.,0.));
#1852 = PLANE('',#1853);
#1853 = AXIS2_PLACEMENT_3D('',#1854,#1855,#1856);
#1854 = CARTESIAN_POINT('',(-3.302,-1.717,0.));
#1855 = DIRECTION('',(1.,0.,0.));
#1856 = DIRECTION('',(0.,0.,1.));
#1857 = ADVANCED_FACE('',(#1858),#1892,.T.);
#1858 = FACE_BOUND('',#1859,.T.);
#1859 = EDGE_LOOP('',(#1860,#1870,#1878,#1886));
#1860 = ORIENTED_EDGE('',*,*,#1861,.F.);
#1861 = EDGE_CURVE('',#1862,#1864,#1866,.T.);
#1862 = VERTEX_POINT('',#1863);
#1863 = CARTESIAN_POINT('',(3.302,-1.717,0.));
#1864 = VERTEX_POINT('',#1865);
#1865 = CARTESIAN_POINT('',(3.302,-1.717,0.889));
#1866 = LINE('',#1867,#1868);
#1867 = CARTESIAN_POINT('',(3.302,-1.717,0.));
#1868 = VECTOR('',#1869,1.);
#1869 = DIRECTION('',(0.,0.,1.));
#1870 = ORIENTED_EDGE('',*,*,#1871,.T.);
#1871 = EDGE_CURVE('',#1862,#1872,#1874,.T.);
#1872 = VERTEX_POINT('',#1873);
#1873 = CARTESIAN_POINT('',(3.302,1.717,0.));
#1874 = LINE('',#1875,#1876);
#1875 = CARTESIAN_POINT('',(3.302,-1.717,0.));
#1876 = VECTOR('',#1877,1.);
#1877 = DIRECTION('',(0.,1.,0.));
#1878 = ORIENTED_EDGE('',*,*,#1879,.T.);
#1879 = EDGE_CURVE('',#1872,#1880,#1882,.T.);
#1880 = VERTEX_POINT('',#1881);
#1881 = CARTESIAN_POINT('',(3.302,1.717,0.889));
#1882 = LINE('',#1883,#1884);
#1883 = CARTESIAN_POINT('',(3.302,1.717,0.));
#1884 = VECTOR('',#1885,1.);
#1885 = DIRECTION('',(0.,0.,1.));
#1886 = ORIENTED_EDGE('',*,*,#1887,.F.);
#1887 = EDGE_CURVE('',#1864,#1880,#1888,.T.);
#1888 = LINE('',#1889,#1890);
#1889 = CARTESIAN_POINT('',(3.302,-1.717,0.889));
#1890 = VECTOR('',#1891,1.);
#1891 = DIRECTION('',(0.,1.,0.));
#1892 = PLANE('',#1893);
#1893 = AXIS2_PLACEMENT_3D('',#1894,#1895,#1896);
#1894 = CARTESIAN_POINT('',(3.302,-1.717,0.));
#1895 = DIRECTION('',(1.,0.,0.));
#1896 = DIRECTION('',(0.,0.,1.));
#1897 = ADVANCED_FACE('',(#1898),#1914,.F.);
#1898 = FACE_BOUND('',#1899,.F.);
#1899 = EDGE_LOOP('',(#1900,#1906,#1907,#1913));
#1900 = ORIENTED_EDGE('',*,*,#1901,.F.);
#1901 = EDGE_CURVE('',#1822,#1862,#1902,.T.);
#1902 = LINE('',#1903,#1904);
#1903 = CARTESIAN_POINT('',(-3.302,-1.717,0.));
#1904 = VECTOR('',#1905,1.);
#1905 = DIRECTION('',(1.,0.,0.));
#1906 = ORIENTED_EDGE('',*,*,#1821,.T.);
#1907 = ORIENTED_EDGE('',*,*,#1908,.T.);
#1908 = EDGE_CURVE('',#1824,#1864,#1909,.T.);
#1909 = LINE('',#1910,#1911);
#1910 = CARTESIAN_POINT('',(-3.302,-1.717,0.889));
#1911 = VECTOR('',#1912,1.);
#1912 = DIRECTION('',(1.,0.,0.));
#1913 = ORIENTED_EDGE('',*,*,#1861,.F.);
#1914 = PLANE('',#1915);
#1915 = AXIS2_PLACEMENT_3D('',#1916,#1917,#1918);
#1916 = CARTESIAN_POINT('',(-3.302,-1.717,0.));
#1917 = DIRECTION('',(0.,1.,0.));
#1918 = DIRECTION('',(0.,-0.,1.));
#1919 = ADVANCED_FACE('',(#1920),#1936,.T.);
#1920 = FACE_BOUND('',#1921,.T.);
#1921 = EDGE_LOOP('',(#1922,#1928,#1929,#1935));
#1922 = ORIENTED_EDGE('',*,*,#1923,.F.);
#1923 = EDGE_CURVE('',#1832,#1872,#1924,.T.);
#1924 = LINE('',#1925,#1926);
#1925 = CARTESIAN_POINT('',(-3.302,1.717,0.));
#1926 = VECTOR('',#1927,1.);
#1927 = DIRECTION('',(1.,0.,0.));
#1928 = ORIENTED_EDGE('',*,*,#1839,.T.);
#1929 = ORIENTED_EDGE('',*,*,#1930,.T.);
#1930 = EDGE_CURVE('',#1840,#1880,#1931,.T.);
#1931 = LINE('',#1932,#1933);
#1932 = CARTESIAN_POINT('',(-3.302,1.717,0.889));
#1933 = VECTOR('',#1934,1.);
#1934 = DIRECTION('',(1.,0.,0.));
#1935 = ORIENTED_EDGE('',*,*,#1879,.F.);
#1936 = PLANE('',#1937);
#1937 = AXIS2_PLACEMENT_3D('',#1938,#1939,#1940);
#1938 = CARTESIAN_POINT('',(-3.302,1.717,0.));
#1939 = DIRECTION('',(0.,1.,0.));
#1940 = DIRECTION('',(0.,-0.,1.));
#1941 = ADVANCED_FACE('',(#1942),#1948,.F.);
#1942 = FACE_BOUND('',#1943,.F.);
#1943 = EDGE_LOOP('',(#1944,#1945,#1946,#1947));
#1944 = ORIENTED_EDGE('',*,*,#1831,.F.);
#1945 = ORIENTED_EDGE('',*,*,#1901,.T.);
#1946 = ORIENTED_EDGE('',*,*,#1871,.T.);
#1947 = ORIENTED_EDGE('',*,*,#1923,.F.);
#1948 = PLANE('',#1949);
#1949 = AXIS2_PLACEMENT_3D('',#1950,#1951,#1952);
#1950 = CARTESIAN_POINT('',(-3.302,-1.717,0.));
#1951 = DIRECTION('',(0.,0.,1.));
#1952 = DIRECTION('',(1.,0.,-0.));
#1953 = ADVANCED_FACE('',(#1954),#1960,.T.);
#1954 = FACE_BOUND('',#1955,.T.);
#1955 = EDGE_LOOP('',(#1956,#1957,#1958,#1959));
#1956 = ORIENTED_EDGE('',*,*,#1847,.F.);
#1957 = ORIENTED_EDGE('',*,*,#1908,.T.);
#1958 = ORIENTED_EDGE('',*,*,#1887,.T.);
#1959 = ORIENTED_EDGE('',*,*,#1930,.F.);
#1960 = PLANE('',#1961);
#1961 = AXIS2_PLACEMENT_3D('',#1962,#1963,#1964);
#1962 = CARTESIAN_POINT('',(-3.302,-1.717,0.889));
#1963 = DIRECTION('',(0.,0.,1.));
#1964 = DIRECTION('',(1.,0.,-0.));
#1965 = ( GEOMETRIC_REPRESENTATION_CONTEXT(3) 
GLOBAL_UNCERTAINTY_ASSIGNED_CONTEXT((#1969)) 
GLOBAL_UNIT_ASSIGNED_CONTEXT((#1966,#1967,#1968)) REPRESENTATION_CONTEXT
('Context #1','3D Context with UNIT and UNCERTAINTY') );
#1966 = ( LENGTH_UNIT() NAMED_UNIT(*) SI_UNIT(.MILLI.,.METRE.) );
#1967 = ( NAMED_UNIT(*) PLANE_ANGLE_UNIT() SI_UNIT($,.RADIAN.) );
#1968 = ( NAMED_UNIT(*) SI_UNIT($,.STERADIAN.) SOLID_ANGLE_UNIT() );
#1969 = UNCERTAINTY_MEASURE_WITH_UNIT(LENGTH_MEASURE(1.E-07),#1966,
  'distance_accuracy_value','confusion accuracy');
#1970 = CONTEXT_DEPENDENT_SHAPE_REPRESENTATION(#1971,#1973);
#1971 = ( REPRESENTATION_RELATIONSHIP('','',#1814,#10) 
REPRESENTATION_RELATIONSHIP_WITH_TRANSFORMATION(#1972) 
SHAPE_REPRESENTATION_RELATIONSHIP() );
#1972 = ITEM_DEFINED_TRANSFORMATION('','',#11,#87);
#1973 = PRODUCT_DEFINITION_SHAPE('Placement','Placement of an item',
  #1974);
#1974 = NEXT_ASSEMBLY_USAGE_OCCURRENCE('19','R158','',#5,#1809,$);
#1975 = PRODUCT_RELATED_PRODUCT_CATEGORY('part',$,(#1811));
#1976 = SHAPE_DEFINITION_REPRESENTATION(#1977,#1983);
#1977 = PRODUCT_DEFINITION_SHAPE('','',#1978);
#1978 = PRODUCT_DEFINITION('design','',#1979,#1982);
#1979 = PRODUCT_DEFINITION_FORMATION('','',#1980);
#1980 = PRODUCT('ENVELOPE_WSLP0603_MANUFACTURER_R153',
  'ENVELOPE_WSLP0603_MANUFACTURER_R153','',(#1981));
#1981 = PRODUCT_CONTEXT('',#2,'mechanical');
#1982 = PRODUCT_DEFINITION_CONTEXT('part definition',#2,'design');
#1983 = ADVANCED_BREP_SHAPE_REPRESENTATION('',(#11,#1984),#2134);
#1984 = MANIFOLD_SOLID_BREP('',#1985);
#1985 = CLOSED_SHELL('',(#1986,#2026,#2066,#2088,#2110,#2122));
#1986 = ADVANCED_FACE('',(#1987),#2021,.F.);
#1987 = FACE_BOUND('',#1988,.F.);
#1988 = EDGE_LOOP('',(#1989,#1999,#2007,#2015));
#1989 = ORIENTED_EDGE('',*,*,#1990,.F.);
#1990 = EDGE_CURVE('',#1991,#1993,#1995,.T.);
#1991 = VERTEX_POINT('',#1992);
#1992 = CARTESIAN_POINT('',(-1.82,-1.1,0.));
#1993 = VERTEX_POINT('',#1994);
#1994 = CARTESIAN_POINT('',(-1.82,-1.1,0.533));
#1995 = LINE('',#1996,#1997);
#1996 = CARTESIAN_POINT('',(-1.82,-1.1,0.));
#1997 = VECTOR('',#1998,1.);
#1998 = DIRECTION('',(0.,0.,1.));
#1999 = ORIENTED_EDGE('',*,*,#2000,.T.);
#2000 = EDGE_CURVE('',#1991,#2001,#2003,.T.);
#2001 = VERTEX_POINT('',#2002);
#2002 = CARTESIAN_POINT('',(-1.82,1.1,0.));
#2003 = LINE('',#2004,#2005);
#2004 = CARTESIAN_POINT('',(-1.82,-1.1,0.));
#2005 = VECTOR('',#2006,1.);
#2006 = DIRECTION('',(0.,1.,0.));
#2007 = ORIENTED_EDGE('',*,*,#2008,.T.);
#2008 = EDGE_CURVE('',#2001,#2009,#2011,.T.);
#2009 = VERTEX_POINT('',#2010);
#2010 = CARTESIAN_POINT('',(-1.82,1.1,0.533));
#2011 = LINE('',#2012,#2013);
#2012 = CARTESIAN_POINT('',(-1.82,1.1,0.));
#2013 = VECTOR('',#2014,1.);
#2014 = DIRECTION('',(0.,0.,1.));
#2015 = ORIENTED_EDGE('',*,*,#2016,.F.);
#2016 = EDGE_CURVE('',#1993,#2009,#2017,.T.);
#2017 = LINE('',#2018,#2019);
#2018 = CARTESIAN_POINT('',(-1.82,-1.1,0.533));
#2019 = VECTOR('',#2020,1.);
#2020 = DIRECTION('',(0.,1.,0.));
#2021 = PLANE('',#2022);
#2022 = AXIS2_PLACEMENT_3D('',#2023,#2024,#2025);
#2023 = CARTESIAN_POINT('',(-1.82,-1.1,0.));
#2024 = DIRECTION('',(1.,0.,0.));
#2025 = DIRECTION('',(0.,0.,1.));
#2026 = ADVANCED_FACE('',(#2027),#2061,.T.);
#2027 = FACE_BOUND('',#2028,.T.);
#2028 = EDGE_LOOP('',(#2029,#2039,#2047,#2055));
#2029 = ORIENTED_EDGE('',*,*,#2030,.F.);
#2030 = EDGE_CURVE('',#2031,#2033,#2035,.T.);
#2031 = VERTEX_POINT('',#2032);
#2032 = CARTESIAN_POINT('',(1.82,-1.1,0.));
#2033 = VERTEX_POINT('',#2034);
#2034 = CARTESIAN_POINT('',(1.82,-1.1,0.533));
#2035 = LINE('',#2036,#2037);
#2036 = CARTESIAN_POINT('',(1.82,-1.1,0.));
#2037 = VECTOR('',#2038,1.);
#2038 = DIRECTION('',(0.,0.,1.));
#2039 = ORIENTED_EDGE('',*,*,#2040,.T.);
#2040 = EDGE_CURVE('',#2031,#2041,#2043,.T.);
#2041 = VERTEX_POINT('',#2042);
#2042 = CARTESIAN_POINT('',(1.82,1.1,0.));
#2043 = LINE('',#2044,#2045);
#2044 = CARTESIAN_POINT('',(1.82,-1.1,0.));
#2045 = VECTOR('',#2046,1.);
#2046 = DIRECTION('',(0.,1.,0.));
#2047 = ORIENTED_EDGE('',*,*,#2048,.T.);
#2048 = EDGE_CURVE('',#2041,#2049,#2051,.T.);
#2049 = VERTEX_POINT('',#2050);
#2050 = CARTESIAN_POINT('',(1.82,1.1,0.533));
#2051 = LINE('',#2052,#2053);
#2052 = CARTESIAN_POINT('',(1.82,1.1,0.));
#2053 = VECTOR('',#2054,1.);
#2054 = DIRECTION('',(0.,0.,1.));
#2055 = ORIENTED_EDGE('',*,*,#2056,.F.);
#2056 = EDGE_CURVE('',#2033,#2049,#2057,.T.);
#2057 = LINE('',#2058,#2059);
#2058 = CARTESIAN_POINT('',(1.82,-1.1,0.533));
#2059 = VECTOR('',#2060,1.);
#2060 = DIRECTION('',(0.,1.,0.));
#2061 = PLANE('',#2062);
#2062 = AXIS2_PLACEMENT_3D('',#2063,#2064,#2065);
#2063 = CARTESIAN_POINT('',(1.82,-1.1,0.));
#2064 = DIRECTION('',(1.,0.,0.));
#2065 = DIRECTION('',(0.,0.,1.));
#2066 = ADVANCED_FACE('',(#2067),#2083,.F.);
#2067 = FACE_BOUND('',#2068,.F.);
#2068 = EDGE_LOOP('',(#2069,#2075,#2076,#2082));
#2069 = ORIENTED_EDGE('',*,*,#2070,.F.);
#2070 = EDGE_CURVE('',#1991,#2031,#2071,.T.);
#2071 = LINE('',#2072,#2073);
#2072 = CARTESIAN_POINT('',(-1.82,-1.1,0.));
#2073 = VECTOR('',#2074,1.);
#2074 = DIRECTION('',(1.,0.,0.));
#2075 = ORIENTED_EDGE('',*,*,#1990,.T.);
#2076 = ORIENTED_EDGE('',*,*,#2077,.T.);
#2077 = EDGE_CURVE('',#1993,#2033,#2078,.T.);
#2078 = LINE('',#2079,#2080);
#2079 = CARTESIAN_POINT('',(-1.82,-1.1,0.533));
#2080 = VECTOR('',#2081,1.);
#2081 = DIRECTION('',(1.,0.,0.));
#2082 = ORIENTED_EDGE('',*,*,#2030,.F.);
#2083 = PLANE('',#2084);
#2084 = AXIS2_PLACEMENT_3D('',#2085,#2086,#2087);
#2085 = CARTESIAN_POINT('',(-1.82,-1.1,0.));
#2086 = DIRECTION('',(0.,1.,0.));
#2087 = DIRECTION('',(0.,-0.,1.));
#2088 = ADVANCED_FACE('',(#2089),#2105,.T.);
#2089 = FACE_BOUND('',#2090,.T.);
#2090 = EDGE_LOOP('',(#2091,#2097,#2098,#2104));
#2091 = ORIENTED_EDGE('',*,*,#2092,.F.);
#2092 = EDGE_CURVE('',#2001,#2041,#2093,.T.);
#2093 = LINE('',#2094,#2095);
#2094 = CARTESIAN_POINT('',(-1.82,1.1,0.));
#2095 = VECTOR('',#2096,1.);
#2096 = DIRECTION('',(1.,0.,0.));
#2097 = ORIENTED_EDGE('',*,*,#2008,.T.);
#2098 = ORIENTED_EDGE('',*,*,#2099,.T.);
#2099 = EDGE_CURVE('',#2009,#2049,#2100,.T.);
#2100 = LINE('',#2101,#2102);
#2101 = CARTESIAN_POINT('',(-1.82,1.1,0.533));
#2102 = VECTOR('',#2103,1.);
#2103 = DIRECTION('',(1.,0.,0.));
#2104 = ORIENTED_EDGE('',*,*,#2048,.F.);
#2105 = PLANE('',#2106);
#2106 = AXIS2_PLACEMENT_3D('',#2107,#2108,#2109);
#2107 = CARTESIAN_POINT('',(-1.82,1.1,0.));
#2108 = DIRECTION('',(0.,1.,0.));
#2109 = DIRECTION('',(0.,-0.,1.));
#2110 = ADVANCED_FACE('',(#2111),#2117,.F.);
#2111 = FACE_BOUND('',#2112,.F.);
#2112 = EDGE_LOOP('',(#2113,#2114,#2115,#2116));
#2113 = ORIENTED_EDGE('',*,*,#2000,.F.);
#2114 = ORIENTED_EDGE('',*,*,#2070,.T.);
#2115 = ORIENTED_EDGE('',*,*,#2040,.T.);
#2116 = ORIENTED_EDGE('',*,*,#2092,.F.);
#2117 = PLANE('',#2118);
#2118 = AXIS2_PLACEMENT_3D('',#2119,#2120,#2121);
#2119 = CARTESIAN_POINT('',(-1.82,-1.1,0.));
#2120 = DIRECTION('',(0.,0.,1.));
#2121 = DIRECTION('',(1.,0.,-0.));
#2122 = ADVANCED_FACE('',(#2123),#2129,.T.);
#2123 = FACE_BOUND('',#2124,.T.);
#2124 = EDGE_LOOP('',(#2125,#2126,#2127,#2128));
#2125 = ORIENTED_EDGE('',*,*,#2016,.F.);
#2126 = ORIENTED_EDGE('',*,*,#2077,.T.);
#2127 = ORIENTED_EDGE('',*,*,#2056,.T.);
#2128 = ORIENTED_EDGE('',*,*,#2099,.F.);
#2129 = PLANE('',#2130);
#2130 = AXIS2_PLACEMENT_3D('',#2131,#2132,#2133);
#2131 = CARTESIAN_POINT('',(-1.82,-1.1,0.533));
#2132 = DIRECTION('',(0.,0.,1.));
#2133 = DIRECTION('',(1.,0.,-0.));
#2134 = ( GEOMETRIC_REPRESENTATION_CONTEXT(3) 
GLOBAL_UNCERTAINTY_ASSIGNED_CONTEXT((#2138)) 
GLOBAL_UNIT_ASSIGNED_CONTEXT((#2135,#2136,#2137)) REPRESENTATION_CONTEXT
('Context #1','3D Context with UNIT and UNCERTAINTY') );
#2135 = ( LENGTH_UNIT() NAMED_UNIT(*) SI_UNIT(.MILLI.,.METRE.) );
#2136 = ( NAMED_UNIT(*) PLANE_ANGLE_UNIT() SI_UNIT($,.RADIAN.) );
#2137 = ( NAMED_UNIT(*) SI_UNIT($,.STERADIAN.) SOLID_ANGLE_UNIT() );
#2138 = UNCERTAINTY_MEASURE_WITH_UNIT(LENGTH_MEASURE(1.E-07),#2135,
  'distance_accuracy_value','confusion accuracy');
#2139 = CONTEXT_DEPENDENT_SHAPE_REPRESENTATION(#2140,#2142);
#2140 = ( REPRESENTATION_RELATIONSHIP('','',#1983,#10) 
REPRESENTATION_RELATIONSHIP_WITH_TRANSFORMATION(#2141) 
SHAPE_REPRESENTATION_RELATIONSHIP() );
#2141 = ITEM_DEFINED_TRANSFORMATION('','',#11,#91);
#2142 = PRODUCT_DEFINITION_SHAPE('Placement','Placement of an item',
  #2143);
#2143 = NEXT_ASSEMBLY_USAGE_OCCURRENCE('20','R153','',#5,#1978,$);
#2144 = PRODUCT_RELATED_PRODUCT_CATEGORY('part',$,(#1980));
#2145 = SHAPE_DEFINITION_REPRESENTATION(#2146,#2152);
#2146 = PRODUCT_DEFINITION_SHAPE('','',#2147);
#2147 = PRODUCT_DEFINITION('design','',#2148,#2151);
#2148 = PRODUCT_DEFINITION_FORMATION('','',#2149);
#2149 = PRODUCT('ENVELOPE_I32_PROCUREMENT_R155',
  'ENVELOPE_I32_PROCUREMENT_R155','',(#2150));
#2150 = PRODUCT_CONTEXT('',#2,'mechanical');
#2151 = PRODUCT_DEFINITION_CONTEXT('part definition',#2,'design');
#2152 = MANIFOLD_SURFACE_SHAPE_REPRESENTATION('',(#11),#2153);
#2153 = ( GEOMETRIC_REPRESENTATION_CONTEXT(3) 
GLOBAL_UNCERTAINTY_ASSIGNED_CONTEXT((#2157)) 
GLOBAL_UNIT_ASSIGNED_CONTEXT((#2154,#2155,#2156)) REPRESENTATION_CONTEXT
('Context #1','3D Context with UNIT and UNCERTAINTY') );
#2154 = ( LENGTH_UNIT() NAMED_UNIT(*) SI_UNIT(.MILLI.,.METRE.) );
#2155 = ( NAMED_UNIT(*) PLANE_ANGLE_UNIT() SI_UNIT($,.RADIAN.) );
#2156 = ( NAMED_UNIT(*) SI_UNIT($,.STERADIAN.) SOLID_ANGLE_UNIT() );
#2157 = UNCERTAINTY_MEASURE_WITH_UNIT(LENGTH_MEASURE(1.E-07),#2154,
  'distance_accuracy_value','confusion accuracy');
#2158 = CONTEXT_DEPENDENT_SHAPE_REPRESENTATION(#2159,#2161);
#2159 = ( REPRESENTATION_RELATIONSHIP('','',#2152,#10) 
REPRESENTATION_RELATIONSHIP_WITH_TRANSFORMATION(#2160) 
SHAPE_REPRESENTATION_RELATIONSHIP() );
#2160 = ITEM_DEFINED_TRANSFORMATION('','',#11,#95);
#2161 = PRODUCT_DEFINITION_SHAPE('Placement','Placement of an item',
  #2162);
#2162 = NEXT_ASSEMBLY_USAGE_OCCURRENCE('21','R155','',#5,#2147,$);
#2163 = PRODUCT_RELATED_PRODUCT_CATEGORY('part',$,(#2149));
#2164 = SHAPE_DEFINITION_REPRESENTATION(#2165,#2171);
#2165 = PRODUCT_DEFINITION_SHAPE('','',#2166);
#2166 = PRODUCT_DEFINITION('design','',#2167,#2170);
#2167 = PRODUCT_DEFINITION_FORMATION('','',#2168);
#2168 = PRODUCT('ENVELOPE_TDK_CGA5L1_68N_I32',
  'ENVELOPE_TDK_CGA5L1_68N_I32','',(#2169));
#2169 = PRODUCT_CONTEXT('',#2,'mechanical');
#2170 = PRODUCT_DEFINITION_CONTEXT('part definition',#2,'design');
#2171 = ADVANCED_BREP_SHAPE_REPRESENTATION('',(#11,#2172),#2322);
#2172 = MANIFOLD_SOLID_BREP('',#2173);
#2173 = CLOSED_SHELL('',(#2174,#2214,#2254,#2276,#2298,#2310));
#2174 = ADVANCED_FACE('',(#2175),#2209,.F.);
#2175 = FACE_BOUND('',#2176,.F.);
#2176 = EDGE_LOOP('',(#2177,#2187,#2195,#2203));
#2177 = ORIENTED_EDGE('',*,*,#2178,.F.);
#2178 = EDGE_CURVE('',#2179,#2181,#2183,.T.);
#2179 = VERTEX_POINT('',#2180);
#2180 = CARTESIAN_POINT('',(-1.8,-0.95,0.));
#2181 = VERTEX_POINT('',#2182);
#2182 = CARTESIAN_POINT('',(-1.8,-0.95,1.9));
#2183 = LINE('',#2184,#2185);
#2184 = CARTESIAN_POINT('',(-1.8,-0.95,0.));
#2185 = VECTOR('',#2186,1.);
#2186 = DIRECTION('',(0.,0.,1.));
#2187 = ORIENTED_EDGE('',*,*,#2188,.T.);
#2188 = EDGE_CURVE('',#2179,#2189,#2191,.T.);
#2189 = VERTEX_POINT('',#2190);
#2190 = CARTESIAN_POINT('',(-1.8,0.95,0.));
#2191 = LINE('',#2192,#2193);
#2192 = CARTESIAN_POINT('',(-1.8,-0.95,0.));
#2193 = VECTOR('',#2194,1.);
#2194 = DIRECTION('',(0.,1.,0.));
#2195 = ORIENTED_EDGE('',*,*,#2196,.T.);
#2196 = EDGE_CURVE('',#2189,#2197,#2199,.T.);
#2197 = VERTEX_POINT('',#2198);
#2198 = CARTESIAN_POINT('',(-1.8,0.95,1.9));
#2199 = LINE('',#2200,#2201);
#2200 = CARTESIAN_POINT('',(-1.8,0.95,0.));
#2201 = VECTOR('',#2202,1.);
#2202 = DIRECTION('',(0.,0.,1.));
#2203 = ORIENTED_EDGE('',*,*,#2204,.F.);
#2204 = EDGE_CURVE('',#2181,#2197,#2205,.T.);
#2205 = LINE('',#2206,#2207);
#2206 = CARTESIAN_POINT('',(-1.8,-0.95,1.9));
#2207 = VECTOR('',#2208,1.);
#2208 = DIRECTION('',(0.,1.,0.));
#2209 = PLANE('',#2210);
#2210 = AXIS2_PLACEMENT_3D('',#2211,#2212,#2213);
#2211 = CARTESIAN_POINT('',(-1.8,-0.95,0.));
#2212 = DIRECTION('',(1.,0.,0.));
#2213 = DIRECTION('',(0.,0.,1.));
#2214 = ADVANCED_FACE('',(#2215),#2249,.T.);
#2215 = FACE_BOUND('',#2216,.T.);
#2216 = EDGE_LOOP('',(#2217,#2227,#2235,#2243));
#2217 = ORIENTED_EDGE('',*,*,#2218,.F.);
#2218 = EDGE_CURVE('',#2219,#2221,#2223,.T.);
#2219 = VERTEX_POINT('',#2220);
#2220 = CARTESIAN_POINT('',(1.8,-0.95,0.));
#2221 = VERTEX_POINT('',#2222);
#2222 = CARTESIAN_POINT('',(1.8,-0.95,1.9));
#2223 = LINE('',#2224,#2225);
#2224 = CARTESIAN_POINT('',(1.8,-0.95,0.));
#2225 = VECTOR('',#2226,1.);
#2226 = DIRECTION('',(0.,0.,1.));
#2227 = ORIENTED_EDGE('',*,*,#2228,.T.);
#2228 = EDGE_CURVE('',#2219,#2229,#2231,.T.);
#2229 = VERTEX_POINT('',#2230);
#2230 = CARTESIAN_POINT('',(1.8,0.95,0.));
#2231 = LINE('',#2232,#2233);
#2232 = CARTESIAN_POINT('',(1.8,-0.95,0.));
#2233 = VECTOR('',#2234,1.);
#2234 = DIRECTION('',(0.,1.,0.));
#2235 = ORIENTED_EDGE('',*,*,#2236,.T.);
#2236 = EDGE_CURVE('',#2229,#2237,#2239,.T.);
#2237 = VERTEX_POINT('',#2238);
#2238 = CARTESIAN_POINT('',(1.8,0.95,1.9));
#2239 = LINE('',#2240,#2241);
#2240 = CARTESIAN_POINT('',(1.8,0.95,0.));
#2241 = VECTOR('',#2242,1.);
#2242 = DIRECTION('',(0.,0.,1.));
#2243 = ORIENTED_EDGE('',*,*,#2244,.F.);
#2244 = EDGE_CURVE('',#2221,#2237,#2245,.T.);
#2245 = LINE('',#2246,#2247);
#2246 = CARTESIAN_POINT('',(1.8,-0.95,1.9));
#2247 = VECTOR('',#2248,1.);
#2248 = DIRECTION('',(0.,1.,0.));
#2249 = PLANE('',#2250);
#2250 = AXIS2_PLACEMENT_3D('',#2251,#2252,#2253);
#2251 = CARTESIAN_POINT('',(1.8,-0.95,0.));
#2252 = DIRECTION('',(1.,0.,0.));
#2253 = DIRECTION('',(0.,0.,1.));
#2254 = ADVANCED_FACE('',(#2255),#2271,.F.);
#2255 = FACE_BOUND('',#2256,.F.);
#2256 = EDGE_LOOP('',(#2257,#2263,#2264,#2270));
#2257 = ORIENTED_EDGE('',*,*,#2258,.F.);
#2258 = EDGE_CURVE('',#2179,#2219,#2259,.T.);
#2259 = LINE('',#2260,#2261);
#2260 = CARTESIAN_POINT('',(-1.8,-0.95,0.));
#2261 = VECTOR('',#2262,1.);
#2262 = DIRECTION('',(1.,0.,0.));
#2263 = ORIENTED_EDGE('',*,*,#2178,.T.);
#2264 = ORIENTED_EDGE('',*,*,#2265,.T.);
#2265 = EDGE_CURVE('',#2181,#2221,#2266,.T.);
#2266 = LINE('',#2267,#2268);
#2267 = CARTESIAN_POINT('',(-1.8,-0.95,1.9));
#2268 = VECTOR('',#2269,1.);
#2269 = DIRECTION('',(1.,0.,0.));
#2270 = ORIENTED_EDGE('',*,*,#2218,.F.);
#2271 = PLANE('',#2272);
#2272 = AXIS2_PLACEMENT_3D('',#2273,#2274,#2275);
#2273 = CARTESIAN_POINT('',(-1.8,-0.95,0.));
#2274 = DIRECTION('',(0.,1.,0.));
#2275 = DIRECTION('',(0.,-0.,1.));
#2276 = ADVANCED_FACE('',(#2277),#2293,.T.);
#2277 = FACE_BOUND('',#2278,.T.);
#2278 = EDGE_LOOP('',(#2279,#2285,#2286,#2292));
#2279 = ORIENTED_EDGE('',*,*,#2280,.F.);
#2280 = EDGE_CURVE('',#2189,#2229,#2281,.T.);
#2281 = LINE('',#2282,#2283);
#2282 = CARTESIAN_POINT('',(-1.8,0.95,0.));
#2283 = VECTOR('',#2284,1.);
#2284 = DIRECTION('',(1.,0.,0.));
#2285 = ORIENTED_EDGE('',*,*,#2196,.T.);
#2286 = ORIENTED_EDGE('',*,*,#2287,.T.);
#2287 = EDGE_CURVE('',#2197,#2237,#2288,.T.);
#2288 = LINE('',#2289,#2290);
#2289 = CARTESIAN_POINT('',(-1.8,0.95,1.9));
#2290 = VECTOR('',#2291,1.);
#2291 = DIRECTION('',(1.,0.,0.));
#2292 = ORIENTED_EDGE('',*,*,#2236,.F.);
#2293 = PLANE('',#2294);
#2294 = AXIS2_PLACEMENT_3D('',#2295,#2296,#2297);
#2295 = CARTESIAN_POINT('',(-1.8,0.95,0.));
#2296 = DIRECTION('',(0.,1.,0.));
#2297 = DIRECTION('',(0.,-0.,1.));
#2298 = ADVANCED_FACE('',(#2299),#2305,.F.);
#2299 = FACE_BOUND('',#2300,.F.);
#2300 = EDGE_LOOP('',(#2301,#2302,#2303,#2304));
#2301 = ORIENTED_EDGE('',*,*,#2188,.F.);
#2302 = ORIENTED_EDGE('',*,*,#2258,.T.);
#2303 = ORIENTED_EDGE('',*,*,#2228,.T.);
#2304 = ORIENTED_EDGE('',*,*,#2280,.F.);
#2305 = PLANE('',#2306);
#2306 = AXIS2_PLACEMENT_3D('',#2307,#2308,#2309);
#2307 = CARTESIAN_POINT('',(-1.8,-0.95,0.));
#2308 = DIRECTION('',(0.,0.,1.));
#2309 = DIRECTION('',(1.,0.,-0.));
#2310 = ADVANCED_FACE('',(#2311),#2317,.T.);
#2311 = FACE_BOUND('',#2312,.T.);
#2312 = EDGE_LOOP('',(#2313,#2314,#2315,#2316));
#2313 = ORIENTED_EDGE('',*,*,#2204,.F.);
#2314 = ORIENTED_EDGE('',*,*,#2265,.T.);
#2315 = ORIENTED_EDGE('',*,*,#2244,.T.);
#2316 = ORIENTED_EDGE('',*,*,#2287,.F.);
#2317 = PLANE('',#2318);
#2318 = AXIS2_PLACEMENT_3D('',#2319,#2320,#2321);
#2319 = CARTESIAN_POINT('',(-1.8,-0.95,1.9));
#2320 = DIRECTION('',(0.,0.,1.));
#2321 = DIRECTION('',(1.,0.,-0.));
#2322 = ( GEOMETRIC_REPRESENTATION_CONTEXT(3) 
GLOBAL_UNCERTAINTY_ASSIGNED_CONTEXT((#2326)) 
GLOBAL_UNIT_ASSIGNED_CONTEXT((#2323,#2324,#2325)) REPRESENTATION_CONTEXT
('Context #1','3D Context with UNIT and UNCERTAINTY') );
#2323 = ( LENGTH_UNIT() NAMED_UNIT(*) SI_UNIT(.MILLI.,.METRE.) );
#2324 = ( NAMED_UNIT(*) PLANE_ANGLE_UNIT() SI_UNIT($,.RADIAN.) );
#2325 = ( NAMED_UNIT(*) SI_UNIT($,.STERADIAN.) SOLID_ANGLE_UNIT() );
#2326 = UNCERTAINTY_MEASURE_WITH_UNIT(LENGTH_MEASURE(1.E-07),#2323,
  'distance_accuracy_value','confusion accuracy');
#2327 = CONTEXT_DEPENDENT_SHAPE_REPRESENTATION(#2328,#2330);
#2328 = ( REPRESENTATION_RELATIONSHIP('','',#2171,#10) 
REPRESENTATION_RELATIONSHIP_WITH_TRANSFORMATION(#2329) 
SHAPE_REPRESENTATION_RELATIONSHIP() );
#2329 = ITEM_DEFINED_TRANSFORMATION('','',#11,#99);
#2330 = PRODUCT_DEFINITION_SHAPE('Placement','Placement of an item',
  #2331);
#2331 = NEXT_ASSEMBLY_USAGE_OCCURRENCE('22','C166','',#5,#2166,$);
#2332 = PRODUCT_RELATED_PRODUCT_CATEGORY('part',$,(#2168));
#2333 = SHAPE_DEFINITION_REPRESENTATION(#2334,#2340);
#2334 = PRODUCT_DEFINITION_SHAPE('','',#2335);
#2335 = PRODUCT_DEFINITION('design','',#2336,#2339);
#2336 = PRODUCT_DEFINITION_FORMATION('','',#2337);
#2337 = PRODUCT('ENVELOPE_I32_PROCUREMENT_R156',
  'ENVELOPE_I32_PROCUREMENT_R156','',(#2338));
#2338 = PRODUCT_CONTEXT('',#2,'mechanical');
#2339 = PRODUCT_DEFINITION_CONTEXT('part definition',#2,'design');
#2340 = MANIFOLD_SURFACE_SHAPE_REPRESENTATION('',(#11),#2341);
#2341 = ( GEOMETRIC_REPRESENTATION_CONTEXT(3) 
GLOBAL_UNCERTAINTY_ASSIGNED_CONTEXT((#2345)) 
GLOBAL_UNIT_ASSIGNED_CONTEXT((#2342,#2343,#2344)) REPRESENTATION_CONTEXT
('Context #1','3D Context with UNIT and UNCERTAINTY') );
#2342 = ( LENGTH_UNIT() NAMED_UNIT(*) SI_UNIT(.MILLI.,.METRE.) );
#2343 = ( NAMED_UNIT(*) PLANE_ANGLE_UNIT() SI_UNIT($,.RADIAN.) );
#2344 = ( NAMED_UNIT(*) SI_UNIT($,.STERADIAN.) SOLID_ANGLE_UNIT() );
#2345 = UNCERTAINTY_MEASURE_WITH_UNIT(LENGTH_MEASURE(1.E-07),#2342,
  'distance_accuracy_value','confusion accuracy');
#2346 = CONTEXT_DEPENDENT_SHAPE_REPRESENTATION(#2347,#2349);
#2347 = ( REPRESENTATION_RELATIONSHIP('','',#2340,#10) 
REPRESENTATION_RELATIONSHIP_WITH_TRANSFORMATION(#2348) 
SHAPE_REPRESENTATION_RELATIONSHIP() );
#2348 = ITEM_DEFINED_TRANSFORMATION('','',#11,#103);
#2349 = PRODUCT_DEFINITION_SHAPE('Placement','Placement of an item',
  #2350);
#2350 = NEXT_ASSEMBLY_USAGE_OCCURRENCE('23','R156','',#5,#2335,$);
#2351 = PRODUCT_RELATED_PRODUCT_CATEGORY('part',$,(#2337));
#2352 = SHAPE_DEFINITION_REPRESENTATION(#2353,#2359);
#2353 = PRODUCT_DEFINITION_SHAPE('','',#2354);
#2354 = PRODUCT_DEFINITION('design','',#2355,#2358);
#2355 = PRODUCT_DEFINITION_FORMATION('','',#2356);
#2356 = PRODUCT('ENVELOPE_I32_PROCUREMENT_R170',
  'ENVELOPE_I32_PROCUREMENT_R170','',(#2357));
#2357 = PRODUCT_CONTEXT('',#2,'mechanical');
#2358 = PRODUCT_DEFINITION_CONTEXT('part definition',#2,'design');
#2359 = MANIFOLD_SURFACE_SHAPE_REPRESENTATION('',(#11),#2360);
#2360 = ( GEOMETRIC_REPRESENTATION_CONTEXT(3) 
GLOBAL_UNCERTAINTY_ASSIGNED_CONTEXT((#2364)) 
GLOBAL_UNIT_ASSIGNED_CONTEXT((#2361,#2362,#2363)) REPRESENTATION_CONTEXT
('Context #1','3D Context with UNIT and UNCERTAINTY') );
#2361 = ( LENGTH_UNIT() NAMED_UNIT(*) SI_UNIT(.MILLI.,.METRE.) );
#2362 = ( NAMED_UNIT(*) PLANE_ANGLE_UNIT() SI_UNIT($,.RADIAN.) );
#2363 = ( NAMED_UNIT(*) SI_UNIT($,.STERADIAN.) SOLID_ANGLE_UNIT() );
#2364 = UNCERTAINTY_MEASURE_WITH_UNIT(LENGTH_MEASURE(1.E-07),#2361,
  'distance_accuracy_value','confusion accuracy');
#2365 = CONTEXT_DEPENDENT_SHAPE_REPRESENTATION(#2366,#2368);
#2366 = ( REPRESENTATION_RELATIONSHIP('','',#2359,#10) 
REPRESENTATION_RELATIONSHIP_WITH_TRANSFORMATION(#2367) 
SHAPE_REPRESENTATION_RELATIONSHIP() );
#2367 = ITEM_DEFINED_TRANSFORMATION('','',#11,#107);
#2368 = PRODUCT_DEFINITION_SHAPE('Placement','Placement of an item',
  #2369);
#2369 = NEXT_ASSEMBLY_USAGE_OCCURRENCE('24','R170','',#5,#2354,$);
#2370 = PRODUCT_RELATED_PRODUCT_CATEGORY('part',$,(#2356));
#2371 = SHAPE_DEFINITION_REPRESENTATION(#2372,#2378);
#2372 = PRODUCT_DEFINITION_SHAPE('','',#2373);
#2373 = PRODUCT_DEFINITION('design','',#2374,#2377);
#2374 = PRODUCT_DEFINITION_FORMATION('','',#2375);
#2375 = PRODUCT('ENVELOPE_TI_DRB0008J_TCAN3403',
  'ENVELOPE_TI_DRB0008J_TCAN3403','',(#2376));
#2376 = PRODUCT_CONTEXT('',#2,'mechanical');
#2377 = PRODUCT_DEFINITION_CONTEXT('part definition',#2,'design');
#2378 = ADVANCED_BREP_SHAPE_REPRESENTATION('',(#11,#2379),#2529);
#2379 = MANIFOLD_SOLID_BREP('',#2380);
#2380 = CLOSED_SHELL('',(#2381,#2421,#2461,#2483,#2505,#2517));
#2381 = ADVANCED_FACE('',(#2382),#2416,.F.);
#2382 = FACE_BOUND('',#2383,.F.);
#2383 = EDGE_LOOP('',(#2384,#2394,#2402,#2410));
#2384 = ORIENTED_EDGE('',*,*,#2385,.F.);
#2385 = EDGE_CURVE('',#2386,#2388,#2390,.T.);
#2386 = VERTEX_POINT('',#2387);
#2387 = CARTESIAN_POINT('',(-2.25,-2.1,0.));
#2388 = VERTEX_POINT('',#2389);
#2389 = CARTESIAN_POINT('',(-2.25,-2.1,1.));
#2390 = LINE('',#2391,#2392);
#2391 = CARTESIAN_POINT('',(-2.25,-2.1,0.));
#2392 = VECTOR('',#2393,1.);
#2393 = DIRECTION('',(0.,0.,1.));
#2394 = ORIENTED_EDGE('',*,*,#2395,.T.);
#2395 = EDGE_CURVE('',#2386,#2396,#2398,.T.);
#2396 = VERTEX_POINT('',#2397);
#2397 = CARTESIAN_POINT('',(-2.25,2.45,0.));
#2398 = LINE('',#2399,#2400);
#2399 = CARTESIAN_POINT('',(-2.25,-2.1,0.));
#2400 = VECTOR('',#2401,1.);
#2401 = DIRECTION('',(0.,1.,0.));
#2402 = ORIENTED_EDGE('',*,*,#2403,.T.);
#2403 = EDGE_CURVE('',#2396,#2404,#2406,.T.);
#2404 = VERTEX_POINT('',#2405);
#2405 = CARTESIAN_POINT('',(-2.25,2.45,1.));
#2406 = LINE('',#2407,#2408);
#2407 = CARTESIAN_POINT('',(-2.25,2.45,0.));
#2408 = VECTOR('',#2409,1.);
#2409 = DIRECTION('',(0.,0.,1.));
#2410 = ORIENTED_EDGE('',*,*,#2411,.F.);
#2411 = EDGE_CURVE('',#2388,#2404,#2412,.T.);
#2412 = LINE('',#2413,#2414);
#2413 = CARTESIAN_POINT('',(-2.25,-2.1,1.));
#2414 = VECTOR('',#2415,1.);
#2415 = DIRECTION('',(0.,1.,0.));
#2416 = PLANE('',#2417);
#2417 = AXIS2_PLACEMENT_3D('',#2418,#2419,#2420);
#2418 = CARTESIAN_POINT('',(-2.25,-2.1,0.));
#2419 = DIRECTION('',(1.,0.,0.));
#2420 = DIRECTION('',(0.,0.,1.));
#2421 = ADVANCED_FACE('',(#2422),#2456,.T.);
#2422 = FACE_BOUND('',#2423,.T.);
#2423 = EDGE_LOOP('',(#2424,#2434,#2442,#2450));
#2424 = ORIENTED_EDGE('',*,*,#2425,.F.);
#2425 = EDGE_CURVE('',#2426,#2428,#2430,.T.);
#2426 = VERTEX_POINT('',#2427);
#2427 = CARTESIAN_POINT('',(2.25,-2.1,0.));
#2428 = VERTEX_POINT('',#2429);
#2429 = CARTESIAN_POINT('',(2.25,-2.1,1.));
#2430 = LINE('',#2431,#2432);
#2431 = CARTESIAN_POINT('',(2.25,-2.1,0.));
#2432 = VECTOR('',#2433,1.);
#2433 = DIRECTION('',(0.,0.,1.));
#2434 = ORIENTED_EDGE('',*,*,#2435,.T.);
#2435 = EDGE_CURVE('',#2426,#2436,#2438,.T.);
#2436 = VERTEX_POINT('',#2437);
#2437 = CARTESIAN_POINT('',(2.25,2.45,0.));
#2438 = LINE('',#2439,#2440);
#2439 = CARTESIAN_POINT('',(2.25,-2.1,0.));
#2440 = VECTOR('',#2441,1.);
#2441 = DIRECTION('',(0.,1.,0.));
#2442 = ORIENTED_EDGE('',*,*,#2443,.T.);
#2443 = EDGE_CURVE('',#2436,#2444,#2446,.T.);
#2444 = VERTEX_POINT('',#2445);
#2445 = CARTESIAN_POINT('',(2.25,2.45,1.));
#2446 = LINE('',#2447,#2448);
#2447 = CARTESIAN_POINT('',(2.25,2.45,0.));
#2448 = VECTOR('',#2449,1.);
#2449 = DIRECTION('',(0.,0.,1.));
#2450 = ORIENTED_EDGE('',*,*,#2451,.F.);
#2451 = EDGE_CURVE('',#2428,#2444,#2452,.T.);
#2452 = LINE('',#2453,#2454);
#2453 = CARTESIAN_POINT('',(2.25,-2.1,1.));
#2454 = VECTOR('',#2455,1.);
#2455 = DIRECTION('',(0.,1.,0.));
#2456 = PLANE('',#2457);
#2457 = AXIS2_PLACEMENT_3D('',#2458,#2459,#2460);
#2458 = CARTESIAN_POINT('',(2.25,-2.1,0.));
#2459 = DIRECTION('',(1.,0.,0.));
#2460 = DIRECTION('',(0.,0.,1.));
#2461 = ADVANCED_FACE('',(#2462),#2478,.F.);
#2462 = FACE_BOUND('',#2463,.F.);
#2463 = EDGE_LOOP('',(#2464,#2470,#2471,#2477));
#2464 = ORIENTED_EDGE('',*,*,#2465,.F.);
#2465 = EDGE_CURVE('',#2386,#2426,#2466,.T.);
#2466 = LINE('',#2467,#2468);
#2467 = CARTESIAN_POINT('',(-2.25,-2.1,0.));
#2468 = VECTOR('',#2469,1.);
#2469 = DIRECTION('',(1.,0.,0.));
#2470 = ORIENTED_EDGE('',*,*,#2385,.T.);
#2471 = ORIENTED_EDGE('',*,*,#2472,.T.);
#2472 = EDGE_CURVE('',#2388,#2428,#2473,.T.);
#2473 = LINE('',#2474,#2475);
#2474 = CARTESIAN_POINT('',(-2.25,-2.1,1.));
#2475 = VECTOR('',#2476,1.);
#2476 = DIRECTION('',(1.,0.,0.));
#2477 = ORIENTED_EDGE('',*,*,#2425,.F.);
#2478 = PLANE('',#2479);
#2479 = AXIS2_PLACEMENT_3D('',#2480,#2481,#2482);
#2480 = CARTESIAN_POINT('',(-2.25,-2.1,0.));
#2481 = DIRECTION('',(0.,1.,0.));
#2482 = DIRECTION('',(0.,-0.,1.));
#2483 = ADVANCED_FACE('',(#2484),#2500,.T.);
#2484 = FACE_BOUND('',#2485,.T.);
#2485 = EDGE_LOOP('',(#2486,#2492,#2493,#2499));
#2486 = ORIENTED_EDGE('',*,*,#2487,.F.);
#2487 = EDGE_CURVE('',#2396,#2436,#2488,.T.);
#2488 = LINE('',#2489,#2490);
#2489 = CARTESIAN_POINT('',(-2.25,2.45,0.));
#2490 = VECTOR('',#2491,1.);
#2491 = DIRECTION('',(1.,0.,0.));
#2492 = ORIENTED_EDGE('',*,*,#2403,.T.);
#2493 = ORIENTED_EDGE('',*,*,#2494,.T.);
#2494 = EDGE_CURVE('',#2404,#2444,#2495,.T.);
#2495 = LINE('',#2496,#2497);
#2496 = CARTESIAN_POINT('',(-2.25,2.45,1.));
#2497 = VECTOR('',#2498,1.);
#2498 = DIRECTION('',(1.,0.,0.));
#2499 = ORIENTED_EDGE('',*,*,#2443,.F.);
#2500 = PLANE('',#2501);
#2501 = AXIS2_PLACEMENT_3D('',#2502,#2503,#2504);
#2502 = CARTESIAN_POINT('',(-2.25,2.45,0.));
#2503 = DIRECTION('',(0.,1.,0.));
#2504 = DIRECTION('',(0.,-0.,1.));
#2505 = ADVANCED_FACE('',(#2506),#2512,.F.);
#2506 = FACE_BOUND('',#2507,.F.);
#2507 = EDGE_LOOP('',(#2508,#2509,#2510,#2511));
#2508 = ORIENTED_EDGE('',*,*,#2395,.F.);
#2509 = ORIENTED_EDGE('',*,*,#2465,.T.);
#2510 = ORIENTED_EDGE('',*,*,#2435,.T.);
#2511 = ORIENTED_EDGE('',*,*,#2487,.F.);
#2512 = PLANE('',#2513);
#2513 = AXIS2_PLACEMENT_3D('',#2514,#2515,#2516);
#2514 = CARTESIAN_POINT('',(-2.25,-2.1,0.));
#2515 = DIRECTION('',(0.,0.,1.));
#2516 = DIRECTION('',(1.,0.,-0.));
#2517 = ADVANCED_FACE('',(#2518),#2524,.T.);
#2518 = FACE_BOUND('',#2519,.T.);
#2519 = EDGE_LOOP('',(#2520,#2521,#2522,#2523));
#2520 = ORIENTED_EDGE('',*,*,#2411,.F.);
#2521 = ORIENTED_EDGE('',*,*,#2472,.T.);
#2522 = ORIENTED_EDGE('',*,*,#2451,.T.);
#2523 = ORIENTED_EDGE('',*,*,#2494,.F.);
#2524 = PLANE('',#2525);
#2525 = AXIS2_PLACEMENT_3D('',#2526,#2527,#2528);
#2526 = CARTESIAN_POINT('',(-2.25,-2.1,1.));
#2527 = DIRECTION('',(0.,0.,1.));
#2528 = DIRECTION('',(1.,0.,-0.));
#2529 = ( GEOMETRIC_REPRESENTATION_CONTEXT(3) 
GLOBAL_UNCERTAINTY_ASSIGNED_CONTEXT((#2533)) 
GLOBAL_UNIT_ASSIGNED_CONTEXT((#2530,#2531,#2532)) REPRESENTATION_CONTEXT
('Context #1','3D Context with UNIT and UNCERTAINTY') );
#2530 = ( LENGTH_UNIT() NAMED_UNIT(*) SI_UNIT(.MILLI.,.METRE.) );
#2531 = ( NAMED_UNIT(*) PLANE_ANGLE_UNIT() SI_UNIT($,.RADIAN.) );
#2532 = ( NAMED_UNIT(*) SI_UNIT($,.STERADIAN.) SOLID_ANGLE_UNIT() );
#2533 = UNCERTAINTY_MEASURE_WITH_UNIT(LENGTH_MEASURE(1.E-07),#2530,
  'distance_accuracy_value','confusion accuracy');
#2534 = CONTEXT_DEPENDENT_SHAPE_REPRESENTATION(#2535,#2537);
#2535 = ( REPRESENTATION_RELATIONSHIP('','',#2378,#10) 
REPRESENTATION_RELATIONSHIP_WITH_TRANSFORMATION(#2536) 
SHAPE_REPRESENTATION_RELATIONSHIP() );
#2536 = ITEM_DEFINED_TRANSFORMATION('','',#11,#111);
#2537 = PRODUCT_DEFINITION_SHAPE('Placement','Placement of an item',
  #2538);
#2538 = NEXT_ASSEMBLY_USAGE_OCCURRENCE('25','U301','',#5,#2373,$);
#2539 = PRODUCT_RELATED_PRODUCT_CATEGORY('part',$,(#2375));
#2540 = SHAPE_DEFINITION_REPRESENTATION(#2541,#2547);
#2541 = PRODUCT_DEFINITION_SHAPE('','',#2542);
#2542 = PRODUCT_DEFINITION('design','',#2543,#2546);
#2543 = PRODUCT_DEFINITION_FORMATION('','',#2544);
#2544 = PRODUCT('ENVELOPE_C_0603_1608Metric_RVB22_C205',
  'ENVELOPE_C_0603_1608Metric_RVB22_C205','',(#2545));
#2545 = PRODUCT_CONTEXT('',#2,'mechanical');
#2546 = PRODUCT_DEFINITION_CONTEXT('part definition',#2,'design');
#2547 = ADVANCED_BREP_SHAPE_REPRESENTATION('',(#11,#2548),#2698);
#2548 = MANIFOLD_SOLID_BREP('',#2549);
#2549 = CLOSED_SHELL('',(#2550,#2590,#2630,#2652,#2674,#2686));
#2550 = ADVANCED_FACE('',(#2551),#2585,.F.);
#2551 = FACE_BOUND('',#2552,.F.);
#2552 = EDGE_LOOP('',(#2553,#2563,#2571,#2579));
#2553 = ORIENTED_EDGE('',*,*,#2554,.F.);
#2554 = EDGE_CURVE('',#2555,#2557,#2559,.T.);
#2555 = VERTEX_POINT('',#2556);
#2556 = CARTESIAN_POINT('',(-1.805,-1.055,0.));
#2557 = VERTEX_POINT('',#2558);
#2558 = CARTESIAN_POINT('',(-1.805,-1.055,0.9));
#2559 = LINE('',#2560,#2561);
#2560 = CARTESIAN_POINT('',(-1.805,-1.055,0.));
#2561 = VECTOR('',#2562,1.);
#2562 = DIRECTION('',(0.,0.,1.));
#2563 = ORIENTED_EDGE('',*,*,#2564,.T.);
#2564 = EDGE_CURVE('',#2555,#2565,#2567,.T.);
#2565 = VERTEX_POINT('',#2566);
#2566 = CARTESIAN_POINT('',(-1.805,1.055,0.));
#2567 = LINE('',#2568,#2569);
#2568 = CARTESIAN_POINT('',(-1.805,-1.055,0.));
#2569 = VECTOR('',#2570,1.);
#2570 = DIRECTION('',(0.,1.,0.));
#2571 = ORIENTED_EDGE('',*,*,#2572,.T.);
#2572 = EDGE_CURVE('',#2565,#2573,#2575,.T.);
#2573 = VERTEX_POINT('',#2574);
#2574 = CARTESIAN_POINT('',(-1.805,1.055,0.9));
#2575 = LINE('',#2576,#2577);
#2576 = CARTESIAN_POINT('',(-1.805,1.055,0.));
#2577 = VECTOR('',#2578,1.);
#2578 = DIRECTION('',(0.,0.,1.));
#2579 = ORIENTED_EDGE('',*,*,#2580,.F.);
#2580 = EDGE_CURVE('',#2557,#2573,#2581,.T.);
#2581 = LINE('',#2582,#2583);
#2582 = CARTESIAN_POINT('',(-1.805,-1.055,0.9));
#2583 = VECTOR('',#2584,1.);
#2584 = DIRECTION('',(0.,1.,0.));
#2585 = PLANE('',#2586);
#2586 = AXIS2_PLACEMENT_3D('',#2587,#2588,#2589);
#2587 = CARTESIAN_POINT('',(-1.805,-1.055,0.));
#2588 = DIRECTION('',(1.,0.,0.));
#2589 = DIRECTION('',(0.,0.,1.));
#2590 = ADVANCED_FACE('',(#2591),#2625,.T.);
#2591 = FACE_BOUND('',#2592,.T.);
#2592 = EDGE_LOOP('',(#2593,#2603,#2611,#2619));
#2593 = ORIENTED_EDGE('',*,*,#2594,.F.);
#2594 = EDGE_CURVE('',#2595,#2597,#2599,.T.);
#2595 = VERTEX_POINT('',#2596);
#2596 = CARTESIAN_POINT('',(1.805,-1.055,0.));
#2597 = VERTEX_POINT('',#2598);
#2598 = CARTESIAN_POINT('',(1.805,-1.055,0.9));
#2599 = LINE('',#2600,#2601);
#2600 = CARTESIAN_POINT('',(1.805,-1.055,0.));
#2601 = VECTOR('',#2602,1.);
#2602 = DIRECTION('',(0.,0.,1.));
#2603 = ORIENTED_EDGE('',*,*,#2604,.T.);
#2604 = EDGE_CURVE('',#2595,#2605,#2607,.T.);
#2605 = VERTEX_POINT('',#2606);
#2606 = CARTESIAN_POINT('',(1.805,1.055,0.));
#2607 = LINE('',#2608,#2609);
#2608 = CARTESIAN_POINT('',(1.805,-1.055,0.));
#2609 = VECTOR('',#2610,1.);
#2610 = DIRECTION('',(0.,1.,0.));
#2611 = ORIENTED_EDGE('',*,*,#2612,.T.);
#2612 = EDGE_CURVE('',#2605,#2613,#2615,.T.);
#2613 = VERTEX_POINT('',#2614);
#2614 = CARTESIAN_POINT('',(1.805,1.055,0.9));
#2615 = LINE('',#2616,#2617);
#2616 = CARTESIAN_POINT('',(1.805,1.055,0.));
#2617 = VECTOR('',#2618,1.);
#2618 = DIRECTION('',(0.,0.,1.));
#2619 = ORIENTED_EDGE('',*,*,#2620,.F.);
#2620 = EDGE_CURVE('',#2597,#2613,#2621,.T.);
#2621 = LINE('',#2622,#2623);
#2622 = CARTESIAN_POINT('',(1.805,-1.055,0.9));
#2623 = VECTOR('',#2624,1.);
#2624 = DIRECTION('',(0.,1.,0.));
#2625 = PLANE('',#2626);
#2626 = AXIS2_PLACEMENT_3D('',#2627,#2628,#2629);
#2627 = CARTESIAN_POINT('',(1.805,-1.055,0.));
#2628 = DIRECTION('',(1.,0.,0.));
#2629 = DIRECTION('',(0.,0.,1.));
#2630 = ADVANCED_FACE('',(#2631),#2647,.F.);
#2631 = FACE_BOUND('',#2632,.F.);
#2632 = EDGE_LOOP('',(#2633,#2639,#2640,#2646));
#2633 = ORIENTED_EDGE('',*,*,#2634,.F.);
#2634 = EDGE_CURVE('',#2555,#2595,#2635,.T.);
#2635 = LINE('',#2636,#2637);
#2636 = CARTESIAN_POINT('',(-1.805,-1.055,0.));
#2637 = VECTOR('',#2638,1.);
#2638 = DIRECTION('',(1.,0.,0.));
#2639 = ORIENTED_EDGE('',*,*,#2554,.T.);
#2640 = ORIENTED_EDGE('',*,*,#2641,.T.);
#2641 = EDGE_CURVE('',#2557,#2597,#2642,.T.);
#2642 = LINE('',#2643,#2644);
#2643 = CARTESIAN_POINT('',(-1.805,-1.055,0.9));
#2644 = VECTOR('',#2645,1.);
#2645 = DIRECTION('',(1.,0.,0.));
#2646 = ORIENTED_EDGE('',*,*,#2594,.F.);
#2647 = PLANE('',#2648);
#2648 = AXIS2_PLACEMENT_3D('',#2649,#2650,#2651);
#2649 = CARTESIAN_POINT('',(-1.805,-1.055,0.));
#2650 = DIRECTION('',(0.,1.,0.));
#2651 = DIRECTION('',(0.,-0.,1.));
#2652 = ADVANCED_FACE('',(#2653),#2669,.T.);
#2653 = FACE_BOUND('',#2654,.T.);
#2654 = EDGE_LOOP('',(#2655,#2661,#2662,#2668));
#2655 = ORIENTED_EDGE('',*,*,#2656,.F.);
#2656 = EDGE_CURVE('',#2565,#2605,#2657,.T.);
#2657 = LINE('',#2658,#2659);
#2658 = CARTESIAN_POINT('',(-1.805,1.055,0.));
#2659 = VECTOR('',#2660,1.);
#2660 = DIRECTION('',(1.,0.,0.));
#2661 = ORIENTED_EDGE('',*,*,#2572,.T.);
#2662 = ORIENTED_EDGE('',*,*,#2663,.T.);
#2663 = EDGE_CURVE('',#2573,#2613,#2664,.T.);
#2664 = LINE('',#2665,#2666);
#2665 = CARTESIAN_POINT('',(-1.805,1.055,0.9));
#2666 = VECTOR('',#2667,1.);
#2667 = DIRECTION('',(1.,0.,0.));
#2668 = ORIENTED_EDGE('',*,*,#2612,.F.);
#2669 = PLANE('',#2670);
#2670 = AXIS2_PLACEMENT_3D('',#2671,#2672,#2673);
#2671 = CARTESIAN_POINT('',(-1.805,1.055,0.));
#2672 = DIRECTION('',(0.,1.,0.));
#2673 = DIRECTION('',(0.,-0.,1.));
#2674 = ADVANCED_FACE('',(#2675),#2681,.F.);
#2675 = FACE_BOUND('',#2676,.F.);
#2676 = EDGE_LOOP('',(#2677,#2678,#2679,#2680));
#2677 = ORIENTED_EDGE('',*,*,#2564,.F.);
#2678 = ORIENTED_EDGE('',*,*,#2634,.T.);
#2679 = ORIENTED_EDGE('',*,*,#2604,.T.);
#2680 = ORIENTED_EDGE('',*,*,#2656,.F.);
#2681 = PLANE('',#2682);
#2682 = AXIS2_PLACEMENT_3D('',#2683,#2684,#2685);
#2683 = CARTESIAN_POINT('',(-1.805,-1.055,0.));
#2684 = DIRECTION('',(0.,0.,1.));
#2685 = DIRECTION('',(1.,0.,-0.));
#2686 = ADVANCED_FACE('',(#2687),#2693,.T.);
#2687 = FACE_BOUND('',#2688,.T.);
#2688 = EDGE_LOOP('',(#2689,#2690,#2691,#2692));
#2689 = ORIENTED_EDGE('',*,*,#2580,.F.);
#2690 = ORIENTED_EDGE('',*,*,#2641,.T.);
#2691 = ORIENTED_EDGE('',*,*,#2620,.T.);
#2692 = ORIENTED_EDGE('',*,*,#2663,.F.);
#2693 = PLANE('',#2694);
#2694 = AXIS2_PLACEMENT_3D('',#2695,#2696,#2697);
#2695 = CARTESIAN_POINT('',(-1.805,-1.055,0.9));
#2696 = DIRECTION('',(0.,0.,1.));
#2697 = DIRECTION('',(1.,0.,-0.));
#2698 = ( GEOMETRIC_REPRESENTATION_CONTEXT(3) 
GLOBAL_UNCERTAINTY_ASSIGNED_CONTEXT((#2702)) 
GLOBAL_UNIT_ASSIGNED_CONTEXT((#2699,#2700,#2701)) REPRESENTATION_CONTEXT
('Context #1','3D Context with UNIT and UNCERTAINTY') );
#2699 = ( LENGTH_UNIT() NAMED_UNIT(*) SI_UNIT(.MILLI.,.METRE.) );
#2700 = ( NAMED_UNIT(*) PLANE_ANGLE_UNIT() SI_UNIT($,.RADIAN.) );
#2701 = ( NAMED_UNIT(*) SI_UNIT($,.STERADIAN.) SOLID_ANGLE_UNIT() );
#2702 = UNCERTAINTY_MEASURE_WITH_UNIT(LENGTH_MEASURE(1.E-07),#2699,
  'distance_accuracy_value','confusion accuracy');
#2703 = CONTEXT_DEPENDENT_SHAPE_REPRESENTATION(#2704,#2706);
#2704 = ( REPRESENTATION_RELATIONSHIP('','',#2547,#10) 
REPRESENTATION_RELATIONSHIP_WITH_TRANSFORMATION(#2705) 
SHAPE_REPRESENTATION_RELATIONSHIP() );
#2705 = ITEM_DEFINED_TRANSFORMATION('','',#11,#115);
#2706 = PRODUCT_DEFINITION_SHAPE('Placement','Placement of an item',
  #2707);
#2707 = NEXT_ASSEMBLY_USAGE_OCCURRENCE('26','C205','',#5,#2542,$);
#2708 = PRODUCT_RELATED_PRODUCT_CATEGORY('part',$,(#2544));
#2709 = SHAPE_DEFINITION_REPRESENTATION(#2710,#2716);
#2710 = PRODUCT_DEFINITION_SHAPE('','',#2711);
#2711 = PRODUCT_DEFINITION('design','',#2712,#2715);
#2712 = PRODUCT_DEFINITION_FORMATION('','',#2713);
#2713 = PRODUCT('ENVELOPE_Murata_LQW18AS_1608',
  'ENVELOPE_Murata_LQW18AS_1608','',(#2714));
#2714 = PRODUCT_CONTEXT('',#2,'mechanical');
#2715 = PRODUCT_DEFINITION_CONTEXT('part definition',#2,'design');
#2716 = ADVANCED_BREP_SHAPE_REPRESENTATION('',(#11,#2717),#2867);
#2717 = MANIFOLD_SOLID_BREP('',#2718);
#2718 = CLOSED_SHELL('',(#2719,#2759,#2799,#2821,#2843,#2855));
#2719 = ADVANCED_FACE('',(#2720),#2754,.F.);
#2720 = FACE_BOUND('',#2721,.F.);
#2721 = EDGE_LOOP('',(#2722,#2732,#2740,#2748));
#2722 = ORIENTED_EDGE('',*,*,#2723,.F.);
#2723 = EDGE_CURVE('',#2724,#2726,#2728,.T.);
#2724 = VERTEX_POINT('',#2725);
#2725 = CARTESIAN_POINT('',(-1.55,-1.1,0.));
#2726 = VERTEX_POINT('',#2727);
#2727 = CARTESIAN_POINT('',(-1.55,-1.1,1.));
#2728 = LINE('',#2729,#2730);
#2729 = CARTESIAN_POINT('',(-1.55,-1.1,0.));
#2730 = VECTOR('',#2731,1.);
#2731 = DIRECTION('',(0.,0.,1.));
#2732 = ORIENTED_EDGE('',*,*,#2733,.T.);
#2733 = EDGE_CURVE('',#2724,#2734,#2736,.T.);
#2734 = VERTEX_POINT('',#2735);
#2735 = CARTESIAN_POINT('',(-1.55,1.1,0.));
#2736 = LINE('',#2737,#2738);
#2737 = CARTESIAN_POINT('',(-1.55,-1.1,0.));
#2738 = VECTOR('',#2739,1.);
#2739 = DIRECTION('',(0.,1.,0.));
#2740 = ORIENTED_EDGE('',*,*,#2741,.T.);
#2741 = EDGE_CURVE('',#2734,#2742,#2744,.T.);
#2742 = VERTEX_POINT('',#2743);
#2743 = CARTESIAN_POINT('',(-1.55,1.1,1.));
#2744 = LINE('',#2745,#2746);
#2745 = CARTESIAN_POINT('',(-1.55,1.1,0.));
#2746 = VECTOR('',#2747,1.);
#2747 = DIRECTION('',(0.,0.,1.));
#2748 = ORIENTED_EDGE('',*,*,#2749,.F.);
#2749 = EDGE_CURVE('',#2726,#2742,#2750,.T.);
#2750 = LINE('',#2751,#2752);
#2751 = CARTESIAN_POINT('',(-1.55,-1.1,1.));
#2752 = VECTOR('',#2753,1.);
#2753 = DIRECTION('',(0.,1.,0.));
#2754 = PLANE('',#2755);
#2755 = AXIS2_PLACEMENT_3D('',#2756,#2757,#2758);
#2756 = CARTESIAN_POINT('',(-1.55,-1.1,0.));
#2757 = DIRECTION('',(1.,0.,0.));
#2758 = DIRECTION('',(0.,0.,1.));
#2759 = ADVANCED_FACE('',(#2760),#2794,.T.);
#2760 = FACE_BOUND('',#2761,.T.);
#2761 = EDGE_LOOP('',(#2762,#2772,#2780,#2788));
#2762 = ORIENTED_EDGE('',*,*,#2763,.F.);
#2763 = EDGE_CURVE('',#2764,#2766,#2768,.T.);
#2764 = VERTEX_POINT('',#2765);
#2765 = CARTESIAN_POINT('',(1.55,-1.1,0.));
#2766 = VERTEX_POINT('',#2767);
#2767 = CARTESIAN_POINT('',(1.55,-1.1,1.));
#2768 = LINE('',#2769,#2770);
#2769 = CARTESIAN_POINT('',(1.55,-1.1,0.));
#2770 = VECTOR('',#2771,1.);
#2771 = DIRECTION('',(0.,0.,1.));
#2772 = ORIENTED_EDGE('',*,*,#2773,.T.);
#2773 = EDGE_CURVE('',#2764,#2774,#2776,.T.);
#2774 = VERTEX_POINT('',#2775);
#2775 = CARTESIAN_POINT('',(1.55,1.1,0.));
#2776 = LINE('',#2777,#2778);
#2777 = CARTESIAN_POINT('',(1.55,-1.1,0.));
#2778 = VECTOR('',#2779,1.);
#2779 = DIRECTION('',(0.,1.,0.));
#2780 = ORIENTED_EDGE('',*,*,#2781,.T.);
#2781 = EDGE_CURVE('',#2774,#2782,#2784,.T.);
#2782 = VERTEX_POINT('',#2783);
#2783 = CARTESIAN_POINT('',(1.55,1.1,1.));
#2784 = LINE('',#2785,#2786);
#2785 = CARTESIAN_POINT('',(1.55,1.1,0.));
#2786 = VECTOR('',#2787,1.);
#2787 = DIRECTION('',(0.,0.,1.));
#2788 = ORIENTED_EDGE('',*,*,#2789,.F.);
#2789 = EDGE_CURVE('',#2766,#2782,#2790,.T.);
#2790 = LINE('',#2791,#2792);
#2791 = CARTESIAN_POINT('',(1.55,-1.1,1.));
#2792 = VECTOR('',#2793,1.);
#2793 = DIRECTION('',(0.,1.,0.));
#2794 = PLANE('',#2795);
#2795 = AXIS2_PLACEMENT_3D('',#2796,#2797,#2798);
#2796 = CARTESIAN_POINT('',(1.55,-1.1,0.));
#2797 = DIRECTION('',(1.,0.,0.));
#2798 = DIRECTION('',(0.,0.,1.));
#2799 = ADVANCED_FACE('',(#2800),#2816,.F.);
#2800 = FACE_BOUND('',#2801,.F.);
#2801 = EDGE_LOOP('',(#2802,#2808,#2809,#2815));
#2802 = ORIENTED_EDGE('',*,*,#2803,.F.);
#2803 = EDGE_CURVE('',#2724,#2764,#2804,.T.);
#2804 = LINE('',#2805,#2806);
#2805 = CARTESIAN_POINT('',(-1.55,-1.1,0.));
#2806 = VECTOR('',#2807,1.);
#2807 = DIRECTION('',(1.,0.,0.));
#2808 = ORIENTED_EDGE('',*,*,#2723,.T.);
#2809 = ORIENTED_EDGE('',*,*,#2810,.T.);
#2810 = EDGE_CURVE('',#2726,#2766,#2811,.T.);
#2811 = LINE('',#2812,#2813);
#2812 = CARTESIAN_POINT('',(-1.55,-1.1,1.));
#2813 = VECTOR('',#2814,1.);
#2814 = DIRECTION('',(1.,0.,0.));
#2815 = ORIENTED_EDGE('',*,*,#2763,.F.);
#2816 = PLANE('',#2817);
#2817 = AXIS2_PLACEMENT_3D('',#2818,#2819,#2820);
#2818 = CARTESIAN_POINT('',(-1.55,-1.1,0.));
#2819 = DIRECTION('',(0.,1.,0.));
#2820 = DIRECTION('',(0.,-0.,1.));
#2821 = ADVANCED_FACE('',(#2822),#2838,.T.);
#2822 = FACE_BOUND('',#2823,.T.);
#2823 = EDGE_LOOP('',(#2824,#2830,#2831,#2837));
#2824 = ORIENTED_EDGE('',*,*,#2825,.F.);
#2825 = EDGE_CURVE('',#2734,#2774,#2826,.T.);
#2826 = LINE('',#2827,#2828);
#2827 = CARTESIAN_POINT('',(-1.55,1.1,0.));
#2828 = VECTOR('',#2829,1.);
#2829 = DIRECTION('',(1.,0.,0.));
#2830 = ORIENTED_EDGE('',*,*,#2741,.T.);
#2831 = ORIENTED_EDGE('',*,*,#2832,.T.);
#2832 = EDGE_CURVE('',#2742,#2782,#2833,.T.);
#2833 = LINE('',#2834,#2835);
#2834 = CARTESIAN_POINT('',(-1.55,1.1,1.));
#2835 = VECTOR('',#2836,1.);
#2836 = DIRECTION('',(1.,0.,0.));
#2837 = ORIENTED_EDGE('',*,*,#2781,.F.);
#2838 = PLANE('',#2839);
#2839 = AXIS2_PLACEMENT_3D('',#2840,#2841,#2842);
#2840 = CARTESIAN_POINT('',(-1.55,1.1,0.));
#2841 = DIRECTION('',(0.,1.,0.));
#2842 = DIRECTION('',(0.,-0.,1.));
#2843 = ADVANCED_FACE('',(#2844),#2850,.F.);
#2844 = FACE_BOUND('',#2845,.F.);
#2845 = EDGE_LOOP('',(#2846,#2847,#2848,#2849));
#2846 = ORIENTED_EDGE('',*,*,#2733,.F.);
#2847 = ORIENTED_EDGE('',*,*,#2803,.T.);
#2848 = ORIENTED_EDGE('',*,*,#2773,.T.);
#2849 = ORIENTED_EDGE('',*,*,#2825,.F.);
#2850 = PLANE('',#2851);
#2851 = AXIS2_PLACEMENT_3D('',#2852,#2853,#2854);
#2852 = CARTESIAN_POINT('',(-1.55,-1.1,0.));
#2853 = DIRECTION('',(0.,0.,1.));
#2854 = DIRECTION('',(1.,0.,-0.));
#2855 = ADVANCED_FACE('',(#2856),#2862,.T.);
#2856 = FACE_BOUND('',#2857,.T.);
#2857 = EDGE_LOOP('',(#2858,#2859,#2860,#2861));
#2858 = ORIENTED_EDGE('',*,*,#2749,.F.);
#2859 = ORIENTED_EDGE('',*,*,#2810,.T.);
#2860 = ORIENTED_EDGE('',*,*,#2789,.T.);
#2861 = ORIENTED_EDGE('',*,*,#2832,.F.);
#2862 = PLANE('',#2863);
#2863 = AXIS2_PLACEMENT_3D('',#2864,#2865,#2866);
#2864 = CARTESIAN_POINT('',(-1.55,-1.1,1.));
#2865 = DIRECTION('',(0.,0.,1.));
#2866 = DIRECTION('',(1.,0.,-0.));
#2867 = ( GEOMETRIC_REPRESENTATION_CONTEXT(3) 
GLOBAL_UNCERTAINTY_ASSIGNED_CONTEXT((#2871)) 
GLOBAL_UNIT_ASSIGNED_CONTEXT((#2868,#2869,#2870)) REPRESENTATION_CONTEXT
('Context #1','3D Context with UNIT and UNCERTAINTY') );
#2868 = ( LENGTH_UNIT() NAMED_UNIT(*) SI_UNIT(.MILLI.,.METRE.) );
#2869 = ( NAMED_UNIT(*) PLANE_ANGLE_UNIT() SI_UNIT($,.RADIAN.) );
#2870 = ( NAMED_UNIT(*) SI_UNIT($,.STERADIAN.) SOLID_ANGLE_UNIT() );
#2871 = UNCERTAINTY_MEASURE_WITH_UNIT(LENGTH_MEASURE(1.E-07),#2868,
  'distance_accuracy_value','confusion accuracy');
#2872 = CONTEXT_DEPENDENT_SHAPE_REPRESENTATION(#2873,#2875);
#2873 = ( REPRESENTATION_RELATIONSHIP('','',#2716,#10) 
REPRESENTATION_RELATIONSHIP_WITH_TRANSFORMATION(#2874) 
SHAPE_REPRESENTATION_RELATIONSHIP() );
#2874 = ITEM_DEFINED_TRANSFORMATION('','',#11,#119);
#2875 = PRODUCT_DEFINITION_SHAPE('Placement','Placement of an item',
  #2876);
#2876 = NEXT_ASSEMBLY_USAGE_OCCURRENCE('27','L406','',#5,#2711,$);
#2877 = PRODUCT_RELATED_PRODUCT_CATEGORY('part',$,(#2713));
#2878 = SHAPE_DEFINITION_REPRESENTATION(#2879,#2885);
#2879 = PRODUCT_DEFINITION_SHAPE('','',#2880);
#2880 = PRODUCT_DEFINITION('design','',#2881,#2884);
#2881 = PRODUCT_DEFINITION_FORMATION('','',#2882);
#2882 = PRODUCT('ENVELOPE_TI_PWP0016A_TPS2660',
  'ENVELOPE_TI_PWP0016A_TPS2660','',(#2883));
#2883 = PRODUCT_CONTEXT('',#2,'mechanical');
#2884 = PRODUCT_DEFINITION_CONTEXT('part definition',#2,'design');
#2885 = ADVANCED_BREP_SHAPE_REPRESENTATION('',(#11,#2886),#3036);
#2886 = MANIFOLD_SOLID_BREP('',#2887);
#2887 = CLOSED_SHELL('',(#2888,#2928,#2968,#2990,#3012,#3024));
#2888 = ADVANCED_FACE('',(#2889),#2923,.F.);
#2889 = FACE_BOUND('',#2890,.F.);
#2890 = EDGE_LOOP('',(#2891,#2901,#2909,#2917));
#2891 = ORIENTED_EDGE('',*,*,#2892,.F.);
#2892 = EDGE_CURVE('',#2893,#2895,#2897,.T.);
#2893 = VERTEX_POINT('',#2894);
#2894 = CARTESIAN_POINT('',(-4.2,-3.05,0.));
#2895 = VERTEX_POINT('',#2896);
#2896 = CARTESIAN_POINT('',(-4.2,-3.05,1.2));
#2897 = LINE('',#2898,#2899);
#2898 = CARTESIAN_POINT('',(-4.2,-3.05,0.));
#2899 = VECTOR('',#2900,1.);
#2900 = DIRECTION('',(0.,0.,1.));
#2901 = ORIENTED_EDGE('',*,*,#2902,.T.);
#2902 = EDGE_CURVE('',#2893,#2903,#2905,.T.);
#2903 = VERTEX_POINT('',#2904);
#2904 = CARTESIAN_POINT('',(-4.2,3.05,0.));
#2905 = LINE('',#2906,#2907);
#2906 = CARTESIAN_POINT('',(-4.2,-3.05,0.));
#2907 = VECTOR('',#2908,1.);
#2908 = DIRECTION('',(0.,1.,0.));
#2909 = ORIENTED_EDGE('',*,*,#2910,.T.);
#2910 = EDGE_CURVE('',#2903,#2911,#2913,.T.);
#2911 = VERTEX_POINT('',#2912);
#2912 = CARTESIAN_POINT('',(-4.2,3.05,1.2));
#2913 = LINE('',#2914,#2915);
#2914 = CARTESIAN_POINT('',(-4.2,3.05,0.));
#2915 = VECTOR('',#2916,1.);
#2916 = DIRECTION('',(0.,0.,1.));
#2917 = ORIENTED_EDGE('',*,*,#2918,.F.);
#2918 = EDGE_CURVE('',#2895,#2911,#2919,.T.);
#2919 = LINE('',#2920,#2921);
#2920 = CARTESIAN_POINT('',(-4.2,-3.05,1.2));
#2921 = VECTOR('',#2922,1.);
#2922 = DIRECTION('',(0.,1.,0.));
#2923 = PLANE('',#2924);
#2924 = AXIS2_PLACEMENT_3D('',#2925,#2926,#2927);
#2925 = CARTESIAN_POINT('',(-4.2,-3.05,0.));
#2926 = DIRECTION('',(1.,0.,0.));
#2927 = DIRECTION('',(0.,0.,1.));
#2928 = ADVANCED_FACE('',(#2929),#2963,.T.);
#2929 = FACE_BOUND('',#2930,.T.);
#2930 = EDGE_LOOP('',(#2931,#2941,#2949,#2957));
#2931 = ORIENTED_EDGE('',*,*,#2932,.F.);
#2932 = EDGE_CURVE('',#2933,#2935,#2937,.T.);
#2933 = VERTEX_POINT('',#2934);
#2934 = CARTESIAN_POINT('',(4.2,-3.05,0.));
#2935 = VERTEX_POINT('',#2936);
#2936 = CARTESIAN_POINT('',(4.2,-3.05,1.2));
#2937 = LINE('',#2938,#2939);
#2938 = CARTESIAN_POINT('',(4.2,-3.05,0.));
#2939 = VECTOR('',#2940,1.);
#2940 = DIRECTION('',(0.,0.,1.));
#2941 = ORIENTED_EDGE('',*,*,#2942,.T.);
#2942 = EDGE_CURVE('',#2933,#2943,#2945,.T.);
#2943 = VERTEX_POINT('',#2944);
#2944 = CARTESIAN_POINT('',(4.2,3.05,0.));
#2945 = LINE('',#2946,#2947);
#2946 = CARTESIAN_POINT('',(4.2,-3.05,0.));
#2947 = VECTOR('',#2948,1.);
#2948 = DIRECTION('',(0.,1.,0.));
#2949 = ORIENTED_EDGE('',*,*,#2950,.T.);
#2950 = EDGE_CURVE('',#2943,#2951,#2953,.T.);
#2951 = VERTEX_POINT('',#2952);
#2952 = CARTESIAN_POINT('',(4.2,3.05,1.2));
#2953 = LINE('',#2954,#2955);
#2954 = CARTESIAN_POINT('',(4.2,3.05,0.));
#2955 = VECTOR('',#2956,1.);
#2956 = DIRECTION('',(0.,0.,1.));
#2957 = ORIENTED_EDGE('',*,*,#2958,.F.);
#2958 = EDGE_CURVE('',#2935,#2951,#2959,.T.);
#2959 = LINE('',#2960,#2961);
#2960 = CARTESIAN_POINT('',(4.2,-3.05,1.2));
#2961 = VECTOR('',#2962,1.);
#2962 = DIRECTION('',(0.,1.,0.));
#2963 = PLANE('',#2964);
#2964 = AXIS2_PLACEMENT_3D('',#2965,#2966,#2967);
#2965 = CARTESIAN_POINT('',(4.2,-3.05,0.));
#2966 = DIRECTION('',(1.,0.,0.));
#2967 = DIRECTION('',(0.,0.,1.));
#2968 = ADVANCED_FACE('',(#2969),#2985,.F.);
#2969 = FACE_BOUND('',#2970,.F.);
#2970 = EDGE_LOOP('',(#2971,#2977,#2978,#2984));
#2971 = ORIENTED_EDGE('',*,*,#2972,.F.);
#2972 = EDGE_CURVE('',#2893,#2933,#2973,.T.);
#2973 = LINE('',#2974,#2975);
#2974 = CARTESIAN_POINT('',(-4.2,-3.05,0.));
#2975 = VECTOR('',#2976,1.);
#2976 = DIRECTION('',(1.,0.,0.));
#2977 = ORIENTED_EDGE('',*,*,#2892,.T.);
#2978 = ORIENTED_EDGE('',*,*,#2979,.T.);
#2979 = EDGE_CURVE('',#2895,#2935,#2980,.T.);
#2980 = LINE('',#2981,#2982);
#2981 = CARTESIAN_POINT('',(-4.2,-3.05,1.2));
#2982 = VECTOR('',#2983,1.);
#2983 = DIRECTION('',(1.,0.,0.));
#2984 = ORIENTED_EDGE('',*,*,#2932,.F.);
#2985 = PLANE('',#2986);
#2986 = AXIS2_PLACEMENT_3D('',#2987,#2988,#2989);
#2987 = CARTESIAN_POINT('',(-4.2,-3.05,0.));
#2988 = DIRECTION('',(0.,1.,0.));
#2989 = DIRECTION('',(0.,-0.,1.));
#2990 = ADVANCED_FACE('',(#2991),#3007,.T.);
#2991 = FACE_BOUND('',#2992,.T.);
#2992 = EDGE_LOOP('',(#2993,#2999,#3000,#3006));
#2993 = ORIENTED_EDGE('',*,*,#2994,.F.);
#2994 = EDGE_CURVE('',#2903,#2943,#2995,.T.);
#2995 = LINE('',#2996,#2997);
#2996 = CARTESIAN_POINT('',(-4.2,3.05,0.));
#2997 = VECTOR('',#2998,1.);
#2998 = DIRECTION('',(1.,0.,0.));
#2999 = ORIENTED_EDGE('',*,*,#2910,.T.);
#3000 = ORIENTED_EDGE('',*,*,#3001,.T.);
#3001 = EDGE_CURVE('',#2911,#2951,#3002,.T.);
#3002 = LINE('',#3003,#3004);
#3003 = CARTESIAN_POINT('',(-4.2,3.05,1.2));
#3004 = VECTOR('',#3005,1.);
#3005 = DIRECTION('',(1.,0.,0.));
#3006 = ORIENTED_EDGE('',*,*,#2950,.F.);
#3007 = PLANE('',#3008);
#3008 = AXIS2_PLACEMENT_3D('',#3009,#3010,#3011);
#3009 = CARTESIAN_POINT('',(-4.2,3.05,0.));
#3010 = DIRECTION('',(0.,1.,0.));
#3011 = DIRECTION('',(0.,-0.,1.));
#3012 = ADVANCED_FACE('',(#3013),#3019,.F.);
#3013 = FACE_BOUND('',#3014,.F.);
#3014 = EDGE_LOOP('',(#3015,#3016,#3017,#3018));
#3015 = ORIENTED_EDGE('',*,*,#2902,.F.);
#3016 = ORIENTED_EDGE('',*,*,#2972,.T.);
#3017 = ORIENTED_EDGE('',*,*,#2942,.T.);
#3018 = ORIENTED_EDGE('',*,*,#2994,.F.);
#3019 = PLANE('',#3020);
#3020 = AXIS2_PLACEMENT_3D('',#3021,#3022,#3023);
#3021 = CARTESIAN_POINT('',(-4.2,-3.05,0.));
#3022 = DIRECTION('',(0.,0.,1.));
#3023 = DIRECTION('',(1.,0.,-0.));
#3024 = ADVANCED_FACE('',(#3025),#3031,.T.);
#3025 = FACE_BOUND('',#3026,.T.);
#3026 = EDGE_LOOP('',(#3027,#3028,#3029,#3030));
#3027 = ORIENTED_EDGE('',*,*,#2918,.F.);
#3028 = ORIENTED_EDGE('',*,*,#2979,.T.);
#3029 = ORIENTED_EDGE('',*,*,#2958,.T.);
#3030 = ORIENTED_EDGE('',*,*,#3001,.F.);
#3031 = PLANE('',#3032);
#3032 = AXIS2_PLACEMENT_3D('',#3033,#3034,#3035);
#3033 = CARTESIAN_POINT('',(-4.2,-3.05,1.2));
#3034 = DIRECTION('',(0.,0.,1.));
#3035 = DIRECTION('',(1.,0.,-0.));
#3036 = ( GEOMETRIC_REPRESENTATION_CONTEXT(3) 
GLOBAL_UNCERTAINTY_ASSIGNED_CONTEXT((#3040)) 
GLOBAL_UNIT_ASSIGNED_CONTEXT((#3037,#3038,#3039)) REPRESENTATION_CONTEXT
('Context #1','3D Context with UNIT and UNCERTAINTY') );
#3037 = ( LENGTH_UNIT() NAMED_UNIT(*) SI_UNIT(.MILLI.,.METRE.) );
#3038 = ( NAMED_UNIT(*) PLANE_ANGLE_UNIT() SI_UNIT($,.RADIAN.) );
#3039 = ( NAMED_UNIT(*) SI_UNIT($,.STERADIAN.) SOLID_ANGLE_UNIT() );
#3040 = UNCERTAINTY_MEASURE_WITH_UNIT(LENGTH_MEASURE(1.E-07),#3037,
  'distance_accuracy_value','confusion accuracy');
#3041 = CONTEXT_DEPENDENT_SHAPE_REPRESENTATION(#3042,#3044);
#3042 = ( REPRESENTATION_RELATIONSHIP('','',#2885,#10) 
REPRESENTATION_RELATIONSHIP_WITH_TRANSFORMATION(#3043) 
SHAPE_REPRESENTATION_RELATIONSHIP() );
#3043 = ITEM_DEFINED_TRANSFORMATION('','',#11,#123);
#3044 = PRODUCT_DEFINITION_SHAPE('Placement','Placement of an item',
  #3045);
#3045 = NEXT_ASSEMBLY_USAGE_OCCURRENCE('28','U501','',#5,#2880,$);
#3046 = PRODUCT_RELATED_PRODUCT_CATEGORY('part',$,(#2882));
#3047 = SHAPE_DEFINITION_REPRESENTATION(#3048,#3054);
#3048 = PRODUCT_DEFINITION_SHAPE('','',#3049);
#3049 = PRODUCT_DEFINITION('design','',#3050,#3053);
#3050 = PRODUCT_DEFINITION_FORMATION('','',#3051);
#3051 = PRODUCT('ENVELOPE_TPS3808_DBV0006A','ENVELOPE_TPS3808_DBV0006A',
  '',(#3052));
#3052 = PRODUCT_CONTEXT('',#2,'mechanical');
#3053 = PRODUCT_DEFINITION_CONTEXT('part definition',#2,'design');
#3054 = ADVANCED_BREP_SHAPE_REPRESENTATION('',(#11,#3055),#3205);
#3055 = MANIFOLD_SOLID_BREP('',#3056);
#3056 = CLOSED_SHELL('',(#3057,#3097,#3137,#3159,#3181,#3193));
#3057 = ADVANCED_FACE('',(#3058),#3092,.F.);
#3058 = FACE_BOUND('',#3059,.F.);
#3059 = EDGE_LOOP('',(#3060,#3070,#3078,#3086));
#3060 = ORIENTED_EDGE('',*,*,#3061,.F.);
#3061 = EDGE_CURVE('',#3062,#3064,#3066,.T.);
#3062 = VERTEX_POINT('',#3063);
#3063 = CARTESIAN_POINT('',(-2.4,-2.1,0.));
#3064 = VERTEX_POINT('',#3065);
#3065 = CARTESIAN_POINT('',(-2.4,-2.1,1.45));
#3066 = LINE('',#3067,#3068);
#3067 = CARTESIAN_POINT('',(-2.4,-2.1,0.));
#3068 = VECTOR('',#3069,1.);
#3069 = DIRECTION('',(0.,0.,1.));
#3070 = ORIENTED_EDGE('',*,*,#3071,.T.);
#3071 = EDGE_CURVE('',#3062,#3072,#3074,.T.);
#3072 = VERTEX_POINT('',#3073);
#3073 = CARTESIAN_POINT('',(-2.4,2.1,0.));
#3074 = LINE('',#3075,#3076);
#3075 = CARTESIAN_POINT('',(-2.4,-2.1,0.));
#3076 = VECTOR('',#3077,1.);
#3077 = DIRECTION('',(0.,1.,0.));
#3078 = ORIENTED_EDGE('',*,*,#3079,.T.);
#3079 = EDGE_CURVE('',#3072,#3080,#3082,.T.);
#3080 = VERTEX_POINT('',#3081);
#3081 = CARTESIAN_POINT('',(-2.4,2.1,1.45));
#3082 = LINE('',#3083,#3084);
#3083 = CARTESIAN_POINT('',(-2.4,2.1,0.));
#3084 = VECTOR('',#3085,1.);
#3085 = DIRECTION('',(0.,0.,1.));
#3086 = ORIENTED_EDGE('',*,*,#3087,.F.);
#3087 = EDGE_CURVE('',#3064,#3080,#3088,.T.);
#3088 = LINE('',#3089,#3090);
#3089 = CARTESIAN_POINT('',(-2.4,-2.1,1.45));
#3090 = VECTOR('',#3091,1.);
#3091 = DIRECTION('',(0.,1.,0.));
#3092 = PLANE('',#3093);
#3093 = AXIS2_PLACEMENT_3D('',#3094,#3095,#3096);
#3094 = CARTESIAN_POINT('',(-2.4,-2.1,0.));
#3095 = DIRECTION('',(1.,0.,0.));
#3096 = DIRECTION('',(0.,0.,1.));
#3097 = ADVANCED_FACE('',(#3098),#3132,.T.);
#3098 = FACE_BOUND('',#3099,.T.);
#3099 = EDGE_LOOP('',(#3100,#3110,#3118,#3126));
#3100 = ORIENTED_EDGE('',*,*,#3101,.F.);
#3101 = EDGE_CURVE('',#3102,#3104,#3106,.T.);
#3102 = VERTEX_POINT('',#3103);
#3103 = CARTESIAN_POINT('',(2.4,-2.1,0.));
#3104 = VERTEX_POINT('',#3105);
#3105 = CARTESIAN_POINT('',(2.4,-2.1,1.45));
#3106 = LINE('',#3107,#3108);
#3107 = CARTESIAN_POINT('',(2.4,-2.1,0.));
#3108 = VECTOR('',#3109,1.);
#3109 = DIRECTION('',(0.,0.,1.));
#3110 = ORIENTED_EDGE('',*,*,#3111,.T.);
#3111 = EDGE_CURVE('',#3102,#3112,#3114,.T.);
#3112 = VERTEX_POINT('',#3113);
#3113 = CARTESIAN_POINT('',(2.4,2.1,0.));
#3114 = LINE('',#3115,#3116);
#3115 = CARTESIAN_POINT('',(2.4,-2.1,0.));
#3116 = VECTOR('',#3117,1.);
#3117 = DIRECTION('',(0.,1.,0.));
#3118 = ORIENTED_EDGE('',*,*,#3119,.T.);
#3119 = EDGE_CURVE('',#3112,#3120,#3122,.T.);
#3120 = VERTEX_POINT('',#3121);
#3121 = CARTESIAN_POINT('',(2.4,2.1,1.45));
#3122 = LINE('',#3123,#3124);
#3123 = CARTESIAN_POINT('',(2.4,2.1,0.));
#3124 = VECTOR('',#3125,1.);
#3125 = DIRECTION('',(0.,0.,1.));
#3126 = ORIENTED_EDGE('',*,*,#3127,.F.);
#3127 = EDGE_CURVE('',#3104,#3120,#3128,.T.);
#3128 = LINE('',#3129,#3130);
#3129 = CARTESIAN_POINT('',(2.4,-2.1,1.45));
#3130 = VECTOR('',#3131,1.);
#3131 = DIRECTION('',(0.,1.,0.));
#3132 = PLANE('',#3133);
#3133 = AXIS2_PLACEMENT_3D('',#3134,#3135,#3136);
#3134 = CARTESIAN_POINT('',(2.4,-2.1,0.));
#3135 = DIRECTION('',(1.,0.,0.));
#3136 = DIRECTION('',(0.,0.,1.));
#3137 = ADVANCED_FACE('',(#3138),#3154,.F.);
#3138 = FACE_BOUND('',#3139,.F.);
#3139 = EDGE_LOOP('',(#3140,#3146,#3147,#3153));
#3140 = ORIENTED_EDGE('',*,*,#3141,.F.);
#3141 = EDGE_CURVE('',#3062,#3102,#3142,.T.);
#3142 = LINE('',#3143,#3144);
#3143 = CARTESIAN_POINT('',(-2.4,-2.1,0.));
#3144 = VECTOR('',#3145,1.);
#3145 = DIRECTION('',(1.,0.,0.));
#3146 = ORIENTED_EDGE('',*,*,#3061,.T.);
#3147 = ORIENTED_EDGE('',*,*,#3148,.T.);
#3148 = EDGE_CURVE('',#3064,#3104,#3149,.T.);
#3149 = LINE('',#3150,#3151);
#3150 = CARTESIAN_POINT('',(-2.4,-2.1,1.45));
#3151 = VECTOR('',#3152,1.);
#3152 = DIRECTION('',(1.,0.,0.));
#3153 = ORIENTED_EDGE('',*,*,#3101,.F.);
#3154 = PLANE('',#3155);
#3155 = AXIS2_PLACEMENT_3D('',#3156,#3157,#3158);
#3156 = CARTESIAN_POINT('',(-2.4,-2.1,0.));
#3157 = DIRECTION('',(0.,1.,0.));
#3158 = DIRECTION('',(0.,-0.,1.));
#3159 = ADVANCED_FACE('',(#3160),#3176,.T.);
#3160 = FACE_BOUND('',#3161,.T.);
#3161 = EDGE_LOOP('',(#3162,#3168,#3169,#3175));
#3162 = ORIENTED_EDGE('',*,*,#3163,.F.);
#3163 = EDGE_CURVE('',#3072,#3112,#3164,.T.);
#3164 = LINE('',#3165,#3166);
#3165 = CARTESIAN_POINT('',(-2.4,2.1,0.));
#3166 = VECTOR('',#3167,1.);
#3167 = DIRECTION('',(1.,0.,0.));
#3168 = ORIENTED_EDGE('',*,*,#3079,.T.);
#3169 = ORIENTED_EDGE('',*,*,#3170,.T.);
#3170 = EDGE_CURVE('',#3080,#3120,#3171,.T.);
#3171 = LINE('',#3172,#3173);
#3172 = CARTESIAN_POINT('',(-2.4,2.1,1.45));
#3173 = VECTOR('',#3174,1.);
#3174 = DIRECTION('',(1.,0.,0.));
#3175 = ORIENTED_EDGE('',*,*,#3119,.F.);
#3176 = PLANE('',#3177);
#3177 = AXIS2_PLACEMENT_3D('',#3178,#3179,#3180);
#3178 = CARTESIAN_POINT('',(-2.4,2.1,0.));
#3179 = DIRECTION('',(0.,1.,0.));
#3180 = DIRECTION('',(0.,-0.,1.));
#3181 = ADVANCED_FACE('',(#3182),#3188,.F.);
#3182 = FACE_BOUND('',#3183,.F.);
#3183 = EDGE_LOOP('',(#3184,#3185,#3186,#3187));
#3184 = ORIENTED_EDGE('',*,*,#3071,.F.);
#3185 = ORIENTED_EDGE('',*,*,#3141,.T.);
#3186 = ORIENTED_EDGE('',*,*,#3111,.T.);
#3187 = ORIENTED_EDGE('',*,*,#3163,.F.);
#3188 = PLANE('',#3189);
#3189 = AXIS2_PLACEMENT_3D('',#3190,#3191,#3192);
#3190 = CARTESIAN_POINT('',(-2.4,-2.1,0.));
#3191 = DIRECTION('',(0.,0.,1.));
#3192 = DIRECTION('',(1.,0.,-0.));
#3193 = ADVANCED_FACE('',(#3194),#3200,.T.);
#3194 = FACE_BOUND('',#3195,.T.);
#3195 = EDGE_LOOP('',(#3196,#3197,#3198,#3199));
#3196 = ORIENTED_EDGE('',*,*,#3087,.F.);
#3197 = ORIENTED_EDGE('',*,*,#3148,.T.);
#3198 = ORIENTED_EDGE('',*,*,#3127,.T.);
#3199 = ORIENTED_EDGE('',*,*,#3170,.F.);
#3200 = PLANE('',#3201);
#3201 = AXIS2_PLACEMENT_3D('',#3202,#3203,#3204);
#3202 = CARTESIAN_POINT('',(-2.4,-2.1,1.45));
#3203 = DIRECTION('',(0.,0.,1.));
#3204 = DIRECTION('',(1.,0.,-0.));
#3205 = ( GEOMETRIC_REPRESENTATION_CONTEXT(3) 
GLOBAL_UNCERTAINTY_ASSIGNED_CONTEXT((#3209)) 
GLOBAL_UNIT_ASSIGNED_CONTEXT((#3206,#3207,#3208)) REPRESENTATION_CONTEXT
('Context #1','3D Context with UNIT and UNCERTAINTY') );
#3206 = ( LENGTH_UNIT() NAMED_UNIT(*) SI_UNIT(.MILLI.,.METRE.) );
#3207 = ( NAMED_UNIT(*) PLANE_ANGLE_UNIT() SI_UNIT($,.RADIAN.) );
#3208 = ( NAMED_UNIT(*) SI_UNIT($,.STERADIAN.) SOLID_ANGLE_UNIT() );
#3209 = UNCERTAINTY_MEASURE_WITH_UNIT(LENGTH_MEASURE(1.E-07),#3206,
  'distance_accuracy_value','confusion accuracy');
#3210 = CONTEXT_DEPENDENT_SHAPE_REPRESENTATION(#3211,#3213);
#3211 = ( REPRESENTATION_RELATIONSHIP('','',#3054,#10) 
REPRESENTATION_RELATIONSHIP_WITH_TRANSFORMATION(#3212) 
SHAPE_REPRESENTATION_RELATIONSHIP() );
#3212 = ITEM_DEFINED_TRANSFORMATION('','',#11,#127);
#3213 = PRODUCT_DEFINITION_SHAPE('Placement','Placement of an item',
  #3214);
#3214 = NEXT_ASSEMBLY_USAGE_OCCURRENCE('29','U202','',#5,#3049,$);
#3215 = PRODUCT_RELATED_PRODUCT_CATEGORY('part',$,(#3051));
#3216 = SHAPE_DEFINITION_REPRESENTATION(#3217,#3223);
#3217 = PRODUCT_DEFINITION_SHAPE('','',#3218);
#3218 = PRODUCT_DEFINITION('design','',#3219,#3222);
#3219 = PRODUCT_DEFINITION_FORMATION('','',#3220);
#3220 = PRODUCT('ENVELOPE_TI_DQC0010A_I32','ENVELOPE_TI_DQC0010A_I32',''
  ,(#3221));
#3221 = PRODUCT_CONTEXT('',#2,'mechanical');
#3222 = PRODUCT_DEFINITION_CONTEXT('part definition',#2,'design');
#3223 = ADVANCED_BREP_SHAPE_REPRESENTATION('',(#11,#3224),#3374);
#3224 = MANIFOLD_SOLID_BREP('',#3225);
#3225 = CLOSED_SHELL('',(#3226,#3266,#3306,#3328,#3350,#3362));
#3226 = ADVANCED_FACE('',(#3227),#3261,.F.);
#3227 = FACE_BOUND('',#3228,.F.);
#3228 = EDGE_LOOP('',(#3229,#3239,#3247,#3255));
#3229 = ORIENTED_EDGE('',*,*,#3230,.F.);
#3230 = EDGE_CURVE('',#3231,#3233,#3235,.T.);
#3231 = VERTEX_POINT('',#3232);
#3232 = CARTESIAN_POINT('',(-1.05,-1.55,0.));
#3233 = VERTEX_POINT('',#3234);
#3234 = CARTESIAN_POINT('',(-1.05,-1.55,0.8));
#3235 = LINE('',#3236,#3237);
#3236 = CARTESIAN_POINT('',(-1.05,-1.55,0.));
#3237 = VECTOR('',#3238,1.);
#3238 = DIRECTION('',(0.,0.,1.));
#3239 = ORIENTED_EDGE('',*,*,#3240,.T.);
#3240 = EDGE_CURVE('',#3231,#3241,#3243,.T.);
#3241 = VERTEX_POINT('',#3242);
#3242 = CARTESIAN_POINT('',(-1.05,1.55,0.));
#3243 = LINE('',#3244,#3245);
#3244 = CARTESIAN_POINT('',(-1.05,-1.55,0.));
#3245 = VECTOR('',#3246,1.);
#3246 = DIRECTION('',(0.,1.,0.));
#3247 = ORIENTED_EDGE('',*,*,#3248,.T.);
#3248 = EDGE_CURVE('',#3241,#3249,#3251,.T.);
#3249 = VERTEX_POINT('',#3250);
#3250 = CARTESIAN_POINT('',(-1.05,1.55,0.8));
#3251 = LINE('',#3252,#3253);
#3252 = CARTESIAN_POINT('',(-1.05,1.55,0.));
#3253 = VECTOR('',#3254,1.);
#3254 = DIRECTION('',(0.,0.,1.));
#3255 = ORIENTED_EDGE('',*,*,#3256,.F.);
#3256 = EDGE_CURVE('',#3233,#3249,#3257,.T.);
#3257 = LINE('',#3258,#3259);
#3258 = CARTESIAN_POINT('',(-1.05,-1.55,0.8));
#3259 = VECTOR('',#3260,1.);
#3260 = DIRECTION('',(0.,1.,0.));
#3261 = PLANE('',#3262);
#3262 = AXIS2_PLACEMENT_3D('',#3263,#3264,#3265);
#3263 = CARTESIAN_POINT('',(-1.05,-1.55,0.));
#3264 = DIRECTION('',(1.,0.,0.));
#3265 = DIRECTION('',(0.,0.,1.));
#3266 = ADVANCED_FACE('',(#3267),#3301,.T.);
#3267 = FACE_BOUND('',#3268,.T.);
#3268 = EDGE_LOOP('',(#3269,#3279,#3287,#3295));
#3269 = ORIENTED_EDGE('',*,*,#3270,.F.);
#3270 = EDGE_CURVE('',#3271,#3273,#3275,.T.);
#3271 = VERTEX_POINT('',#3272);
#3272 = CARTESIAN_POINT('',(1.05,-1.55,0.));
#3273 = VERTEX_POINT('',#3274);
#3274 = CARTESIAN_POINT('',(1.05,-1.55,0.8));
#3275 = LINE('',#3276,#3277);
#3276 = CARTESIAN_POINT('',(1.05,-1.55,0.));
#3277 = VECTOR('',#3278,1.);
#3278 = DIRECTION('',(0.,0.,1.));
#3279 = ORIENTED_EDGE('',*,*,#3280,.T.);
#3280 = EDGE_CURVE('',#3271,#3281,#3283,.T.);
#3281 = VERTEX_POINT('',#3282);
#3282 = CARTESIAN_POINT('',(1.05,1.55,0.));
#3283 = LINE('',#3284,#3285);
#3284 = CARTESIAN_POINT('',(1.05,-1.55,0.));
#3285 = VECTOR('',#3286,1.);
#3286 = DIRECTION('',(0.,1.,0.));
#3287 = ORIENTED_EDGE('',*,*,#3288,.T.);
#3288 = EDGE_CURVE('',#3281,#3289,#3291,.T.);
#3289 = VERTEX_POINT('',#3290);
#3290 = CARTESIAN_POINT('',(1.05,1.55,0.8));
#3291 = LINE('',#3292,#3293);
#3292 = CARTESIAN_POINT('',(1.05,1.55,0.));
#3293 = VECTOR('',#3294,1.);
#3294 = DIRECTION('',(0.,0.,1.));
#3295 = ORIENTED_EDGE('',*,*,#3296,.F.);
#3296 = EDGE_CURVE('',#3273,#3289,#3297,.T.);
#3297 = LINE('',#3298,#3299);
#3298 = CARTESIAN_POINT('',(1.05,-1.55,0.8));
#3299 = VECTOR('',#3300,1.);
#3300 = DIRECTION('',(0.,1.,0.));
#3301 = PLANE('',#3302);
#3302 = AXIS2_PLACEMENT_3D('',#3303,#3304,#3305);
#3303 = CARTESIAN_POINT('',(1.05,-1.55,0.));
#3304 = DIRECTION('',(1.,0.,0.));
#3305 = DIRECTION('',(0.,0.,1.));
#3306 = ADVANCED_FACE('',(#3307),#3323,.F.);
#3307 = FACE_BOUND('',#3308,.F.);
#3308 = EDGE_LOOP('',(#3309,#3315,#3316,#3322));
#3309 = ORIENTED_EDGE('',*,*,#3310,.F.);
#3310 = EDGE_CURVE('',#3231,#3271,#3311,.T.);
#3311 = LINE('',#3312,#3313);
#3312 = CARTESIAN_POINT('',(-1.05,-1.55,0.));
#3313 = VECTOR('',#3314,1.);
#3314 = DIRECTION('',(1.,0.,0.));
#3315 = ORIENTED_EDGE('',*,*,#3230,.T.);
#3316 = ORIENTED_EDGE('',*,*,#3317,.T.);
#3317 = EDGE_CURVE('',#3233,#3273,#3318,.T.);
#3318 = LINE('',#3319,#3320);
#3319 = CARTESIAN_POINT('',(-1.05,-1.55,0.8));
#3320 = VECTOR('',#3321,1.);
#3321 = DIRECTION('',(1.,0.,0.));
#3322 = ORIENTED_EDGE('',*,*,#3270,.F.);
#3323 = PLANE('',#3324);
#3324 = AXIS2_PLACEMENT_3D('',#3325,#3326,#3327);
#3325 = CARTESIAN_POINT('',(-1.05,-1.55,0.));
#3326 = DIRECTION('',(0.,1.,0.));
#3327 = DIRECTION('',(0.,-0.,1.));
#3328 = ADVANCED_FACE('',(#3329),#3345,.T.);
#3329 = FACE_BOUND('',#3330,.T.);
#3330 = EDGE_LOOP('',(#3331,#3337,#3338,#3344));
#3331 = ORIENTED_EDGE('',*,*,#3332,.F.);
#3332 = EDGE_CURVE('',#3241,#3281,#3333,.T.);
#3333 = LINE('',#3334,#3335);
#3334 = CARTESIAN_POINT('',(-1.05,1.55,0.));
#3335 = VECTOR('',#3336,1.);
#3336 = DIRECTION('',(1.,0.,0.));
#3337 = ORIENTED_EDGE('',*,*,#3248,.T.);
#3338 = ORIENTED_EDGE('',*,*,#3339,.T.);
#3339 = EDGE_CURVE('',#3249,#3289,#3340,.T.);
#3340 = LINE('',#3341,#3342);
#3341 = CARTESIAN_POINT('',(-1.05,1.55,0.8));
#3342 = VECTOR('',#3343,1.);
#3343 = DIRECTION('',(1.,0.,0.));
#3344 = ORIENTED_EDGE('',*,*,#3288,.F.);
#3345 = PLANE('',#3346);
#3346 = AXIS2_PLACEMENT_3D('',#3347,#3348,#3349);
#3347 = CARTESIAN_POINT('',(-1.05,1.55,0.));
#3348 = DIRECTION('',(0.,1.,0.));
#3349 = DIRECTION('',(0.,-0.,1.));
#3350 = ADVANCED_FACE('',(#3351),#3357,.F.);
#3351 = FACE_BOUND('',#3352,.F.);
#3352 = EDGE_LOOP('',(#3353,#3354,#3355,#3356));
#3353 = ORIENTED_EDGE('',*,*,#3240,.F.);
#3354 = ORIENTED_EDGE('',*,*,#3310,.T.);
#3355 = ORIENTED_EDGE('',*,*,#3280,.T.);
#3356 = ORIENTED_EDGE('',*,*,#3332,.F.);
#3357 = PLANE('',#3358);
#3358 = AXIS2_PLACEMENT_3D('',#3359,#3360,#3361);
#3359 = CARTESIAN_POINT('',(-1.05,-1.55,0.));
#3360 = DIRECTION('',(0.,0.,1.));
#3361 = DIRECTION('',(1.,0.,-0.));
#3362 = ADVANCED_FACE('',(#3363),#3369,.T.);
#3363 = FACE_BOUND('',#3364,.T.);
#3364 = EDGE_LOOP('',(#3365,#3366,#3367,#3368));
#3365 = ORIENTED_EDGE('',*,*,#3256,.F.);
#3366 = ORIENTED_EDGE('',*,*,#3317,.T.);
#3367 = ORIENTED_EDGE('',*,*,#3296,.T.);
#3368 = ORIENTED_EDGE('',*,*,#3339,.F.);
#3369 = PLANE('',#3370);
#3370 = AXIS2_PLACEMENT_3D('',#3371,#3372,#3373);
#3371 = CARTESIAN_POINT('',(-1.05,-1.55,0.8));
#3372 = DIRECTION('',(0.,0.,1.));
#3373 = DIRECTION('',(1.,0.,-0.));
#3374 = ( GEOMETRIC_REPRESENTATION_CONTEXT(3) 
GLOBAL_UNCERTAINTY_ASSIGNED_CONTEXT((#3378)) 
GLOBAL_UNIT_ASSIGNED_CONTEXT((#3375,#3376,#3377)) REPRESENTATION_CONTEXT
('Context #1','3D Context with UNIT and UNCERTAINTY') );
#3375 = ( LENGTH_UNIT() NAMED_UNIT(*) SI_UNIT(.MILLI.,.METRE.) );
#3376 = ( NAMED_UNIT(*) PLANE_ANGLE_UNIT() SI_UNIT($,.RADIAN.) );
#3377 = ( NAMED_UNIT(*) SI_UNIT($,.STERADIAN.) SOLID_ANGLE_UNIT() );
#3378 = UNCERTAINTY_MEASURE_WITH_UNIT(LENGTH_MEASURE(1.E-07),#3375,
  'distance_accuracy_value','confusion accuracy');
#3379 = CONTEXT_DEPENDENT_SHAPE_REPRESENTATION(#3380,#3382);
#3380 = ( REPRESENTATION_RELATIONSHIP('','',#3223,#10) 
REPRESENTATION_RELATIONSHIP_WITH_TRANSFORMATION(#3381) 
SHAPE_REPRESENTATION_RELATIONSHIP() );
#3381 = ITEM_DEFINED_TRANSFORMATION('','',#11,#131);
#3382 = PRODUCT_DEFINITION_SHAPE('Placement','Placement of an item',
  #3383);
#3383 = NEXT_ASSEMBLY_USAGE_OCCURRENCE('30','U152','',#5,#3218,$);
#3384 = PRODUCT_RELATED_PRODUCT_CATEGORY('part',$,(#3220));
#3385 = SHAPE_DEFINITION_REPRESENTATION(#3386,#3392);
#3386 = PRODUCT_DEFINITION_SHAPE('','',#3387);
#3387 = PRODUCT_DEFINITION('design','',#3388,#3391);
#3388 = PRODUCT_DEFINITION_FORMATION('','',#3389);
#3389 = PRODUCT('ENVELOPE_R_0603_1608Metric_RVB22_R203',
  'ENVELOPE_R_0603_1608Metric_RVB22_R203','',(#3390));
#3390 = PRODUCT_CONTEXT('',#2,'mechanical');
#3391 = PRODUCT_DEFINITION_CONTEXT('part definition',#2,'design');
#3392 = ADVANCED_BREP_SHAPE_REPRESENTATION('',(#11,#3393),#3543);
#3393 = MANIFOLD_SOLID_BREP('',#3394);
#3394 = CLOSED_SHELL('',(#3395,#3435,#3475,#3497,#3519,#3531));
#3395 = ADVANCED_FACE('',(#3396),#3430,.F.);
#3396 = FACE_BOUND('',#3397,.F.);
#3397 = EDGE_LOOP('',(#3398,#3408,#3416,#3424));
#3398 = ORIENTED_EDGE('',*,*,#3399,.F.);
#3399 = EDGE_CURVE('',#3400,#3402,#3404,.T.);
#3400 = VERTEX_POINT('',#3401);
#3401 = CARTESIAN_POINT('',(-1.805,-1.055,0.));
#3402 = VERTEX_POINT('',#3403);
#3403 = CARTESIAN_POINT('',(-1.805,-1.055,0.5));
#3404 = LINE('',#3405,#3406);
#3405 = CARTESIAN_POINT('',(-1.805,-1.055,0.));
#3406 = VECTOR('',#3407,1.);
#3407 = DIRECTION('',(0.,0.,1.));
#3408 = ORIENTED_EDGE('',*,*,#3409,.T.);
#3409 = EDGE_CURVE('',#3400,#3410,#3412,.T.);
#3410 = VERTEX_POINT('',#3411);
#3411 = CARTESIAN_POINT('',(-1.805,1.055,0.));
#3412 = LINE('',#3413,#3414);
#3413 = CARTESIAN_POINT('',(-1.805,-1.055,0.));
#3414 = VECTOR('',#3415,1.);
#3415 = DIRECTION('',(0.,1.,0.));
#3416 = ORIENTED_EDGE('',*,*,#3417,.T.);
#3417 = EDGE_CURVE('',#3410,#3418,#3420,.T.);
#3418 = VERTEX_POINT('',#3419);
#3419 = CARTESIAN_POINT('',(-1.805,1.055,0.5));
#3420 = LINE('',#3421,#3422);
#3421 = CARTESIAN_POINT('',(-1.805,1.055,0.));
#3422 = VECTOR('',#3423,1.);
#3423 = DIRECTION('',(0.,0.,1.));
#3424 = ORIENTED_EDGE('',*,*,#3425,.F.);
#3425 = EDGE_CURVE('',#3402,#3418,#3426,.T.);
#3426 = LINE('',#3427,#3428);
#3427 = CARTESIAN_POINT('',(-1.805,-1.055,0.5));
#3428 = VECTOR('',#3429,1.);
#3429 = DIRECTION('',(0.,1.,0.));
#3430 = PLANE('',#3431);
#3431 = AXIS2_PLACEMENT_3D('',#3432,#3433,#3434);
#3432 = CARTESIAN_POINT('',(-1.805,-1.055,0.));
#3433 = DIRECTION('',(1.,0.,0.));
#3434 = DIRECTION('',(0.,0.,1.));
#3435 = ADVANCED_FACE('',(#3436),#3470,.T.);
#3436 = FACE_BOUND('',#3437,.T.);
#3437 = EDGE_LOOP('',(#3438,#3448,#3456,#3464));
#3438 = ORIENTED_EDGE('',*,*,#3439,.F.);
#3439 = EDGE_CURVE('',#3440,#3442,#3444,.T.);
#3440 = VERTEX_POINT('',#3441);
#3441 = CARTESIAN_POINT('',(1.805,-1.055,0.));
#3442 = VERTEX_POINT('',#3443);
#3443 = CARTESIAN_POINT('',(1.805,-1.055,0.5));
#3444 = LINE('',#3445,#3446);
#3445 = CARTESIAN_POINT('',(1.805,-1.055,0.));
#3446 = VECTOR('',#3447,1.);
#3447 = DIRECTION('',(0.,0.,1.));
#3448 = ORIENTED_EDGE('',*,*,#3449,.T.);
#3449 = EDGE_CURVE('',#3440,#3450,#3452,.T.);
#3450 = VERTEX_POINT('',#3451);
#3451 = CARTESIAN_POINT('',(1.805,1.055,0.));
#3452 = LINE('',#3453,#3454);
#3453 = CARTESIAN_POINT('',(1.805,-1.055,0.));
#3454 = VECTOR('',#3455,1.);
#3455 = DIRECTION('',(0.,1.,0.));
#3456 = ORIENTED_EDGE('',*,*,#3457,.T.);
#3457 = EDGE_CURVE('',#3450,#3458,#3460,.T.);
#3458 = VERTEX_POINT('',#3459);
#3459 = CARTESIAN_POINT('',(1.805,1.055,0.5));
#3460 = LINE('',#3461,#3462);
#3461 = CARTESIAN_POINT('',(1.805,1.055,0.));
#3462 = VECTOR('',#3463,1.);
#3463 = DIRECTION('',(0.,0.,1.));
#3464 = ORIENTED_EDGE('',*,*,#3465,.F.);
#3465 = EDGE_CURVE('',#3442,#3458,#3466,.T.);
#3466 = LINE('',#3467,#3468);
#3467 = CARTESIAN_POINT('',(1.805,-1.055,0.5));
#3468 = VECTOR('',#3469,1.);
#3469 = DIRECTION('',(0.,1.,0.));
#3470 = PLANE('',#3471);
#3471 = AXIS2_PLACEMENT_3D('',#3472,#3473,#3474);
#3472 = CARTESIAN_POINT('',(1.805,-1.055,0.));
#3473 = DIRECTION('',(1.,0.,0.));
#3474 = DIRECTION('',(0.,0.,1.));
#3475 = ADVANCED_FACE('',(#3476),#3492,.F.);
#3476 = FACE_BOUND('',#3477,.F.);
#3477 = EDGE_LOOP('',(#3478,#3484,#3485,#3491));
#3478 = ORIENTED_EDGE('',*,*,#3479,.F.);
#3479 = EDGE_CURVE('',#3400,#3440,#3480,.T.);
#3480 = LINE('',#3481,#3482);
#3481 = CARTESIAN_POINT('',(-1.805,-1.055,0.));
#3482 = VECTOR('',#3483,1.);
#3483 = DIRECTION('',(1.,0.,0.));
#3484 = ORIENTED_EDGE('',*,*,#3399,.T.);
#3485 = ORIENTED_EDGE('',*,*,#3486,.T.);
#3486 = EDGE_CURVE('',#3402,#3442,#3487,.T.);
#3487 = LINE('',#3488,#3489);
#3488 = CARTESIAN_POINT('',(-1.805,-1.055,0.5));
#3489 = VECTOR('',#3490,1.);
#3490 = DIRECTION('',(1.,0.,0.));
#3491 = ORIENTED_EDGE('',*,*,#3439,.F.);
#3492 = PLANE('',#3493);
#3493 = AXIS2_PLACEMENT_3D('',#3494,#3495,#3496);
#3494 = CARTESIAN_POINT('',(-1.805,-1.055,0.));
#3495 = DIRECTION('',(0.,1.,0.));
#3496 = DIRECTION('',(0.,-0.,1.));
#3497 = ADVANCED_FACE('',(#3498),#3514,.T.);
#3498 = FACE_BOUND('',#3499,.T.);
#3499 = EDGE_LOOP('',(#3500,#3506,#3507,#3513));
#3500 = ORIENTED_EDGE('',*,*,#3501,.F.);
#3501 = EDGE_CURVE('',#3410,#3450,#3502,.T.);
#3502 = LINE('',#3503,#3504);
#3503 = CARTESIAN_POINT('',(-1.805,1.055,0.));
#3504 = VECTOR('',#3505,1.);
#3505 = DIRECTION('',(1.,0.,0.));
#3506 = ORIENTED_EDGE('',*,*,#3417,.T.);
#3507 = ORIENTED_EDGE('',*,*,#3508,.T.);
#3508 = EDGE_CURVE('',#3418,#3458,#3509,.T.);
#3509 = LINE('',#3510,#3511);
#3510 = CARTESIAN_POINT('',(-1.805,1.055,0.5));
#3511 = VECTOR('',#3512,1.);
#3512 = DIRECTION('',(1.,0.,0.));
#3513 = ORIENTED_EDGE('',*,*,#3457,.F.);
#3514 = PLANE('',#3515);
#3515 = AXIS2_PLACEMENT_3D('',#3516,#3517,#3518);
#3516 = CARTESIAN_POINT('',(-1.805,1.055,0.));
#3517 = DIRECTION('',(0.,1.,0.));
#3518 = DIRECTION('',(0.,-0.,1.));
#3519 = ADVANCED_FACE('',(#3520),#3526,.F.);
#3520 = FACE_BOUND('',#3521,.F.);
#3521 = EDGE_LOOP('',(#3522,#3523,#3524,#3525));
#3522 = ORIENTED_EDGE('',*,*,#3409,.F.);
#3523 = ORIENTED_EDGE('',*,*,#3479,.T.);
#3524 = ORIENTED_EDGE('',*,*,#3449,.T.);
#3525 = ORIENTED_EDGE('',*,*,#3501,.F.);
#3526 = PLANE('',#3527);
#3527 = AXIS2_PLACEMENT_3D('',#3528,#3529,#3530);
#3528 = CARTESIAN_POINT('',(-1.805,-1.055,0.));
#3529 = DIRECTION('',(0.,0.,1.));
#3530 = DIRECTION('',(1.,0.,-0.));
#3531 = ADVANCED_FACE('',(#3532),#3538,.T.);
#3532 = FACE_BOUND('',#3533,.T.);
#3533 = EDGE_LOOP('',(#3534,#3535,#3536,#3537));
#3534 = ORIENTED_EDGE('',*,*,#3425,.F.);
#3535 = ORIENTED_EDGE('',*,*,#3486,.T.);
#3536 = ORIENTED_EDGE('',*,*,#3465,.T.);
#3537 = ORIENTED_EDGE('',*,*,#3508,.F.);
#3538 = PLANE('',#3539);
#3539 = AXIS2_PLACEMENT_3D('',#3540,#3541,#3542);
#3540 = CARTESIAN_POINT('',(-1.805,-1.055,0.5));
#3541 = DIRECTION('',(0.,0.,1.));
#3542 = DIRECTION('',(1.,0.,-0.));
#3543 = ( GEOMETRIC_REPRESENTATION_CONTEXT(3) 
GLOBAL_UNCERTAINTY_ASSIGNED_CONTEXT((#3547)) 
GLOBAL_UNIT_ASSIGNED_CONTEXT((#3544,#3545,#3546)) REPRESENTATION_CONTEXT
('Context #1','3D Context with UNIT and UNCERTAINTY') );
#3544 = ( LENGTH_UNIT() NAMED_UNIT(*) SI_UNIT(.MILLI.,.METRE.) );
#3545 = ( NAMED_UNIT(*) PLANE_ANGLE_UNIT() SI_UNIT($,.RADIAN.) );
#3546 = ( NAMED_UNIT(*) SI_UNIT($,.STERADIAN.) SOLID_ANGLE_UNIT() );
#3547 = UNCERTAINTY_MEASURE_WITH_UNIT(LENGTH_MEASURE(1.E-07),#3544,
  'distance_accuracy_value','confusion accuracy');
#3548 = CONTEXT_DEPENDENT_SHAPE_REPRESENTATION(#3549,#3551);
#3549 = ( REPRESENTATION_RELATIONSHIP('','',#3392,#10) 
REPRESENTATION_RELATIONSHIP_WITH_TRANSFORMATION(#3550) 
SHAPE_REPRESENTATION_RELATIONSHIP() );
#3550 = ITEM_DEFINED_TRANSFORMATION('','',#11,#135);
#3551 = PRODUCT_DEFINITION_SHAPE('Placement','Placement of an item',
  #3552);
#3552 = NEXT_ASSEMBLY_USAGE_OCCURRENCE('31','R203','',#5,#3387,$);
#3553 = PRODUCT_RELATED_PRODUCT_CATEGORY('part',$,(#3389));
#3554 = CONTEXT_DEPENDENT_SHAPE_REPRESENTATION(#3555,#3557);
#3555 = ( REPRESENTATION_RELATIONSHIP('','',#3223,#10) 
REPRESENTATION_RELATIONSHIP_WITH_TRANSFORMATION(#3556) 
SHAPE_REPRESENTATION_RELATIONSHIP() );
#3556 = ITEM_DEFINED_TRANSFORMATION('','',#11,#139);
#3557 = PRODUCT_DEFINITION_SHAPE('Placement','Placement of an item',
  #3558);
#3558 = NEXT_ASSEMBLY_USAGE_OCCURRENCE('32','U153','',#5,#3218,$);
#3559 = SHAPE_DEFINITION_REPRESENTATION(#3560,#3566);
#3560 = PRODUCT_DEFINITION_SHAPE('','',#3561);
#3561 = PRODUCT_DEFINITION('design','',#3562,#3565);
#3562 = PRODUCT_DEFINITION_FORMATION('','',#3563);
#3563 = PRODUCT(
'ENVELOPE_HTSSOP-16-1EP_4.4x5mm_P0.65mm_EP3.4x5mm_Mask2.46x2.31mm_RVB22_
U151',
'ENVELOPE_HTSSOP-16-1EP_4.4x5mm_P0.65mm_EP3.4x5mm_Mask2.46x2.31mm_RVB22_
U151','',(#3564));
#3564 = PRODUCT_CONTEXT('',#2,'mechanical');
#3565 = PRODUCT_DEFINITION_CONTEXT('part definition',#2,'design');
#3566 = ADVANCED_BREP_SHAPE_REPRESENTATION('',(#11,#3567),#3717);
#3567 = MANIFOLD_SOLID_BREP('',#3568);
#3568 = CLOSED_SHELL('',(#3569,#3609,#3649,#3671,#3693,#3705));
#3569 = ADVANCED_FACE('',(#3570),#3604,.F.);
#3570 = FACE_BOUND('',#3571,.F.);
#3571 = EDGE_LOOP('',(#3572,#3582,#3590,#3598));
#3572 = ORIENTED_EDGE('',*,*,#3573,.F.);
#3573 = EDGE_CURVE('',#3574,#3576,#3578,.T.);
#3574 = VERTEX_POINT('',#3575);
#3575 = CARTESIAN_POINT('',(-4.2,-3.05,0.));
#3576 = VERTEX_POINT('',#3577);
#3577 = CARTESIAN_POINT('',(-4.2,-3.05,1.2));
#3578 = LINE('',#3579,#3580);
#3579 = CARTESIAN_POINT('',(-4.2,-3.05,0.));
#3580 = VECTOR('',#3581,1.);
#3581 = DIRECTION('',(0.,0.,1.));
#3582 = ORIENTED_EDGE('',*,*,#3583,.T.);
#3583 = EDGE_CURVE('',#3574,#3584,#3586,.T.);
#3584 = VERTEX_POINT('',#3585);
#3585 = CARTESIAN_POINT('',(-4.2,3.05,0.));
#3586 = LINE('',#3587,#3588);
#3587 = CARTESIAN_POINT('',(-4.2,-3.05,0.));
#3588 = VECTOR('',#3589,1.);
#3589 = DIRECTION('',(0.,1.,0.));
#3590 = ORIENTED_EDGE('',*,*,#3591,.T.);
#3591 = EDGE_CURVE('',#3584,#3592,#3594,.T.);
#3592 = VERTEX_POINT('',#3593);
#3593 = CARTESIAN_POINT('',(-4.2,3.05,1.2));
#3594 = LINE('',#3595,#3596);
#3595 = CARTESIAN_POINT('',(-4.2,3.05,0.));
#3596 = VECTOR('',#3597,1.);
#3597 = DIRECTION('',(0.,0.,1.));
#3598 = ORIENTED_EDGE('',*,*,#3599,.F.);
#3599 = EDGE_CURVE('',#3576,#3592,#3600,.T.);
#3600 = LINE('',#3601,#3602);
#3601 = CARTESIAN_POINT('',(-4.2,-3.05,1.2));
#3602 = VECTOR('',#3603,1.);
#3603 = DIRECTION('',(0.,1.,0.));
#3604 = PLANE('',#3605);
#3605 = AXIS2_PLACEMENT_3D('',#3606,#3607,#3608);
#3606 = CARTESIAN_POINT('',(-4.2,-3.05,0.));
#3607 = DIRECTION('',(1.,0.,0.));
#3608 = DIRECTION('',(0.,0.,1.));
#3609 = ADVANCED_FACE('',(#3610),#3644,.T.);
#3610 = FACE_BOUND('',#3611,.T.);
#3611 = EDGE_LOOP('',(#3612,#3622,#3630,#3638));
#3612 = ORIENTED_EDGE('',*,*,#3613,.F.);
#3613 = EDGE_CURVE('',#3614,#3616,#3618,.T.);
#3614 = VERTEX_POINT('',#3615);
#3615 = CARTESIAN_POINT('',(4.2,-3.05,0.));
#3616 = VERTEX_POINT('',#3617);
#3617 = CARTESIAN_POINT('',(4.2,-3.05,1.2));
#3618 = LINE('',#3619,#3620);
#3619 = CARTESIAN_POINT('',(4.2,-3.05,0.));
#3620 = VECTOR('',#3621,1.);
#3621 = DIRECTION('',(0.,0.,1.));
#3622 = ORIENTED_EDGE('',*,*,#3623,.T.);
#3623 = EDGE_CURVE('',#3614,#3624,#3626,.T.);
#3624 = VERTEX_POINT('',#3625);
#3625 = CARTESIAN_POINT('',(4.2,3.05,0.));
#3626 = LINE('',#3627,#3628);
#3627 = CARTESIAN_POINT('',(4.2,-3.05,0.));
#3628 = VECTOR('',#3629,1.);
#3629 = DIRECTION('',(0.,1.,0.));
#3630 = ORIENTED_EDGE('',*,*,#3631,.T.);
#3631 = EDGE_CURVE('',#3624,#3632,#3634,.T.);
#3632 = VERTEX_POINT('',#3633);
#3633 = CARTESIAN_POINT('',(4.2,3.05,1.2));
#3634 = LINE('',#3635,#3636);
#3635 = CARTESIAN_POINT('',(4.2,3.05,0.));
#3636 = VECTOR('',#3637,1.);
#3637 = DIRECTION('',(0.,0.,1.));
#3638 = ORIENTED_EDGE('',*,*,#3639,.F.);
#3639 = EDGE_CURVE('',#3616,#3632,#3640,.T.);
#3640 = LINE('',#3641,#3642);
#3641 = CARTESIAN_POINT('',(4.2,-3.05,1.2));
#3642 = VECTOR('',#3643,1.);
#3643 = DIRECTION('',(0.,1.,0.));
#3644 = PLANE('',#3645);
#3645 = AXIS2_PLACEMENT_3D('',#3646,#3647,#3648);
#3646 = CARTESIAN_POINT('',(4.2,-3.05,0.));
#3647 = DIRECTION('',(1.,0.,0.));
#3648 = DIRECTION('',(0.,0.,1.));
#3649 = ADVANCED_FACE('',(#3650),#3666,.F.);
#3650 = FACE_BOUND('',#3651,.F.);
#3651 = EDGE_LOOP('',(#3652,#3658,#3659,#3665));
#3652 = ORIENTED_EDGE('',*,*,#3653,.F.);
#3653 = EDGE_CURVE('',#3574,#3614,#3654,.T.);
#3654 = LINE('',#3655,#3656);
#3655 = CARTESIAN_POINT('',(-4.2,-3.05,0.));
#3656 = VECTOR('',#3657,1.);
#3657 = DIRECTION('',(1.,0.,0.));
#3658 = ORIENTED_EDGE('',*,*,#3573,.T.);
#3659 = ORIENTED_EDGE('',*,*,#3660,.T.);
#3660 = EDGE_CURVE('',#3576,#3616,#3661,.T.);
#3661 = LINE('',#3662,#3663);
#3662 = CARTESIAN_POINT('',(-4.2,-3.05,1.2));
#3663 = VECTOR('',#3664,1.);
#3664 = DIRECTION('',(1.,0.,0.));
#3665 = ORIENTED_EDGE('',*,*,#3613,.F.);
#3666 = PLANE('',#3667);
#3667 = AXIS2_PLACEMENT_3D('',#3668,#3669,#3670);
#3668 = CARTESIAN_POINT('',(-4.2,-3.05,0.));
#3669 = DIRECTION('',(0.,1.,0.));
#3670 = DIRECTION('',(0.,-0.,1.));
#3671 = ADVANCED_FACE('',(#3672),#3688,.T.);
#3672 = FACE_BOUND('',#3673,.T.);
#3673 = EDGE_LOOP('',(#3674,#3680,#3681,#3687));
#3674 = ORIENTED_EDGE('',*,*,#3675,.F.);
#3675 = EDGE_CURVE('',#3584,#3624,#3676,.T.);
#3676 = LINE('',#3677,#3678);
#3677 = CARTESIAN_POINT('',(-4.2,3.05,0.));
#3678 = VECTOR('',#3679,1.);
#3679 = DIRECTION('',(1.,0.,0.));
#3680 = ORIENTED_EDGE('',*,*,#3591,.T.);
#3681 = ORIENTED_EDGE('',*,*,#3682,.T.);
#3682 = EDGE_CURVE('',#3592,#3632,#3683,.T.);
#3683 = LINE('',#3684,#3685);
#3684 = CARTESIAN_POINT('',(-4.2,3.05,1.2));
#3685 = VECTOR('',#3686,1.);
#3686 = DIRECTION('',(1.,0.,0.));
#3687 = ORIENTED_EDGE('',*,*,#3631,.F.);
#3688 = PLANE('',#3689);
#3689 = AXIS2_PLACEMENT_3D('',#3690,#3691,#3692);
#3690 = CARTESIAN_POINT('',(-4.2,3.05,0.));
#3691 = DIRECTION('',(0.,1.,0.));
#3692 = DIRECTION('',(0.,-0.,1.));
#3693 = ADVANCED_FACE('',(#3694),#3700,.F.);
#3694 = FACE_BOUND('',#3695,.F.);
#3695 = EDGE_LOOP('',(#3696,#3697,#3698,#3699));
#3696 = ORIENTED_EDGE('',*,*,#3583,.F.);
#3697 = ORIENTED_EDGE('',*,*,#3653,.T.);
#3698 = ORIENTED_EDGE('',*,*,#3623,.T.);
#3699 = ORIENTED_EDGE('',*,*,#3675,.F.);
#3700 = PLANE('',#3701);
#3701 = AXIS2_PLACEMENT_3D('',#3702,#3703,#3704);
#3702 = CARTESIAN_POINT('',(-4.2,-3.05,0.));
#3703 = DIRECTION('',(0.,0.,1.));
#3704 = DIRECTION('',(1.,0.,-0.));
#3705 = ADVANCED_FACE('',(#3706),#3712,.T.);
#3706 = FACE_BOUND('',#3707,.T.);
#3707 = EDGE_LOOP('',(#3708,#3709,#3710,#3711));
#3708 = ORIENTED_EDGE('',*,*,#3599,.F.);
#3709 = ORIENTED_EDGE('',*,*,#3660,.T.);
#3710 = ORIENTED_EDGE('',*,*,#3639,.T.);
#3711 = ORIENTED_EDGE('',*,*,#3682,.F.);
#3712 = PLANE('',#3713);
#3713 = AXIS2_PLACEMENT_3D('',#3714,#3715,#3716);
#3714 = CARTESIAN_POINT('',(-4.2,-3.05,1.2));
#3715 = DIRECTION('',(0.,0.,1.));
#3716 = DIRECTION('',(1.,0.,-0.));
#3717 = ( GEOMETRIC_REPRESENTATION_CONTEXT(3) 
GLOBAL_UNCERTAINTY_ASSIGNED_CONTEXT((#3721)) 
GLOBAL_UNIT_ASSIGNED_CONTEXT((#3718,#3719,#3720)) REPRESENTATION_CONTEXT
('Context #1','3D Context with UNIT and UNCERTAINTY') );
#3718 = ( LENGTH_UNIT() NAMED_UNIT(*) SI_UNIT(.MILLI.,.METRE.) );
#3719 = ( NAMED_UNIT(*) PLANE_ANGLE_UNIT() SI_UNIT($,.RADIAN.) );
#3720 = ( NAMED_UNIT(*) SI_UNIT($,.STERADIAN.) SOLID_ANGLE_UNIT() );
#3721 = UNCERTAINTY_MEASURE_WITH_UNIT(LENGTH_MEASURE(1.E-07),#3718,
  'distance_accuracy_value','confusion accuracy');
#3722 = CONTEXT_DEPENDENT_SHAPE_REPRESENTATION(#3723,#3725);
#3723 = ( REPRESENTATION_RELATIONSHIP('','',#3566,#10) 
REPRESENTATION_RELATIONSHIP_WITH_TRANSFORMATION(#3724) 
SHAPE_REPRESENTATION_RELATIONSHIP() );
#3724 = ITEM_DEFINED_TRANSFORMATION('','',#11,#143);
#3725 = PRODUCT_DEFINITION_SHAPE('Placement','Placement of an item',
  #3726);
#3726 = NEXT_ASSEMBLY_USAGE_OCCURRENCE('33','U151','',#5,#3561,$);
#3727 = PRODUCT_RELATED_PRODUCT_CATEGORY('part',$,(#3563));
#3728 = SHAPE_DEFINITION_REPRESENTATION(#3729,#3735);
#3729 = PRODUCT_DEFINITION_SHAPE('','',#3730);
#3730 = PRODUCT_DEFINITION('design','',#3731,#3734);
#3731 = PRODUCT_DEFINITION_FORMATION('','',#3732);
#3732 = PRODUCT('GR86_CCA_RevB_PCB','GR86_CCA_RevB_PCB','',(#3733));
#3733 = PRODUCT_CONTEXT('',#2,'mechanical');
#3734 = PRODUCT_DEFINITION_CONTEXT('part definition',#2,'design');
#3735 = ADVANCED_BREP_SHAPE_REPRESENTATION('',(#11,#3736),#6729);
#3736 = MANIFOLD_SOLID_BREP('',#3737);
#3737 = CLOSED_SHELL('',(#3738,#3778,#3809,#3840,#4590,#5340,#5357,#5374
    ,#5391,#5408,#5425,#5442,#5459,#5476,#5493,#5510,#5527,#5544,#5561,
    #5578,#5595,#5612,#5629,#5646,#5663,#5680,#5697,#5714,#5731,#5748,
    #5765,#5782,#5799,#5816,#5833,#5850,#5867,#5884,#5901,#5918,#5935,
    #5952,#5969,#5986,#6003,#6020,#6037,#6054,#6071,#6088,#6105,#6122,
    #6139,#6156,#6173,#6190,#6207,#6224,#6241,#6258,#6275,#6287,#6304,
    #6321,#6338,#6355,#6372,#6389,#6406,#6423,#6440,#6457,#6474,#6491,
    #6508,#6525,#6542,#6559,#6576,#6593,#6610,#6627,#6644,#6661,#6678,
    #6695,#6712));
#3738 = ADVANCED_FACE('',(#3739),#3773,.T.);
#3739 = FACE_BOUND('',#3740,.T.);
#3740 = EDGE_LOOP('',(#3741,#3751,#3759,#3767));
#3741 = ORIENTED_EDGE('',*,*,#3742,.T.);
#3742 = EDGE_CURVE('',#3743,#3745,#3747,.T.);
#3743 = VERTEX_POINT('',#3744);
#3744 = CARTESIAN_POINT('',(55.,9.5,0.));
#3745 = VERTEX_POINT('',#3746);
#3746 = CARTESIAN_POINT('',(55.,9.5,1.496));
#3747 = LINE('',#3748,#3749);
#3748 = CARTESIAN_POINT('',(55.,9.5,0.));
#3749 = VECTOR('',#3750,1.);
#3750 = DIRECTION('',(0.,0.,1.));
#3751 = ORIENTED_EDGE('',*,*,#3752,.T.);
#3752 = EDGE_CURVE('',#3745,#3753,#3755,.T.);
#3753 = VERTEX_POINT('',#3754);
#3754 = CARTESIAN_POINT('',(55.,0.,1.496));
#3755 = LINE('',#3756,#3757);
#3756 = CARTESIAN_POINT('',(55.,9.5,1.496));
#3757 = VECTOR('',#3758,1.);
#3758 = DIRECTION('',(0.,-1.,0.));
#3759 = ORIENTED_EDGE('',*,*,#3760,.F.);
#3760 = EDGE_CURVE('',#3761,#3753,#3763,.T.);
#3761 = VERTEX_POINT('',#3762);
#3762 = CARTESIAN_POINT('',(55.,-0.,0.));
#3763 = LINE('',#3764,#3765);
#3764 = CARTESIAN_POINT('',(55.,-0.,0.));
#3765 = VECTOR('',#3766,1.);
#3766 = DIRECTION('',(0.,0.,1.));
#3767 = ORIENTED_EDGE('',*,*,#3768,.F.);
#3768 = EDGE_CURVE('',#3743,#3761,#3769,.T.);
#3769 = LINE('',#3770,#3771);
#3770 = CARTESIAN_POINT('',(55.,9.5,0.));
#3771 = VECTOR('',#3772,1.);
#3772 = DIRECTION('',(0.,-1.,0.));
#3773 = PLANE('',#3774);
#3774 = AXIS2_PLACEMENT_3D('',#3775,#3776,#3777);
#3775 = CARTESIAN_POINT('',(55.,9.5,0.));
#3776 = DIRECTION('',(1.,0.,-0.));
#3777 = DIRECTION('',(0.,-1.,0.));
#3778 = ADVANCED_FACE('',(#3779),#3804,.T.);
#3779 = FACE_BOUND('',#3780,.T.);
#3780 = EDGE_LOOP('',(#3781,#3791,#3797,#3798));
#3781 = ORIENTED_EDGE('',*,*,#3782,.T.);
#3782 = EDGE_CURVE('',#3783,#3785,#3787,.T.);
#3783 = VERTEX_POINT('',#3784);
#3784 = CARTESIAN_POINT('',(54.5,10.,0.));
#3785 = VERTEX_POINT('',#3786);
#3786 = CARTESIAN_POINT('',(54.5,10.,1.496));
#3787 = LINE('',#3788,#3789);
#3788 = CARTESIAN_POINT('',(54.5,10.,0.));
#3789 = VECTOR('',#3790,1.);
#3790 = DIRECTION('',(0.,0.,1.));
#3791 = ORIENTED_EDGE('',*,*,#3792,.T.);
#3792 = EDGE_CURVE('',#3785,#3745,#3793,.T.);
#3793 = LINE('',#3794,#3795);
#3794 = CARTESIAN_POINT('',(54.5,10.,1.496));
#3795 = VECTOR('',#3796,1.);
#3796 = DIRECTION('',(0.707106781187,-0.707106781187,0.));
#3797 = ORIENTED_EDGE('',*,*,#3742,.F.);
#3798 = ORIENTED_EDGE('',*,*,#3799,.F.);
#3799 = EDGE_CURVE('',#3783,#3743,#3800,.T.);
#3800 = LINE('',#3801,#3802);
#3801 = CARTESIAN_POINT('',(54.5,10.,0.));
#3802 = VECTOR('',#3803,1.);
#3803 = DIRECTION('',(0.707106781187,-0.707106781187,0.));
#3804 = PLANE('',#3805);
#3805 = AXIS2_PLACEMENT_3D('',#3806,#3807,#3808);
#3806 = CARTESIAN_POINT('',(54.5,10.,0.));
#3807 = DIRECTION('',(0.707106781187,0.707106781187,-0.));
#3808 = DIRECTION('',(0.707106781187,-0.707106781187,0.));
#3809 = ADVANCED_FACE('',(#3810),#3835,.T.);
#3810 = FACE_BOUND('',#3811,.T.);
#3811 = EDGE_LOOP('',(#3812,#3813,#3821,#3829));
#3812 = ORIENTED_EDGE('',*,*,#3760,.T.);
#3813 = ORIENTED_EDGE('',*,*,#3814,.T.);
#3814 = EDGE_CURVE('',#3753,#3815,#3817,.T.);
#3815 = VERTEX_POINT('',#3816);
#3816 = CARTESIAN_POINT('',(59.5,0.,1.496));
#3817 = LINE('',#3818,#3819);
#3818 = CARTESIAN_POINT('',(55.,0.,1.496));
#3819 = VECTOR('',#3820,1.);
#3820 = DIRECTION('',(1.,0.,0.));
#3821 = ORIENTED_EDGE('',*,*,#3822,.F.);
#3822 = EDGE_CURVE('',#3823,#3815,#3825,.T.);
#3823 = VERTEX_POINT('',#3824);
#3824 = CARTESIAN_POINT('',(59.5,-0.,0.));
#3825 = LINE('',#3826,#3827);
#3826 = CARTESIAN_POINT('',(59.5,-0.,0.));
#3827 = VECTOR('',#3828,1.);
#3828 = DIRECTION('',(0.,0.,1.));
#3829 = ORIENTED_EDGE('',*,*,#3830,.F.);
#3830 = EDGE_CURVE('',#3761,#3823,#3831,.T.);
#3831 = LINE('',#3832,#3833);
#3832 = CARTESIAN_POINT('',(55.,-0.,0.));
#3833 = VECTOR('',#3834,1.);
#3834 = DIRECTION('',(1.,0.,0.));
#3835 = PLANE('',#3836);
#3836 = AXIS2_PLACEMENT_3D('',#3837,#3838,#3839);
#3837 = CARTESIAN_POINT('',(55.,0.,0.));
#3838 = DIRECTION('',(0.,1.,0.));
#3839 = DIRECTION('',(1.,0.,0.));
#3840 = ADVANCED_FACE('',(#3841,#4299,#4310,#4321,#4332,#4343,#4354,
    #4365,#4376,#4387,#4398,#4409,#4420,#4431,#4442,#4453,#4464,#4475,
    #4486,#4497,#4508,#4519,#4530,#4541,#4552,#4563,#4574),#4585,.F.);
#3841 = FACE_BOUND('',#3842,.F.);
#3842 = EDGE_LOOP('',(#3843,#3844,#3845,#3853,#3861,#3869,#3877,#3885,
    #3893,#3901,#3909,#3917,#3925,#3934,#3943,#3951,#3959,#3967,#3976,
    #3985,#3993,#4001,#4009,#4017,#4025,#4033,#4041,#4049,#4057,#4065,
    #4073,#4081,#4089,#4097,#4105,#4113,#4121,#4129,#4137,#4145,#4153,
    #4162,#4171,#4179,#4188,#4196,#4204,#4212,#4220,#4228,#4236,#4244,
    #4252,#4260,#4268,#4276,#4284,#4292,#4298));
#3843 = ORIENTED_EDGE('',*,*,#3768,.F.);
#3844 = ORIENTED_EDGE('',*,*,#3799,.F.);
#3845 = ORIENTED_EDGE('',*,*,#3846,.F.);
#3846 = EDGE_CURVE('',#3847,#3783,#3849,.T.);
#3847 = VERTEX_POINT('',#3848);
#3848 = CARTESIAN_POINT('',(13.5,10.,0.));
#3849 = LINE('',#3850,#3851);
#3850 = CARTESIAN_POINT('',(13.5,10.,0.));
#3851 = VECTOR('',#3852,1.);
#3852 = DIRECTION('',(1.,0.,0.));
#3853 = ORIENTED_EDGE('',*,*,#3854,.F.);
#3854 = EDGE_CURVE('',#3855,#3847,#3857,.T.);
#3855 = VERTEX_POINT('',#3856);
#3856 = CARTESIAN_POINT('',(13.,9.5,0.));
#3857 = LINE('',#3858,#3859);
#3858 = CARTESIAN_POINT('',(13.,9.5,0.));
#3859 = VECTOR('',#3860,1.);
#3860 = DIRECTION('',(0.707106781187,0.707106781187,0.));
#3861 = ORIENTED_EDGE('',*,*,#3862,.F.);
#3862 = EDGE_CURVE('',#3863,#3855,#3865,.T.);
#3863 = VERTEX_POINT('',#3864);
#3864 = CARTESIAN_POINT('',(13.,-0.,0.));
#3865 = LINE('',#3866,#3867);
#3866 = CARTESIAN_POINT('',(13.,-0.,0.));
#3867 = VECTOR('',#3868,1.);
#3868 = DIRECTION('',(0.,1.,0.));
#3869 = ORIENTED_EDGE('',*,*,#3870,.F.);
#3870 = EDGE_CURVE('',#3871,#3863,#3873,.T.);
#3871 = VERTEX_POINT('',#3872);
#3872 = CARTESIAN_POINT('',(9.7,-0.,0.));
#3873 = LINE('',#3874,#3875);
#3874 = CARTESIAN_POINT('',(9.7,-0.,0.));
#3875 = VECTOR('',#3876,1.);
#3876 = DIRECTION('',(1.,0.,0.));
#3877 = ORIENTED_EDGE('',*,*,#3878,.F.);
#3878 = EDGE_CURVE('',#3879,#3871,#3881,.T.);
#3879 = VERTEX_POINT('',#3880);
#3880 = CARTESIAN_POINT('',(9.7,6.5,0.));
#3881 = LINE('',#3882,#3883);
#3882 = CARTESIAN_POINT('',(9.7,6.5,0.));
#3883 = VECTOR('',#3884,1.);
#3884 = DIRECTION('',(0.,-1.,0.));
#3885 = ORIENTED_EDGE('',*,*,#3886,.F.);
#3886 = EDGE_CURVE('',#3887,#3879,#3889,.T.);
#3887 = VERTEX_POINT('',#3888);
#3888 = CARTESIAN_POINT('',(9.2,7.,0.));
#3889 = LINE('',#3890,#3891);
#3890 = CARTESIAN_POINT('',(9.2,7.,0.));
#3891 = VECTOR('',#3892,1.);
#3892 = DIRECTION('',(0.707106781187,-0.707106781187,0.));
#3893 = ORIENTED_EDGE('',*,*,#3894,.F.);
#3894 = EDGE_CURVE('',#3895,#3887,#3897,.T.);
#3895 = VERTEX_POINT('',#3896);
#3896 = CARTESIAN_POINT('',(3.2,7.,0.));
#3897 = LINE('',#3898,#3899);
#3898 = CARTESIAN_POINT('',(3.2,7.,0.));
#3899 = VECTOR('',#3900,1.);
#3900 = DIRECTION('',(1.,0.,0.));
#3901 = ORIENTED_EDGE('',*,*,#3902,.F.);
#3902 = EDGE_CURVE('',#3903,#3895,#3905,.T.);
#3903 = VERTEX_POINT('',#3904);
#3904 = CARTESIAN_POINT('',(2.7,6.5,0.));
#3905 = LINE('',#3906,#3907);
#3906 = CARTESIAN_POINT('',(2.7,6.5,0.));
#3907 = VECTOR('',#3908,1.);
#3908 = DIRECTION('',(0.707106781187,0.707106781187,0.));
#3909 = ORIENTED_EDGE('',*,*,#3910,.F.);
#3910 = EDGE_CURVE('',#3911,#3903,#3913,.T.);
#3911 = VERTEX_POINT('',#3912);
#3912 = CARTESIAN_POINT('',(2.7,-0.,0.));
#3913 = LINE('',#3914,#3915);
#3914 = CARTESIAN_POINT('',(2.7,-0.,0.));
#3915 = VECTOR('',#3916,1.);
#3916 = DIRECTION('',(0.,1.,0.));
#3917 = ORIENTED_EDGE('',*,*,#3918,.F.);
#3918 = EDGE_CURVE('',#3919,#3911,#3921,.T.);
#3919 = VERTEX_POINT('',#3920);
#3920 = CARTESIAN_POINT('',(0.980942,0.,0.));
#3921 = LINE('',#3922,#3923);
#3922 = CARTESIAN_POINT('',(0.980942,-0.,0.));
#3923 = VECTOR('',#3924,1.);
#3924 = DIRECTION('',(1.,0.,0.));
#3925 = ORIENTED_EDGE('',*,*,#3926,.F.);
#3926 = EDGE_CURVE('',#3927,#3919,#3929,.T.);
#3927 = VERTEX_POINT('',#3928);
#3928 = CARTESIAN_POINT('',(0.287314,-0.287312,0.));
#3929 = CIRCLE('',#3930,0.980934298649);
#3930 = AXIS2_PLACEMENT_3D('',#3931,#3932,#3933);
#3931 = CARTESIAN_POINT('',(0.980942290285,-0.980934298649,0.));
#3932 = DIRECTION('',(0.,0.,-1.));
#3933 = DIRECTION('',(-0.707109835225,0.707103727135,0.));
#3934 = ORIENTED_EDGE('',*,*,#3935,.F.);
#3935 = EDGE_CURVE('',#3936,#3927,#3938,.T.);
#3936 = VERTEX_POINT('',#3937);
#3937 = CARTESIAN_POINT('',(0.,-0.980947,0.));
#3938 = CIRCLE('',#3939,0.980954801173);
#3939 = AXIS2_PLACEMENT_3D('',#3940,#3941,#3942);
#3940 = CARTESIAN_POINT('',(0.980954801166,-0.980950782727,0.));
#3941 = DIRECTION('',(0.,0.,-1.));
#3942 = DIRECTION('',(-0.999999999993,3.856168220203E-06,0.));
#3943 = ORIENTED_EDGE('',*,*,#3944,.F.);
#3944 = EDGE_CURVE('',#3945,#3936,#3947,.T.);
#3945 = VERTEX_POINT('',#3946);
#3946 = CARTESIAN_POINT('',(2.E-06,-2.834492,0.));
#3947 = LINE('',#3948,#3949);
#3948 = CARTESIAN_POINT('',(2.E-06,-2.834492,0.));
#3949 = VECTOR('',#3950,1.);
#3950 = DIRECTION('',(-1.079013457995E-06,0.999999999999,0.));
#3951 = ORIENTED_EDGE('',*,*,#3952,.F.);
#3952 = EDGE_CURVE('',#3953,#3945,#3955,.T.);
#3953 = VERTEX_POINT('',#3954);
#3954 = CARTESIAN_POINT('',(0.,-37.820272,0.));
#3955 = LINE('',#3956,#3957);
#3956 = CARTESIAN_POINT('',(0.,-37.820272,0.));
#3957 = VECTOR('',#3958,1.);
#3958 = DIRECTION('',(5.716608290568E-08,1.,0.));
#3959 = ORIENTED_EDGE('',*,*,#3960,.F.);
#3960 = EDGE_CURVE('',#3961,#3953,#3963,.T.);
#3961 = VERTEX_POINT('',#3962);
#3962 = CARTESIAN_POINT('',(0.,-40.003105,0.));
#3963 = LINE('',#3964,#3965);
#3964 = CARTESIAN_POINT('',(0.,-40.003105,0.));
#3965 = VECTOR('',#3966,1.);
#3966 = DIRECTION('',(0.,1.,0.));
#3967 = ORIENTED_EDGE('',*,*,#3968,.F.);
#3968 = EDGE_CURVE('',#3969,#3961,#3971,.T.);
#3969 = VERTEX_POINT('',#3970);
#3970 = CARTESIAN_POINT('',(0.337314,-40.817452,0.));
#3971 = CIRCLE('',#3972,1.151672410342);
#3972 = AXIS2_PLACEMENT_3D('',#3973,#3974,#3975);
#3973 = CARTESIAN_POINT('',(1.15167241033,-40.00309966822,0.));
#3974 = DIRECTION('',(0.,0.,-1.));
#3975 = DIRECTION('',(-0.707109420193,-0.70710414217,-0.));
#3976 = ORIENTED_EDGE('',*,*,#3977,.F.);
#3977 = EDGE_CURVE('',#3978,#3969,#3980,.T.);
#3978 = VERTEX_POINT('',#3979);
#3979 = CARTESIAN_POINT('',(1.475399,-41.288863,0.));
#3980 = CIRCLE('',#3981,1.609481891787);
#3981 = AXIS2_PLACEMENT_3D('',#3982,#3983,#3984);
#3982 = CARTESIAN_POINT('',(1.47539422796,-39.67938110822,0.));
#3983 = DIRECTION('',(0.,0.,-1.));
#3984 = DIRECTION('',(2.964954201368E-06,-0.999999999996,0.));
#3985 = ORIENTED_EDGE('',*,*,#3986,.F.);
#3986 = EDGE_CURVE('',#3987,#3978,#3989,.T.);
#3987 = VERTEX_POINT('',#3988);
#3988 = CARTESIAN_POINT('',(2.557101,-41.288863,0.));
#3989 = LINE('',#3990,#3991);
#3990 = CARTESIAN_POINT('',(2.557101,-41.288863,0.));
#3991 = VECTOR('',#3992,1.);
#3992 = DIRECTION('',(-1.,0.,0.));
#3993 = ORIENTED_EDGE('',*,*,#3994,.F.);
#3994 = EDGE_CURVE('',#3995,#3987,#3997,.T.);
#3995 = VERTEX_POINT('',#3996);
#3996 = CARTESIAN_POINT('',(2.7,-41.288804,0.));
#3997 = LINE('',#3998,#3999);
#3998 = CARTESIAN_POINT('',(2.7,-41.288804,0.));
#3999 = VECTOR('',#4000,1.);
#4000 = DIRECTION('',(-0.999999914765,-4.128789912555E-04,0.));
#4001 = ORIENTED_EDGE('',*,*,#4002,.F.);
#4002 = EDGE_CURVE('',#4003,#3995,#4005,.T.);
#4003 = VERTEX_POINT('',#4004);
#4004 = CARTESIAN_POINT('',(2.7,-47.787355,0.));
#4005 = LINE('',#4006,#4007);
#4006 = CARTESIAN_POINT('',(2.7,-47.787355,0.));
#4007 = VECTOR('',#4008,1.);
#4008 = DIRECTION('',(0.,1.,0.));
#4009 = ORIENTED_EDGE('',*,*,#4010,.F.);
#4010 = EDGE_CURVE('',#4011,#4003,#4013,.T.);
#4011 = VERTEX_POINT('',#4012);
#4012 = CARTESIAN_POINT('',(3.2,-48.287355,0.));
#4013 = LINE('',#4014,#4015);
#4014 = CARTESIAN_POINT('',(3.2,-48.287355,0.));
#4015 = VECTOR('',#4016,1.);
#4016 = DIRECTION('',(-0.707106781187,0.707106781187,0.));
#4017 = ORIENTED_EDGE('',*,*,#4018,.F.);
#4018 = EDGE_CURVE('',#4019,#4011,#4021,.T.);
#4019 = VERTEX_POINT('',#4020);
#4020 = CARTESIAN_POINT('',(9.2,-48.287355,0.));
#4021 = LINE('',#4022,#4023);
#4022 = CARTESIAN_POINT('',(9.2,-48.287355,0.));
#4023 = VECTOR('',#4024,1.);
#4024 = DIRECTION('',(-1.,0.,0.));
#4025 = ORIENTED_EDGE('',*,*,#4026,.F.);
#4026 = EDGE_CURVE('',#4027,#4019,#4029,.T.);
#4027 = VERTEX_POINT('',#4028);
#4028 = CARTESIAN_POINT('',(9.7,-47.787355,0.));
#4029 = LINE('',#4030,#4031);
#4030 = CARTESIAN_POINT('',(9.7,-47.787355,0.));
#4031 = VECTOR('',#4032,1.);
#4032 = DIRECTION('',(-0.707106781187,-0.707106781187,0.));
#4033 = ORIENTED_EDGE('',*,*,#4034,.F.);
#4034 = EDGE_CURVE('',#4035,#4027,#4037,.T.);
#4035 = VERTEX_POINT('',#4036);
#4036 = CARTESIAN_POINT('',(9.7,-41.285906,0.));
#4037 = LINE('',#4038,#4039);
#4038 = CARTESIAN_POINT('',(9.7,-41.285906,0.));
#4039 = VECTOR('',#4040,1.);
#4040 = DIRECTION('',(0.,-1.,0.));
#4041 = ORIENTED_EDGE('',*,*,#4042,.F.);
#4042 = EDGE_CURVE('',#4043,#4035,#4045,.T.);
#4043 = VERTEX_POINT('',#4044);
#4044 = CARTESIAN_POINT('',(13.,-41.28454,0.));
#4045 = LINE('',#4046,#4047);
#4046 = CARTESIAN_POINT('',(13.,-41.28454,0.));
#4047 = VECTOR('',#4048,1.);
#4048 = DIRECTION('',(-0.999999914327,-4.139393584752E-04,0.));
#4049 = ORIENTED_EDGE('',*,*,#4050,.F.);
#4050 = EDGE_CURVE('',#4051,#4043,#4053,.T.);
#4051 = VERTEX_POINT('',#4052);
#4052 = CARTESIAN_POINT('',(13.,-50.775846,0.));
#4053 = LINE('',#4054,#4055);
#4054 = CARTESIAN_POINT('',(13.,-50.775846,0.));
#4055 = VECTOR('',#4056,1.);
#4056 = DIRECTION('',(0.,1.,0.));
#4057 = ORIENTED_EDGE('',*,*,#4058,.F.);
#4058 = EDGE_CURVE('',#4059,#4051,#4061,.T.);
#4059 = VERTEX_POINT('',#4060);
#4060 = CARTESIAN_POINT('',(13.5,-51.275846,0.));
#4061 = LINE('',#4062,#4063);
#4062 = CARTESIAN_POINT('',(13.5,-51.275846,0.));
#4063 = VECTOR('',#4064,1.);
#4064 = DIRECTION('',(-0.707106781187,0.707106781187,0.));
#4065 = ORIENTED_EDGE('',*,*,#4066,.F.);
#4066 = EDGE_CURVE('',#4067,#4059,#4069,.T.);
#4067 = VERTEX_POINT('',#4068);
#4068 = CARTESIAN_POINT('',(54.5,-51.275846,0.));
#4069 = LINE('',#4070,#4071);
#4070 = CARTESIAN_POINT('',(54.5,-51.275846,0.));
#4071 = VECTOR('',#4072,1.);
#4072 = DIRECTION('',(-1.,0.,0.));
#4073 = ORIENTED_EDGE('',*,*,#4074,.F.);
#4074 = EDGE_CURVE('',#4075,#4067,#4077,.T.);
#4075 = VERTEX_POINT('',#4076);
#4076 = CARTESIAN_POINT('',(55.,-50.775846,0.));
#4077 = LINE('',#4078,#4079);
#4078 = CARTESIAN_POINT('',(55.,-50.775846,0.));
#4079 = VECTOR('',#4080,1.);
#4080 = DIRECTION('',(-0.707106781187,-0.707106781187,0.));
#4081 = ORIENTED_EDGE('',*,*,#4082,.F.);
#4082 = EDGE_CURVE('',#4083,#4075,#4085,.T.);
#4083 = VERTEX_POINT('',#4084);
#4084 = CARTESIAN_POINT('',(55.,-41.267152,0.));
#4085 = LINE('',#4086,#4087);
#4086 = CARTESIAN_POINT('',(55.,-41.267152,0.));
#4087 = VECTOR('',#4088,1.);
#4088 = DIRECTION('',(0.,-1.,0.));
#4089 = ORIENTED_EDGE('',*,*,#4090,.F.);
#4090 = EDGE_CURVE('',#4091,#4083,#4093,.T.);
#4091 = VERTEX_POINT('',#4092);
#4092 = CARTESIAN_POINT('',(59.5,-41.26529,0.));
#4093 = LINE('',#4094,#4095);
#4094 = CARTESIAN_POINT('',(59.5,-41.26529,0.));
#4095 = VECTOR('',#4096,1.);
#4096 = DIRECTION('',(-0.999999914394,-4.137777423565E-04,0.));
#4097 = ORIENTED_EDGE('',*,*,#4098,.F.);
#4098 = EDGE_CURVE('',#4099,#4091,#4101,.T.);
#4099 = VERTEX_POINT('',#4100);
#4100 = CARTESIAN_POINT('',(59.5,-47.763841,0.));
#4101 = LINE('',#4102,#4103);
#4102 = CARTESIAN_POINT('',(59.5,-47.763841,0.));
#4103 = VECTOR('',#4104,1.);
#4104 = DIRECTION('',(0.,1.,0.));
#4105 = ORIENTED_EDGE('',*,*,#4106,.F.);
#4106 = EDGE_CURVE('',#4107,#4099,#4109,.T.);
#4107 = VERTEX_POINT('',#4108);
#4108 = CARTESIAN_POINT('',(60.,-48.263841,0.));
#4109 = LINE('',#4110,#4111);
#4110 = CARTESIAN_POINT('',(60.,-48.263841,0.));
#4111 = VECTOR('',#4112,1.);
#4112 = DIRECTION('',(-0.707106781187,0.707106781187,0.));
#4113 = ORIENTED_EDGE('',*,*,#4114,.F.);
#4114 = EDGE_CURVE('',#4115,#4107,#4117,.T.);
#4115 = VERTEX_POINT('',#4116);
#4116 = CARTESIAN_POINT('',(66.,-48.263841,0.));
#4117 = LINE('',#4118,#4119);
#4118 = CARTESIAN_POINT('',(66.,-48.263841,0.));
#4119 = VECTOR('',#4120,1.);
#4120 = DIRECTION('',(-1.,0.,0.));
#4121 = ORIENTED_EDGE('',*,*,#4122,.F.);
#4122 = EDGE_CURVE('',#4123,#4115,#4125,.T.);
#4123 = VERTEX_POINT('',#4124);
#4124 = CARTESIAN_POINT('',(66.5,-47.763841,0.));
#4125 = LINE('',#4126,#4127);
#4126 = CARTESIAN_POINT('',(66.5,-47.763841,0.));
#4127 = VECTOR('',#4128,1.);
#4128 = DIRECTION('',(-0.707106781187,-0.707106781187,0.));
#4129 = ORIENTED_EDGE('',*,*,#4130,.F.);
#4130 = EDGE_CURVE('',#4131,#4123,#4133,.T.);
#4131 = VERTEX_POINT('',#4132);
#4132 = CARTESIAN_POINT('',(66.5,-41.262392,0.));
#4133 = LINE('',#4134,#4135);
#4134 = CARTESIAN_POINT('',(66.5,-41.262392,0.));
#4135 = VECTOR('',#4136,1.);
#4136 = DIRECTION('',(0.,-1.,0.));
#4137 = ORIENTED_EDGE('',*,*,#4138,.F.);
#4138 = EDGE_CURVE('',#4139,#4131,#4141,.T.);
#4139 = VERTEX_POINT('',#4140);
#4140 = CARTESIAN_POINT('',(84.927437,-41.254763,0.));
#4141 = LINE('',#4142,#4143);
#4142 = CARTESIAN_POINT('',(84.927437,-41.254763,0.));
#4143 = VECTOR('',#4144,1.);
#4144 = DIRECTION('',(-0.999999914301,-4.140021939136E-04,0.));
#4145 = ORIENTED_EDGE('',*,*,#4146,.F.);
#4146 = EDGE_CURVE('',#4147,#4139,#4149,.T.);
#4147 = VERTEX_POINT('',#4148);
#4148 = CARTESIAN_POINT('',(85.978852,-41.254763,0.));
#4149 = LINE('',#4150,#4151);
#4150 = CARTESIAN_POINT('',(85.978852,-41.254763,0.));
#4151 = VECTOR('',#4152,1.);
#4152 = DIRECTION('',(-1.,0.,0.));
#4153 = ORIENTED_EDGE('',*,*,#4154,.F.);
#4154 = EDGE_CURVE('',#4155,#4147,#4157,.T.);
#4155 = VERTEX_POINT('',#4156);
#4156 = CARTESIAN_POINT('',(87.517455,-40.617452,0.));
#4157 = CIRCLE('',#4158,2.175914633346);
#4158 = AXIS2_PLACEMENT_3D('',#4159,#4160,#4161);
#4159 = CARTESIAN_POINT('',(85.978850648302,-39.07884836665,0.));
#4160 = DIRECTION('',(0.,0.,-1.));
#4161 = DIRECTION('',(0.707106946256,-0.707106616117,0.));
#4162 = ORIENTED_EDGE('',*,*,#4163,.F.);
#4163 = EDGE_CURVE('',#4164,#4155,#4166,.T.);
#4164 = VERTEX_POINT('',#4165);
#4165 = CARTESIAN_POINT('',(88.254766,-38.837428,0.));
#4166 = CIRCLE('',#4167,2.517306922976);
#4167 = AXIS2_PLACEMENT_3D('',#4168,#4169,#4170);
#4168 = CARTESIAN_POINT('',(85.737459077045,-38.83743833187,0.));
#4169 = DIRECTION('',(0.,0.,-1.));
#4170 = DIRECTION('',(0.999999999992,4.104334924228E-06,0.));
#4171 = ORIENTED_EDGE('',*,*,#4172,.F.);
#4172 = EDGE_CURVE('',#4173,#4164,#4175,.T.);
#4173 = VERTEX_POINT('',#4174);
#4174 = CARTESIAN_POINT('',(88.254766,-1.018623,0.));
#4175 = LINE('',#4176,#4177);
#4176 = CARTESIAN_POINT('',(88.254766,-1.018623,0.));
#4177 = VECTOR('',#4178,1.);
#4178 = DIRECTION('',(0.,-1.,0.));
#4179 = ORIENTED_EDGE('',*,*,#4180,.F.);
#4180 = EDGE_CURVE('',#4181,#4173,#4183,.T.);
#4181 = VERTEX_POINT('',#4182);
#4182 = CARTESIAN_POINT('',(87.279325,-1.189999999999E-04,0.));
#4183 = CIRCLE('',#4184,1.019452334555);
#4184 = AXIS2_PLACEMENT_3D('',#4185,#4186,#4187);
#4185 = CARTESIAN_POINT('',(87.235313665447,-1.018620872782,0.));
#4186 = DIRECTION('',(0.,0.,-1.));
#4187 = DIRECTION('',(4.317154717431E-02,0.999067674142,0.));
#4188 = ORIENTED_EDGE('',*,*,#4189,.F.);
#4189 = EDGE_CURVE('',#4190,#4181,#4192,.T.);
#4190 = VERTEX_POINT('',#4191);
#4191 = CARTESIAN_POINT('',(87.273825,-0.,0.));
#4192 = LINE('',#4193,#4194);
#4193 = CARTESIAN_POINT('',(87.273825,-0.,0.));
#4194 = VECTOR('',#4195,1.);
#4195 = DIRECTION('',(0.999766016033,-2.163130107417E-02,0.));
#4196 = ORIENTED_EDGE('',*,*,#4197,.F.);
#4197 = EDGE_CURVE('',#4198,#4190,#4200,.T.);
#4198 = VERTEX_POINT('',#4199);
#4199 = CARTESIAN_POINT('',(86.9,0.5,0.));
#4200 = LINE('',#4201,#4202);
#4201 = CARTESIAN_POINT('',(86.9,0.5,0.));
#4202 = VECTOR('',#4203,1.);
#4203 = DIRECTION('',(0.598794762486,-0.800902511183,0.));
#4204 = ORIENTED_EDGE('',*,*,#4205,.F.);
#4205 = EDGE_CURVE('',#4206,#4198,#4208,.T.);
#4206 = VERTEX_POINT('',#4207);
#4207 = CARTESIAN_POINT('',(86.9,7.5,0.));
#4208 = LINE('',#4209,#4210);
#4209 = CARTESIAN_POINT('',(86.9,7.5,0.));
#4210 = VECTOR('',#4211,1.);
#4211 = DIRECTION('',(0.,-1.,0.));
#4212 = ORIENTED_EDGE('',*,*,#4213,.F.);
#4213 = EDGE_CURVE('',#4214,#4206,#4216,.T.);
#4214 = VERTEX_POINT('',#4215);
#4215 = CARTESIAN_POINT('',(86.4,8.,0.));
#4216 = LINE('',#4217,#4218);
#4217 = CARTESIAN_POINT('',(86.4,8.,0.));
#4218 = VECTOR('',#4219,1.);
#4219 = DIRECTION('',(0.707106781187,-0.707106781187,0.));
#4220 = ORIENTED_EDGE('',*,*,#4221,.F.);
#4221 = EDGE_CURVE('',#4222,#4214,#4224,.T.);
#4222 = VERTEX_POINT('',#4223);
#4223 = CARTESIAN_POINT('',(77.5,8.,0.));
#4224 = LINE('',#4225,#4226);
#4225 = CARTESIAN_POINT('',(77.5,8.,0.));
#4226 = VECTOR('',#4227,1.);
#4227 = DIRECTION('',(1.,0.,0.));
#4228 = ORIENTED_EDGE('',*,*,#4229,.F.);
#4229 = EDGE_CURVE('',#4230,#4222,#4232,.T.);
#4230 = VERTEX_POINT('',#4231);
#4231 = CARTESIAN_POINT('',(77.,7.5,0.));
#4232 = LINE('',#4233,#4234);
#4233 = CARTESIAN_POINT('',(77.,7.5,0.));
#4234 = VECTOR('',#4235,1.);
#4235 = DIRECTION('',(0.707106781187,0.707106781187,0.));
#4236 = ORIENTED_EDGE('',*,*,#4237,.F.);
#4237 = EDGE_CURVE('',#4238,#4230,#4240,.T.);
#4238 = VERTEX_POINT('',#4239);
#4239 = CARTESIAN_POINT('',(77.,0.5,0.));
#4240 = LINE('',#4241,#4242);
#4241 = CARTESIAN_POINT('',(77.,0.5,0.));
#4242 = VECTOR('',#4243,1.);
#4243 = DIRECTION('',(0.,1.,0.));
#4244 = ORIENTED_EDGE('',*,*,#4245,.F.);
#4245 = EDGE_CURVE('',#4246,#4238,#4248,.T.);
#4246 = VERTEX_POINT('',#4247);
#4247 = CARTESIAN_POINT('',(76.5,-0.,0.));
#4248 = LINE('',#4249,#4250);
#4249 = CARTESIAN_POINT('',(76.5,-0.,0.));
#4250 = VECTOR('',#4251,1.);
#4251 = DIRECTION('',(0.707106781187,0.707106781187,0.));
#4252 = ORIENTED_EDGE('',*,*,#4253,.F.);
#4253 = EDGE_CURVE('',#4254,#4246,#4256,.T.);
#4254 = VERTEX_POINT('',#4255);
#4255 = CARTESIAN_POINT('',(66.5,-0.,0.));
#4256 = LINE('',#4257,#4258);
#4257 = CARTESIAN_POINT('',(66.5,-0.,0.));
#4258 = VECTOR('',#4259,1.);
#4259 = DIRECTION('',(1.,0.,0.));
#4260 = ORIENTED_EDGE('',*,*,#4261,.F.);
#4261 = EDGE_CURVE('',#4262,#4254,#4264,.T.);
#4262 = VERTEX_POINT('',#4263);
#4263 = CARTESIAN_POINT('',(66.5,6.5,0.));
#4264 = LINE('',#4265,#4266);
#4265 = CARTESIAN_POINT('',(66.5,6.5,0.));
#4266 = VECTOR('',#4267,1.);
#4267 = DIRECTION('',(0.,-1.,0.));
#4268 = ORIENTED_EDGE('',*,*,#4269,.F.);
#4269 = EDGE_CURVE('',#4270,#4262,#4272,.T.);
#4270 = VERTEX_POINT('',#4271);
#4271 = CARTESIAN_POINT('',(66.,7.,0.));
#4272 = LINE('',#4273,#4274);
#4273 = CARTESIAN_POINT('',(66.,7.,0.));
#4274 = VECTOR('',#4275,1.);
#4275 = DIRECTION('',(0.707106781187,-0.707106781187,0.));
#4276 = ORIENTED_EDGE('',*,*,#4277,.F.);
#4277 = EDGE_CURVE('',#4278,#4270,#4280,.T.);
#4278 = VERTEX_POINT('',#4279);
#4279 = CARTESIAN_POINT('',(60.,7.,0.));
#4280 = LINE('',#4281,#4282);
#4281 = CARTESIAN_POINT('',(60.,7.,0.));
#4282 = VECTOR('',#4283,1.);
#4283 = DIRECTION('',(1.,0.,0.));
#4284 = ORIENTED_EDGE('',*,*,#4285,.F.);
#4285 = EDGE_CURVE('',#4286,#4278,#4288,.T.);
#4286 = VERTEX_POINT('',#4287);
#4287 = CARTESIAN_POINT('',(59.5,6.5,0.));
#4288 = LINE('',#4289,#4290);
#4289 = CARTESIAN_POINT('',(59.5,6.5,0.));
#4290 = VECTOR('',#4291,1.);
#4291 = DIRECTION('',(0.707106781187,0.707106781187,0.));
#4292 = ORIENTED_EDGE('',*,*,#4293,.F.);
#4293 = EDGE_CURVE('',#3823,#4286,#4294,.T.);
#4294 = LINE('',#4295,#4296);
#4295 = CARTESIAN_POINT('',(59.5,-0.,0.));
#4296 = VECTOR('',#4297,1.);
#4297 = DIRECTION('',(0.,1.,0.));
#4298 = ORIENTED_EDGE('',*,*,#3830,.F.);
#4299 = FACE_BOUND('',#4300,.F.);
#4300 = EDGE_LOOP('',(#4301));
#4301 = ORIENTED_EDGE('',*,*,#4302,.T.);
#4302 = EDGE_CURVE('',#4303,#4303,#4305,.T.);
#4303 = VERTEX_POINT('',#4304);
#4304 = CARTESIAN_POINT('',(6.2,-47.487355,0.));
#4305 = CIRCLE('',#4306,2.2);
#4306 = AXIS2_PLACEMENT_3D('',#4307,#4308,#4309);
#4307 = CARTESIAN_POINT('',(6.2,-45.287355,0.));
#4308 = DIRECTION('',(-0.,0.,-1.));
#4309 = DIRECTION('',(-0.,-1.,0.));
#4310 = FACE_BOUND('',#4311,.F.);
#4311 = EDGE_LOOP('',(#4312));
#4312 = ORIENTED_EDGE('',*,*,#4313,.T.);
#4313 = EDGE_CURVE('',#4314,#4314,#4316,.T.);
#4314 = VERTEX_POINT('',#4315);
#4315 = CARTESIAN_POINT('',(6.,-39.05,0.));
#4316 = CIRCLE('',#4317,0.55);
#4317 = AXIS2_PLACEMENT_3D('',#4318,#4319,#4320);
#4318 = CARTESIAN_POINT('',(6.,-38.5,0.));
#4319 = DIRECTION('',(-0.,0.,-1.));
#4320 = DIRECTION('',(-0.,-1.,0.));
#4321 = FACE_BOUND('',#4322,.F.);
#4322 = EDGE_LOOP('',(#4323));
#4323 = ORIENTED_EDGE('',*,*,#4324,.T.);
#4324 = EDGE_CURVE('',#4325,#4325,#4327,.T.);
#4325 = VERTEX_POINT('',#4326);
#4326 = CARTESIAN_POINT('',(8.54,-39.05,0.));
#4327 = CIRCLE('',#4328,0.55);
#4328 = AXIS2_PLACEMENT_3D('',#4329,#4330,#4331);
#4329 = CARTESIAN_POINT('',(8.54,-38.5,0.));
#4330 = DIRECTION('',(-0.,0.,-1.));
#4331 = DIRECTION('',(-0.,-1.,0.));
#4332 = FACE_BOUND('',#4333,.F.);
#4333 = EDGE_LOOP('',(#4334));
#4334 = ORIENTED_EDGE('',*,*,#4335,.T.);
#4335 = EDGE_CURVE('',#4336,#4336,#4338,.T.);
#4336 = VERTEX_POINT('',#4337);
#4337 = CARTESIAN_POINT('',(13.,-39.05,0.));
#4338 = CIRCLE('',#4339,0.55);
#4339 = AXIS2_PLACEMENT_3D('',#4340,#4341,#4342);
#4340 = CARTESIAN_POINT('',(13.,-38.5,0.));
#4341 = DIRECTION('',(-0.,0.,-1.));
#4342 = DIRECTION('',(-0.,-1.,0.));
#4343 = FACE_BOUND('',#4344,.F.);
#4344 = EDGE_LOOP('',(#4345));
#4345 = ORIENTED_EDGE('',*,*,#4346,.T.);
#4346 = EDGE_CURVE('',#4347,#4347,#4349,.T.);
#4347 = VERTEX_POINT('',#4348);
#4348 = CARTESIAN_POINT('',(15.54,-39.05,0.));
#4349 = CIRCLE('',#4350,0.55);
#4350 = AXIS2_PLACEMENT_3D('',#4351,#4352,#4353);
#4351 = CARTESIAN_POINT('',(15.54,-38.5,0.));
#4352 = DIRECTION('',(-0.,0.,-1.));
#4353 = DIRECTION('',(-0.,-1.,0.));
#4354 = FACE_BOUND('',#4355,.F.);
#4355 = EDGE_LOOP('',(#4356));
#4356 = ORIENTED_EDGE('',*,*,#4357,.T.);
#4357 = EDGE_CURVE('',#4358,#4358,#4360,.T.);
#4358 = VERTEX_POINT('',#4359);
#4359 = CARTESIAN_POINT('',(3.98,-22.84,0.));
#4360 = CIRCLE('',#4361,1.5);
#4361 = AXIS2_PLACEMENT_3D('',#4362,#4363,#4364);
#4362 = CARTESIAN_POINT('',(3.98,-21.34,0.));
#4363 = DIRECTION('',(-0.,0.,-1.));
#4364 = DIRECTION('',(-2.960594732334E-16,-1.,0.));
#4365 = FACE_BOUND('',#4366,.F.);
#4366 = EDGE_LOOP('',(#4367));
#4367 = ORIENTED_EDGE('',*,*,#4368,.T.);
#4368 = EDGE_CURVE('',#4369,#4369,#4371,.T.);
#4369 = VERTEX_POINT('',#4370);
#4370 = CARTESIAN_POINT('',(8.3,-24.01,0.));
#4371 = CIRCLE('',#4372,0.51);
#4372 = AXIS2_PLACEMENT_3D('',#4373,#4374,#4375);
#4373 = CARTESIAN_POINT('',(8.3,-23.5,0.));
#4374 = DIRECTION('',(-0.,0.,-1.));
#4375 = DIRECTION('',(-0.,-1.,0.));
#4376 = FACE_BOUND('',#4377,.F.);
#4377 = EDGE_LOOP('',(#4378));
#4378 = ORIENTED_EDGE('',*,*,#4379,.T.);
#4379 = EDGE_CURVE('',#4380,#4380,#4382,.T.);
#4380 = VERTEX_POINT('',#4381);
#4381 = CARTESIAN_POINT('',(11.3,-24.01,0.));
#4382 = CIRCLE('',#4383,0.51);
#4383 = AXIS2_PLACEMENT_3D('',#4384,#4385,#4386);
#4384 = CARTESIAN_POINT('',(11.3,-23.5,0.));
#4385 = DIRECTION('',(-0.,0.,-1.));
#4386 = DIRECTION('',(-0.,-1.,0.));
#4387 = FACE_BOUND('',#4388,.F.);
#4388 = EDGE_LOOP('',(#4389));
#4389 = ORIENTED_EDGE('',*,*,#4390,.T.);
#4390 = EDGE_CURVE('',#4391,#4391,#4393,.T.);
#4391 = VERTEX_POINT('',#4392);
#4392 = CARTESIAN_POINT('',(63.,-47.463841,0.));
#4393 = CIRCLE('',#4394,2.2);
#4394 = AXIS2_PLACEMENT_3D('',#4395,#4396,#4397);
#4395 = CARTESIAN_POINT('',(63.,-45.263841,0.));
#4396 = DIRECTION('',(-0.,0.,-1.));
#4397 = DIRECTION('',(-0.,-1.,0.));
#4398 = FACE_BOUND('',#4399,.F.);
#4399 = EDGE_LOOP('',(#4400));
#4400 = ORIENTED_EDGE('',*,*,#4401,.T.);
#4401 = EDGE_CURVE('',#4402,#4402,#4404,.T.);
#4402 = VERTEX_POINT('',#4403);
#4403 = CARTESIAN_POINT('',(8.3,-21.01,0.));
#4404 = CIRCLE('',#4405,0.51);
#4405 = AXIS2_PLACEMENT_3D('',#4406,#4407,#4408);
#4406 = CARTESIAN_POINT('',(8.3,-20.5,0.));
#4407 = DIRECTION('',(-0.,0.,-1.));
#4408 = DIRECTION('',(-0.,-1.,0.));
#4409 = FACE_BOUND('',#4410,.F.);
#4410 = EDGE_LOOP('',(#4411));
#4411 = ORIENTED_EDGE('',*,*,#4412,.T.);
#4412 = EDGE_CURVE('',#4413,#4413,#4415,.T.);
#4413 = VERTEX_POINT('',#4414);
#4414 = CARTESIAN_POINT('',(11.3,-21.01,0.));
#4415 = CIRCLE('',#4416,0.51);
#4416 = AXIS2_PLACEMENT_3D('',#4417,#4418,#4419);
#4417 = CARTESIAN_POINT('',(11.3,-20.5,0.));
#4418 = DIRECTION('',(-0.,0.,-1.));
#4419 = DIRECTION('',(-0.,-1.,0.));
#4420 = FACE_BOUND('',#4421,.F.);
#4421 = EDGE_LOOP('',(#4422));
#4422 = ORIENTED_EDGE('',*,*,#4423,.T.);
#4423 = EDGE_CURVE('',#4424,#4424,#4426,.T.);
#4424 = VERTEX_POINT('',#4425);
#4425 = CARTESIAN_POINT('',(8.3,-18.01,0.));
#4426 = CIRCLE('',#4427,0.51);
#4427 = AXIS2_PLACEMENT_3D('',#4428,#4429,#4430);
#4428 = CARTESIAN_POINT('',(8.3,-17.5,0.));
#4429 = DIRECTION('',(-0.,0.,-1.));
#4430 = DIRECTION('',(-0.,-1.,0.));
#4431 = FACE_BOUND('',#4432,.F.);
#4432 = EDGE_LOOP('',(#4433));
#4433 = ORIENTED_EDGE('',*,*,#4434,.T.);
#4434 = EDGE_CURVE('',#4435,#4435,#4437,.T.);
#4435 = VERTEX_POINT('',#4436);
#4436 = CARTESIAN_POINT('',(11.3,-18.01,0.));
#4437 = CIRCLE('',#4438,0.51);
#4438 = AXIS2_PLACEMENT_3D('',#4439,#4440,#4441);
#4439 = CARTESIAN_POINT('',(11.3,-17.5,0.));
#4440 = DIRECTION('',(-0.,0.,-1.));
#4441 = DIRECTION('',(-0.,-1.,0.));
#4442 = FACE_BOUND('',#4443,.F.);
#4443 = EDGE_LOOP('',(#4444));
#4444 = ORIENTED_EDGE('',*,*,#4445,.T.);
#4445 = EDGE_CURVE('',#4446,#4446,#4448,.T.);
#4446 = VERTEX_POINT('',#4447);
#4447 = CARTESIAN_POINT('',(8.3,-15.01,0.));
#4448 = CIRCLE('',#4449,0.51);
#4449 = AXIS2_PLACEMENT_3D('',#4450,#4451,#4452);
#4450 = CARTESIAN_POINT('',(8.3,-14.5,0.));
#4451 = DIRECTION('',(-0.,0.,-1.));
#4452 = DIRECTION('',(-0.,-1.,0.));
#4453 = FACE_BOUND('',#4454,.F.);
#4454 = EDGE_LOOP('',(#4455));
#4455 = ORIENTED_EDGE('',*,*,#4456,.T.);
#4456 = EDGE_CURVE('',#4457,#4457,#4459,.T.);
#4457 = VERTEX_POINT('',#4458);
#4458 = CARTESIAN_POINT('',(11.3,-15.01,0.));
#4459 = CIRCLE('',#4460,0.51);
#4460 = AXIS2_PLACEMENT_3D('',#4461,#4462,#4463);
#4461 = CARTESIAN_POINT('',(11.3,-14.5,0.));
#4462 = DIRECTION('',(-0.,0.,-1.));
#4463 = DIRECTION('',(-0.,-1.,0.));
#4464 = FACE_BOUND('',#4465,.F.);
#4465 = EDGE_LOOP('',(#4466));
#4466 = ORIENTED_EDGE('',*,*,#4467,.T.);
#4467 = EDGE_CURVE('',#4468,#4468,#4470,.T.);
#4468 = VERTEX_POINT('',#4469);
#4469 = CARTESIAN_POINT('',(3.98,-12.14,0.));
#4470 = CIRCLE('',#4471,1.5);
#4471 = AXIS2_PLACEMENT_3D('',#4472,#4473,#4474);
#4472 = CARTESIAN_POINT('',(3.98,-10.64,0.));
#4473 = DIRECTION('',(-0.,0.,-1.));
#4474 = DIRECTION('',(-2.960594732334E-16,-1.,0.));
#4475 = FACE_BOUND('',#4476,.F.);
#4476 = EDGE_LOOP('',(#4477));
#4477 = ORIENTED_EDGE('',*,*,#4478,.T.);
#4478 = EDGE_CURVE('',#4479,#4479,#4481,.T.);
#4479 = VERTEX_POINT('',#4480);
#4480 = CARTESIAN_POINT('',(8.3,-12.01,0.));
#4481 = CIRCLE('',#4482,0.51);
#4482 = AXIS2_PLACEMENT_3D('',#4483,#4484,#4485);
#4483 = CARTESIAN_POINT('',(8.3,-11.5,0.));
#4484 = DIRECTION('',(-0.,0.,-1.));
#4485 = DIRECTION('',(-0.,-1.,0.));
#4486 = FACE_BOUND('',#4487,.F.);
#4487 = EDGE_LOOP('',(#4488));
#4488 = ORIENTED_EDGE('',*,*,#4489,.T.);
#4489 = EDGE_CURVE('',#4490,#4490,#4492,.T.);
#4490 = VERTEX_POINT('',#4491);
#4491 = CARTESIAN_POINT('',(11.3,-12.01,0.));
#4492 = CIRCLE('',#4493,0.51);
#4493 = AXIS2_PLACEMENT_3D('',#4494,#4495,#4496);
#4494 = CARTESIAN_POINT('',(11.3,-11.5,0.));
#4495 = DIRECTION('',(-0.,0.,-1.));
#4496 = DIRECTION('',(-0.,-1.,0.));
#4497 = FACE_BOUND('',#4498,.F.);
#4498 = EDGE_LOOP('',(#4499));
#4499 = ORIENTED_EDGE('',*,*,#4500,.T.);
#4500 = EDGE_CURVE('',#4501,#4501,#4503,.T.);
#4501 = VERTEX_POINT('',#4502);
#4502 = CARTESIAN_POINT('',(8.3,-9.01,0.));
#4503 = CIRCLE('',#4504,0.51);
#4504 = AXIS2_PLACEMENT_3D('',#4505,#4506,#4507);
#4505 = CARTESIAN_POINT('',(8.3,-8.5,0.));
#4506 = DIRECTION('',(-0.,0.,-1.));
#4507 = DIRECTION('',(-0.,-1.,0.));
#4508 = FACE_BOUND('',#4509,.F.);
#4509 = EDGE_LOOP('',(#4510));
#4510 = ORIENTED_EDGE('',*,*,#4511,.T.);
#4511 = EDGE_CURVE('',#4512,#4512,#4514,.T.);
#4512 = VERTEX_POINT('',#4513);
#4513 = CARTESIAN_POINT('',(11.3,-9.01,0.));
#4514 = CIRCLE('',#4515,0.51);
#4515 = AXIS2_PLACEMENT_3D('',#4516,#4517,#4518);
#4516 = CARTESIAN_POINT('',(11.3,-8.5,0.));
#4517 = DIRECTION('',(-0.,0.,-1.));
#4518 = DIRECTION('',(-0.,-1.,0.));
#4519 = FACE_BOUND('',#4520,.F.);
#4520 = EDGE_LOOP('',(#4521));
#4521 = ORIENTED_EDGE('',*,*,#4522,.T.);
#4522 = EDGE_CURVE('',#4523,#4523,#4525,.T.);
#4523 = VERTEX_POINT('',#4524);
#4524 = CARTESIAN_POINT('',(6.2,1.8,0.));
#4525 = CIRCLE('',#4526,2.2);
#4526 = AXIS2_PLACEMENT_3D('',#4527,#4528,#4529);
#4527 = CARTESIAN_POINT('',(6.2,4.,0.));
#4528 = DIRECTION('',(-0.,0.,-1.));
#4529 = DIRECTION('',(4.037174635001E-16,-1.,-0.));
#4530 = FACE_BOUND('',#4531,.F.);
#4531 = EDGE_LOOP('',(#4532));
#4532 = ORIENTED_EDGE('',*,*,#4533,.T.);
#4533 = EDGE_CURVE('',#4534,#4534,#4536,.T.);
#4534 = VERTEX_POINT('',#4535);
#4535 = CARTESIAN_POINT('',(54.5,-9.15,0.));
#4536 = CIRCLE('',#4537,0.6);
#4537 = AXIS2_PLACEMENT_3D('',#4538,#4539,#4540);
#4538 = CARTESIAN_POINT('',(54.5,-8.55,0.));
#4539 = DIRECTION('',(-0.,0.,-1.));
#4540 = DIRECTION('',(-0.,-1.,0.));
#4541 = FACE_BOUND('',#4542,.F.);
#4542 = EDGE_LOOP('',(#4543));
#4543 = ORIENTED_EDGE('',*,*,#4544,.T.);
#4544 = EDGE_CURVE('',#4545,#4545,#4547,.T.);
#4545 = VERTEX_POINT('',#4546);
#4546 = CARTESIAN_POINT('',(68.46,-6.4953,0.));
#4547 = CIRCLE('',#4548,0.4953);
#4548 = AXIS2_PLACEMENT_3D('',#4549,#4550,#4551);
#4549 = CARTESIAN_POINT('',(68.46,-6.,0.));
#4550 = DIRECTION('',(-0.,0.,-1.));
#4551 = DIRECTION('',(-0.,-1.,0.));
#4552 = FACE_BOUND('',#4553,.F.);
#4553 = EDGE_LOOP('',(#4554));
#4554 = ORIENTED_EDGE('',*,*,#4555,.T.);
#4555 = EDGE_CURVE('',#4556,#4556,#4558,.T.);
#4556 = VERTEX_POINT('',#4557);
#4557 = CARTESIAN_POINT('',(73.54,-7.5113,0.));
#4558 = CIRCLE('',#4559,0.4953);
#4559 = AXIS2_PLACEMENT_3D('',#4560,#4561,#4562);
#4560 = CARTESIAN_POINT('',(73.54,-7.016,0.));
#4561 = DIRECTION('',(-0.,0.,-1.));
#4562 = DIRECTION('',(-0.,-1.,0.));
#4563 = FACE_BOUND('',#4564,.F.);
#4564 = EDGE_LOOP('',(#4565));
#4565 = ORIENTED_EDGE('',*,*,#4566,.T.);
#4566 = EDGE_CURVE('',#4567,#4567,#4569,.T.);
#4567 = VERTEX_POINT('',#4568);
#4568 = CARTESIAN_POINT('',(73.54,-5.4793,0.));
#4569 = CIRCLE('',#4570,0.4953);
#4570 = AXIS2_PLACEMENT_3D('',#4571,#4572,#4573);
#4571 = CARTESIAN_POINT('',(73.54,-4.984,0.));
#4572 = DIRECTION('',(-0.,0.,-1.));
#4573 = DIRECTION('',(-0.,-1.,0.));
#4574 = FACE_BOUND('',#4575,.F.);
#4575 = EDGE_LOOP('',(#4576));
#4576 = ORIENTED_EDGE('',*,*,#4577,.T.);
#4577 = EDGE_CURVE('',#4578,#4578,#4580,.T.);
#4578 = VERTEX_POINT('',#4579);
#4579 = CARTESIAN_POINT('',(63.,1.8,0.));
#4580 = CIRCLE('',#4581,2.2);
#4581 = AXIS2_PLACEMENT_3D('',#4582,#4583,#4584);
#4582 = CARTESIAN_POINT('',(63.,4.,0.));
#4583 = DIRECTION('',(-0.,0.,-1.));
#4584 = DIRECTION('',(-0.,-1.,0.));
#4585 = PLANE('',#4586);
#4586 = AXIS2_PLACEMENT_3D('',#4587,#4588,#4589);
#4587 = CARTESIAN_POINT('',(0.,0.,0.));
#4588 = DIRECTION('',(0.,0.,1.));
#4589 = DIRECTION('',(1.,0.,-0.));
#4590 = ADVANCED_FACE('',(#4591,#5049,#5060,#5071,#5082,#5093,#5104,
    #5115,#5126,#5137,#5148,#5159,#5170,#5181,#5192,#5203,#5214,#5225,
    #5236,#5247,#5258,#5269,#5280,#5291,#5302,#5313,#5324),#5335,.T.);
#4591 = FACE_BOUND('',#4592,.T.);
#4592 = EDGE_LOOP('',(#4593,#4594,#4595,#4603,#4611,#4619,#4627,#4635,
    #4643,#4651,#4659,#4667,#4675,#4684,#4693,#4701,#4709,#4717,#4726,
    #4735,#4743,#4751,#4759,#4767,#4775,#4783,#4791,#4799,#4807,#4815,
    #4823,#4831,#4839,#4847,#4855,#4863,#4871,#4879,#4887,#4895,#4903,
    #4912,#4921,#4929,#4938,#4946,#4954,#4962,#4970,#4978,#4986,#4994,
    #5002,#5010,#5018,#5026,#5034,#5042,#5048));
#4593 = ORIENTED_EDGE('',*,*,#3752,.F.);
#4594 = ORIENTED_EDGE('',*,*,#3792,.F.);
#4595 = ORIENTED_EDGE('',*,*,#4596,.F.);
#4596 = EDGE_CURVE('',#4597,#3785,#4599,.T.);
#4597 = VERTEX_POINT('',#4598);
#4598 = CARTESIAN_POINT('',(13.5,10.,1.496));
#4599 = LINE('',#4600,#4601);
#4600 = CARTESIAN_POINT('',(13.5,10.,1.496));
#4601 = VECTOR('',#4602,1.);
#4602 = DIRECTION('',(1.,0.,0.));
#4603 = ORIENTED_EDGE('',*,*,#4604,.F.);
#4604 = EDGE_CURVE('',#4605,#4597,#4607,.T.);
#4605 = VERTEX_POINT('',#4606);
#4606 = CARTESIAN_POINT('',(13.,9.5,1.496));
#4607 = LINE('',#4608,#4609);
#4608 = CARTESIAN_POINT('',(13.,9.5,1.496));
#4609 = VECTOR('',#4610,1.);
#4610 = DIRECTION('',(0.707106781187,0.707106781187,0.));
#4611 = ORIENTED_EDGE('',*,*,#4612,.F.);
#4612 = EDGE_CURVE('',#4613,#4605,#4615,.T.);
#4613 = VERTEX_POINT('',#4614);
#4614 = CARTESIAN_POINT('',(13.,0.,1.496));
#4615 = LINE('',#4616,#4617);
#4616 = CARTESIAN_POINT('',(13.,0.,1.496));
#4617 = VECTOR('',#4618,1.);
#4618 = DIRECTION('',(0.,1.,0.));
#4619 = ORIENTED_EDGE('',*,*,#4620,.F.);
#4620 = EDGE_CURVE('',#4621,#4613,#4623,.T.);
#4621 = VERTEX_POINT('',#4622);
#4622 = CARTESIAN_POINT('',(9.7,0.,1.496));
#4623 = LINE('',#4624,#4625);
#4624 = CARTESIAN_POINT('',(9.7,0.,1.496));
#4625 = VECTOR('',#4626,1.);
#4626 = DIRECTION('',(1.,0.,0.));
#4627 = ORIENTED_EDGE('',*,*,#4628,.F.);
#4628 = EDGE_CURVE('',#4629,#4621,#4631,.T.);
#4629 = VERTEX_POINT('',#4630);
#4630 = CARTESIAN_POINT('',(9.7,6.5,1.496));
#4631 = LINE('',#4632,#4633);
#4632 = CARTESIAN_POINT('',(9.7,6.5,1.496));
#4633 = VECTOR('',#4634,1.);
#4634 = DIRECTION('',(0.,-1.,0.));
#4635 = ORIENTED_EDGE('',*,*,#4636,.F.);
#4636 = EDGE_CURVE('',#4637,#4629,#4639,.T.);
#4637 = VERTEX_POINT('',#4638);
#4638 = CARTESIAN_POINT('',(9.2,7.,1.496));
#4639 = LINE('',#4640,#4641);
#4640 = CARTESIAN_POINT('',(9.2,7.,1.496));
#4641 = VECTOR('',#4642,1.);
#4642 = DIRECTION('',(0.707106781187,-0.707106781187,0.));
#4643 = ORIENTED_EDGE('',*,*,#4644,.F.);
#4644 = EDGE_CURVE('',#4645,#4637,#4647,.T.);
#4645 = VERTEX_POINT('',#4646);
#4646 = CARTESIAN_POINT('',(3.2,7.,1.496));
#4647 = LINE('',#4648,#4649);
#4648 = CARTESIAN_POINT('',(3.2,7.,1.496));
#4649 = VECTOR('',#4650,1.);
#4650 = DIRECTION('',(1.,0.,0.));
#4651 = ORIENTED_EDGE('',*,*,#4652,.F.);
#4652 = EDGE_CURVE('',#4653,#4645,#4655,.T.);
#4653 = VERTEX_POINT('',#4654);
#4654 = CARTESIAN_POINT('',(2.7,6.5,1.496));
#4655 = LINE('',#4656,#4657);
#4656 = CARTESIAN_POINT('',(2.7,6.5,1.496));
#4657 = VECTOR('',#4658,1.);
#4658 = DIRECTION('',(0.707106781187,0.707106781187,0.));
#4659 = ORIENTED_EDGE('',*,*,#4660,.F.);
#4660 = EDGE_CURVE('',#4661,#4653,#4663,.T.);
#4661 = VERTEX_POINT('',#4662);
#4662 = CARTESIAN_POINT('',(2.7,0.,1.496));
#4663 = LINE('',#4664,#4665);
#4664 = CARTESIAN_POINT('',(2.7,0.,1.496));
#4665 = VECTOR('',#4666,1.);
#4666 = DIRECTION('',(0.,1.,0.));
#4667 = ORIENTED_EDGE('',*,*,#4668,.F.);
#4668 = EDGE_CURVE('',#4669,#4661,#4671,.T.);
#4669 = VERTEX_POINT('',#4670);
#4670 = CARTESIAN_POINT('',(0.980942,0.,1.496));
#4671 = LINE('',#4672,#4673);
#4672 = CARTESIAN_POINT('',(0.980942,0.,1.496));
#4673 = VECTOR('',#4674,1.);
#4674 = DIRECTION('',(1.,0.,0.));
#4675 = ORIENTED_EDGE('',*,*,#4676,.F.);
#4676 = EDGE_CURVE('',#4677,#4669,#4679,.T.);
#4677 = VERTEX_POINT('',#4678);
#4678 = CARTESIAN_POINT('',(0.287314,-0.287312,1.496));
#4679 = CIRCLE('',#4680,0.980934298649);
#4680 = AXIS2_PLACEMENT_3D('',#4681,#4682,#4683);
#4681 = CARTESIAN_POINT('',(0.980942290285,-0.980934298649,1.496));
#4682 = DIRECTION('',(0.,0.,-1.));
#4683 = DIRECTION('',(-0.707109835225,0.707103727135,0.));
#4684 = ORIENTED_EDGE('',*,*,#4685,.F.);
#4685 = EDGE_CURVE('',#4686,#4677,#4688,.T.);
#4686 = VERTEX_POINT('',#4687);
#4687 = CARTESIAN_POINT('',(0.,-0.980947,1.496));
#4688 = CIRCLE('',#4689,0.980954801173);
#4689 = AXIS2_PLACEMENT_3D('',#4690,#4691,#4692);
#4690 = CARTESIAN_POINT('',(0.980954801166,-0.980950782727,1.496));
#4691 = DIRECTION('',(0.,0.,-1.));
#4692 = DIRECTION('',(-0.999999999993,3.856168220203E-06,0.));
#4693 = ORIENTED_EDGE('',*,*,#4694,.F.);
#4694 = EDGE_CURVE('',#4695,#4686,#4697,.T.);
#4695 = VERTEX_POINT('',#4696);
#4696 = CARTESIAN_POINT('',(2.E-06,-2.834492,1.496));
#4697 = LINE('',#4698,#4699);
#4698 = CARTESIAN_POINT('',(2.E-06,-2.834492,1.496));
#4699 = VECTOR('',#4700,1.);
#4700 = DIRECTION('',(-1.079013457995E-06,0.999999999999,0.));
#4701 = ORIENTED_EDGE('',*,*,#4702,.F.);
#4702 = EDGE_CURVE('',#4703,#4695,#4705,.T.);
#4703 = VERTEX_POINT('',#4704);
#4704 = CARTESIAN_POINT('',(0.,-37.820272,1.496));
#4705 = LINE('',#4706,#4707);
#4706 = CARTESIAN_POINT('',(0.,-37.820272,1.496));
#4707 = VECTOR('',#4708,1.);
#4708 = DIRECTION('',(5.716608290568E-08,1.,0.));
#4709 = ORIENTED_EDGE('',*,*,#4710,.F.);
#4710 = EDGE_CURVE('',#4711,#4703,#4713,.T.);
#4711 = VERTEX_POINT('',#4712);
#4712 = CARTESIAN_POINT('',(0.,-40.003105,1.496));
#4713 = LINE('',#4714,#4715);
#4714 = CARTESIAN_POINT('',(0.,-40.003105,1.496));
#4715 = VECTOR('',#4716,1.);
#4716 = DIRECTION('',(0.,1.,0.));
#4717 = ORIENTED_EDGE('',*,*,#4718,.F.);
#4718 = EDGE_CURVE('',#4719,#4711,#4721,.T.);
#4719 = VERTEX_POINT('',#4720);
#4720 = CARTESIAN_POINT('',(0.337314,-40.817452,1.496));
#4721 = CIRCLE('',#4722,1.151672410342);
#4722 = AXIS2_PLACEMENT_3D('',#4723,#4724,#4725);
#4723 = CARTESIAN_POINT('',(1.15167241033,-40.00309966822,1.496));
#4724 = DIRECTION('',(0.,0.,-1.));
#4725 = DIRECTION('',(-0.707109420193,-0.70710414217,-0.));
#4726 = ORIENTED_EDGE('',*,*,#4727,.F.);
#4727 = EDGE_CURVE('',#4728,#4719,#4730,.T.);
#4728 = VERTEX_POINT('',#4729);
#4729 = CARTESIAN_POINT('',(1.475399,-41.288863,1.496));
#4730 = CIRCLE('',#4731,1.609481891787);
#4731 = AXIS2_PLACEMENT_3D('',#4732,#4733,#4734);
#4732 = CARTESIAN_POINT('',(1.47539422796,-39.67938110822,1.496));
#4733 = DIRECTION('',(0.,0.,-1.));
#4734 = DIRECTION('',(2.964954201368E-06,-0.999999999996,0.));
#4735 = ORIENTED_EDGE('',*,*,#4736,.F.);
#4736 = EDGE_CURVE('',#4737,#4728,#4739,.T.);
#4737 = VERTEX_POINT('',#4738);
#4738 = CARTESIAN_POINT('',(2.557101,-41.288863,1.496));
#4739 = LINE('',#4740,#4741);
#4740 = CARTESIAN_POINT('',(2.557101,-41.288863,1.496));
#4741 = VECTOR('',#4742,1.);
#4742 = DIRECTION('',(-1.,0.,0.));
#4743 = ORIENTED_EDGE('',*,*,#4744,.F.);
#4744 = EDGE_CURVE('',#4745,#4737,#4747,.T.);
#4745 = VERTEX_POINT('',#4746);
#4746 = CARTESIAN_POINT('',(2.7,-41.288804,1.496));
#4747 = LINE('',#4748,#4749);
#4748 = CARTESIAN_POINT('',(2.7,-41.288804,1.496));
#4749 = VECTOR('',#4750,1.);
#4750 = DIRECTION('',(-0.999999914765,-4.128789912555E-04,0.));
#4751 = ORIENTED_EDGE('',*,*,#4752,.F.);
#4752 = EDGE_CURVE('',#4753,#4745,#4755,.T.);
#4753 = VERTEX_POINT('',#4754);
#4754 = CARTESIAN_POINT('',(2.7,-47.787355,1.496));
#4755 = LINE('',#4756,#4757);
#4756 = CARTESIAN_POINT('',(2.7,-47.787355,1.496));
#4757 = VECTOR('',#4758,1.);
#4758 = DIRECTION('',(0.,1.,0.));
#4759 = ORIENTED_EDGE('',*,*,#4760,.F.);
#4760 = EDGE_CURVE('',#4761,#4753,#4763,.T.);
#4761 = VERTEX_POINT('',#4762);
#4762 = CARTESIAN_POINT('',(3.2,-48.287355,1.496));
#4763 = LINE('',#4764,#4765);
#4764 = CARTESIAN_POINT('',(3.2,-48.287355,1.496));
#4765 = VECTOR('',#4766,1.);
#4766 = DIRECTION('',(-0.707106781187,0.707106781187,0.));
#4767 = ORIENTED_EDGE('',*,*,#4768,.F.);
#4768 = EDGE_CURVE('',#4769,#4761,#4771,.T.);
#4769 = VERTEX_POINT('',#4770);
#4770 = CARTESIAN_POINT('',(9.2,-48.287355,1.496));
#4771 = LINE('',#4772,#4773);
#4772 = CARTESIAN_POINT('',(9.2,-48.287355,1.496));
#4773 = VECTOR('',#4774,1.);
#4774 = DIRECTION('',(-1.,0.,0.));
#4775 = ORIENTED_EDGE('',*,*,#4776,.F.);
#4776 = EDGE_CURVE('',#4777,#4769,#4779,.T.);
#4777 = VERTEX_POINT('',#4778);
#4778 = CARTESIAN_POINT('',(9.7,-47.787355,1.496));
#4779 = LINE('',#4780,#4781);
#4780 = CARTESIAN_POINT('',(9.7,-47.787355,1.496));
#4781 = VECTOR('',#4782,1.);
#4782 = DIRECTION('',(-0.707106781187,-0.707106781187,0.));
#4783 = ORIENTED_EDGE('',*,*,#4784,.F.);
#4784 = EDGE_CURVE('',#4785,#4777,#4787,.T.);
#4785 = VERTEX_POINT('',#4786);
#4786 = CARTESIAN_POINT('',(9.7,-41.285906,1.496));
#4787 = LINE('',#4788,#4789);
#4788 = CARTESIAN_POINT('',(9.7,-41.285906,1.496));
#4789 = VECTOR('',#4790,1.);
#4790 = DIRECTION('',(0.,-1.,0.));
#4791 = ORIENTED_EDGE('',*,*,#4792,.F.);
#4792 = EDGE_CURVE('',#4793,#4785,#4795,.T.);
#4793 = VERTEX_POINT('',#4794);
#4794 = CARTESIAN_POINT('',(13.,-41.28454,1.496));
#4795 = LINE('',#4796,#4797);
#4796 = CARTESIAN_POINT('',(13.,-41.28454,1.496));
#4797 = VECTOR('',#4798,1.);
#4798 = DIRECTION('',(-0.999999914327,-4.139393584752E-04,0.));
#4799 = ORIENTED_EDGE('',*,*,#4800,.F.);
#4800 = EDGE_CURVE('',#4801,#4793,#4803,.T.);
#4801 = VERTEX_POINT('',#4802);
#4802 = CARTESIAN_POINT('',(13.,-50.775846,1.496));
#4803 = LINE('',#4804,#4805);
#4804 = CARTESIAN_POINT('',(13.,-50.775846,1.496));
#4805 = VECTOR('',#4806,1.);
#4806 = DIRECTION('',(0.,1.,0.));
#4807 = ORIENTED_EDGE('',*,*,#4808,.F.);
#4808 = EDGE_CURVE('',#4809,#4801,#4811,.T.);
#4809 = VERTEX_POINT('',#4810);
#4810 = CARTESIAN_POINT('',(13.5,-51.275846,1.496));
#4811 = LINE('',#4812,#4813);
#4812 = CARTESIAN_POINT('',(13.5,-51.275846,1.496));
#4813 = VECTOR('',#4814,1.);
#4814 = DIRECTION('',(-0.707106781187,0.707106781187,0.));
#4815 = ORIENTED_EDGE('',*,*,#4816,.F.);
#4816 = EDGE_CURVE('',#4817,#4809,#4819,.T.);
#4817 = VERTEX_POINT('',#4818);
#4818 = CARTESIAN_POINT('',(54.5,-51.275846,1.496));
#4819 = LINE('',#4820,#4821);
#4820 = CARTESIAN_POINT('',(54.5,-51.275846,1.496));
#4821 = VECTOR('',#4822,1.);
#4822 = DIRECTION('',(-1.,0.,0.));
#4823 = ORIENTED_EDGE('',*,*,#4824,.F.);
#4824 = EDGE_CURVE('',#4825,#4817,#4827,.T.);
#4825 = VERTEX_POINT('',#4826);
#4826 = CARTESIAN_POINT('',(55.,-50.775846,1.496));
#4827 = LINE('',#4828,#4829);
#4828 = CARTESIAN_POINT('',(55.,-50.775846,1.496));
#4829 = VECTOR('',#4830,1.);
#4830 = DIRECTION('',(-0.707106781187,-0.707106781187,0.));
#4831 = ORIENTED_EDGE('',*,*,#4832,.F.);
#4832 = EDGE_CURVE('',#4833,#4825,#4835,.T.);
#4833 = VERTEX_POINT('',#4834);
#4834 = CARTESIAN_POINT('',(55.,-41.267152,1.496));
#4835 = LINE('',#4836,#4837);
#4836 = CARTESIAN_POINT('',(55.,-41.267152,1.496));
#4837 = VECTOR('',#4838,1.);
#4838 = DIRECTION('',(0.,-1.,0.));
#4839 = ORIENTED_EDGE('',*,*,#4840,.F.);
#4840 = EDGE_CURVE('',#4841,#4833,#4843,.T.);
#4841 = VERTEX_POINT('',#4842);
#4842 = CARTESIAN_POINT('',(59.5,-41.26529,1.496));
#4843 = LINE('',#4844,#4845);
#4844 = CARTESIAN_POINT('',(59.5,-41.26529,1.496));
#4845 = VECTOR('',#4846,1.);
#4846 = DIRECTION('',(-0.999999914394,-4.137777423565E-04,0.));
#4847 = ORIENTED_EDGE('',*,*,#4848,.F.);
#4848 = EDGE_CURVE('',#4849,#4841,#4851,.T.);
#4849 = VERTEX_POINT('',#4850);
#4850 = CARTESIAN_POINT('',(59.5,-47.763841,1.496));
#4851 = LINE('',#4852,#4853);
#4852 = CARTESIAN_POINT('',(59.5,-47.763841,1.496));
#4853 = VECTOR('',#4854,1.);
#4854 = DIRECTION('',(0.,1.,0.));
#4855 = ORIENTED_EDGE('',*,*,#4856,.F.);
#4856 = EDGE_CURVE('',#4857,#4849,#4859,.T.);
#4857 = VERTEX_POINT('',#4858);
#4858 = CARTESIAN_POINT('',(60.,-48.263841,1.496));
#4859 = LINE('',#4860,#4861);
#4860 = CARTESIAN_POINT('',(60.,-48.263841,1.496));
#4861 = VECTOR('',#4862,1.);
#4862 = DIRECTION('',(-0.707106781187,0.707106781187,0.));
#4863 = ORIENTED_EDGE('',*,*,#4864,.F.);
#4864 = EDGE_CURVE('',#4865,#4857,#4867,.T.);
#4865 = VERTEX_POINT('',#4866);
#4866 = CARTESIAN_POINT('',(66.,-48.263841,1.496));
#4867 = LINE('',#4868,#4869);
#4868 = CARTESIAN_POINT('',(66.,-48.263841,1.496));
#4869 = VECTOR('',#4870,1.);
#4870 = DIRECTION('',(-1.,0.,0.));
#4871 = ORIENTED_EDGE('',*,*,#4872,.F.);
#4872 = EDGE_CURVE('',#4873,#4865,#4875,.T.);
#4873 = VERTEX_POINT('',#4874);
#4874 = CARTESIAN_POINT('',(66.5,-47.763841,1.496));
#4875 = LINE('',#4876,#4877);
#4876 = CARTESIAN_POINT('',(66.5,-47.763841,1.496));
#4877 = VECTOR('',#4878,1.);
#4878 = DIRECTION('',(-0.707106781187,-0.707106781187,0.));
#4879 = ORIENTED_EDGE('',*,*,#4880,.F.);
#4880 = EDGE_CURVE('',#4881,#4873,#4883,.T.);
#4881 = VERTEX_POINT('',#4882);
#4882 = CARTESIAN_POINT('',(66.5,-41.262392,1.496));
#4883 = LINE('',#4884,#4885);
#4884 = CARTESIAN_POINT('',(66.5,-41.262392,1.496));
#4885 = VECTOR('',#4886,1.);
#4886 = DIRECTION('',(0.,-1.,0.));
#4887 = ORIENTED_EDGE('',*,*,#4888,.F.);
#4888 = EDGE_CURVE('',#4889,#4881,#4891,.T.);
#4889 = VERTEX_POINT('',#4890);
#4890 = CARTESIAN_POINT('',(84.927437,-41.254763,1.496));
#4891 = LINE('',#4892,#4893);
#4892 = CARTESIAN_POINT('',(84.927437,-41.254763,1.496));
#4893 = VECTOR('',#4894,1.);
#4894 = DIRECTION('',(-0.999999914301,-4.140021939136E-04,0.));
#4895 = ORIENTED_EDGE('',*,*,#4896,.F.);
#4896 = EDGE_CURVE('',#4897,#4889,#4899,.T.);
#4897 = VERTEX_POINT('',#4898);
#4898 = CARTESIAN_POINT('',(85.978852,-41.254763,1.496));
#4899 = LINE('',#4900,#4901);
#4900 = CARTESIAN_POINT('',(85.978852,-41.254763,1.496));
#4901 = VECTOR('',#4902,1.);
#4902 = DIRECTION('',(-1.,0.,0.));
#4903 = ORIENTED_EDGE('',*,*,#4904,.F.);
#4904 = EDGE_CURVE('',#4905,#4897,#4907,.T.);
#4905 = VERTEX_POINT('',#4906);
#4906 = CARTESIAN_POINT('',(87.517455,-40.617452,1.496));
#4907 = CIRCLE('',#4908,2.175914633346);
#4908 = AXIS2_PLACEMENT_3D('',#4909,#4910,#4911);
#4909 = CARTESIAN_POINT('',(85.978850648302,-39.07884836665,1.496));
#4910 = DIRECTION('',(0.,0.,-1.));
#4911 = DIRECTION('',(0.707106946256,-0.707106616117,0.));
#4912 = ORIENTED_EDGE('',*,*,#4913,.F.);
#4913 = EDGE_CURVE('',#4914,#4905,#4916,.T.);
#4914 = VERTEX_POINT('',#4915);
#4915 = CARTESIAN_POINT('',(88.254766,-38.837428,1.496));
#4916 = CIRCLE('',#4917,2.517306922976);
#4917 = AXIS2_PLACEMENT_3D('',#4918,#4919,#4920);
#4918 = CARTESIAN_POINT('',(85.737459077045,-38.83743833187,1.496));
#4919 = DIRECTION('',(0.,0.,-1.));
#4920 = DIRECTION('',(0.999999999992,4.104334924228E-06,0.));
#4921 = ORIENTED_EDGE('',*,*,#4922,.F.);
#4922 = EDGE_CURVE('',#4923,#4914,#4925,.T.);
#4923 = VERTEX_POINT('',#4924);
#4924 = CARTESIAN_POINT('',(88.254766,-1.018623,1.496));
#4925 = LINE('',#4926,#4927);
#4926 = CARTESIAN_POINT('',(88.254766,-1.018623,1.496));
#4927 = VECTOR('',#4928,1.);
#4928 = DIRECTION('',(0.,-1.,0.));
#4929 = ORIENTED_EDGE('',*,*,#4930,.F.);
#4930 = EDGE_CURVE('',#4931,#4923,#4933,.T.);
#4931 = VERTEX_POINT('',#4932);
#4932 = CARTESIAN_POINT('',(87.279325,-1.189999999999E-04,1.496));
#4933 = CIRCLE('',#4934,1.019452334555);
#4934 = AXIS2_PLACEMENT_3D('',#4935,#4936,#4937);
#4935 = CARTESIAN_POINT('',(87.235313665447,-1.018620872782,1.496));
#4936 = DIRECTION('',(0.,0.,-1.));
#4937 = DIRECTION('',(4.317154717431E-02,0.999067674142,0.));
#4938 = ORIENTED_EDGE('',*,*,#4939,.F.);
#4939 = EDGE_CURVE('',#4940,#4931,#4942,.T.);
#4940 = VERTEX_POINT('',#4941);
#4941 = CARTESIAN_POINT('',(87.273825,0.,1.496));
#4942 = LINE('',#4943,#4944);
#4943 = CARTESIAN_POINT('',(87.273825,0.,1.496));
#4944 = VECTOR('',#4945,1.);
#4945 = DIRECTION('',(0.999766016033,-2.163130107417E-02,0.));
#4946 = ORIENTED_EDGE('',*,*,#4947,.F.);
#4947 = EDGE_CURVE('',#4948,#4940,#4950,.T.);
#4948 = VERTEX_POINT('',#4949);
#4949 = CARTESIAN_POINT('',(86.9,0.5,1.496));
#4950 = LINE('',#4951,#4952);
#4951 = CARTESIAN_POINT('',(86.9,0.5,1.496));
#4952 = VECTOR('',#4953,1.);
#4953 = DIRECTION('',(0.598794762486,-0.800902511183,0.));
#4954 = ORIENTED_EDGE('',*,*,#4955,.F.);
#4955 = EDGE_CURVE('',#4956,#4948,#4958,.T.);
#4956 = VERTEX_POINT('',#4957);
#4957 = CARTESIAN_POINT('',(86.9,7.5,1.496));
#4958 = LINE('',#4959,#4960);
#4959 = CARTESIAN_POINT('',(86.9,7.5,1.496));
#4960 = VECTOR('',#4961,1.);
#4961 = DIRECTION('',(0.,-1.,0.));
#4962 = ORIENTED_EDGE('',*,*,#4963,.F.);
#4963 = EDGE_CURVE('',#4964,#4956,#4966,.T.);
#4964 = VERTEX_POINT('',#4965);
#4965 = CARTESIAN_POINT('',(86.4,8.,1.496));
#4966 = LINE('',#4967,#4968);
#4967 = CARTESIAN_POINT('',(86.4,8.,1.496));
#4968 = VECTOR('',#4969,1.);
#4969 = DIRECTION('',(0.707106781187,-0.707106781187,0.));
#4970 = ORIENTED_EDGE('',*,*,#4971,.F.);
#4971 = EDGE_CURVE('',#4972,#4964,#4974,.T.);
#4972 = VERTEX_POINT('',#4973);
#4973 = CARTESIAN_POINT('',(77.5,8.,1.496));
#4974 = LINE('',#4975,#4976);
#4975 = CARTESIAN_POINT('',(77.5,8.,1.496));
#4976 = VECTOR('',#4977,1.);
#4977 = DIRECTION('',(1.,0.,0.));
#4978 = ORIENTED_EDGE('',*,*,#4979,.F.);
#4979 = EDGE_CURVE('',#4980,#4972,#4982,.T.);
#4980 = VERTEX_POINT('',#4981);
#4981 = CARTESIAN_POINT('',(77.,7.5,1.496));
#4982 = LINE('',#4983,#4984);
#4983 = CARTESIAN_POINT('',(77.,7.5,1.496));
#4984 = VECTOR('',#4985,1.);
#4985 = DIRECTION('',(0.707106781187,0.707106781187,0.));
#4986 = ORIENTED_EDGE('',*,*,#4987,.F.);
#4987 = EDGE_CURVE('',#4988,#4980,#4990,.T.);
#4988 = VERTEX_POINT('',#4989);
#4989 = CARTESIAN_POINT('',(77.,0.5,1.496));
#4990 = LINE('',#4991,#4992);
#4991 = CARTESIAN_POINT('',(77.,0.5,1.496));
#4992 = VECTOR('',#4993,1.);
#4993 = DIRECTION('',(0.,1.,0.));
#4994 = ORIENTED_EDGE('',*,*,#4995,.F.);
#4995 = EDGE_CURVE('',#4996,#4988,#4998,.T.);
#4996 = VERTEX_POINT('',#4997);
#4997 = CARTESIAN_POINT('',(76.5,0.,1.496));
#4998 = LINE('',#4999,#5000);
#4999 = CARTESIAN_POINT('',(76.5,0.,1.496));
#5000 = VECTOR('',#5001,1.);
#5001 = DIRECTION('',(0.707106781187,0.707106781187,0.));
#5002 = ORIENTED_EDGE('',*,*,#5003,.F.);
#5003 = EDGE_CURVE('',#5004,#4996,#5006,.T.);
#5004 = VERTEX_POINT('',#5005);
#5005 = CARTESIAN_POINT('',(66.5,0.,1.496));
#5006 = LINE('',#5007,#5008);
#5007 = CARTESIAN_POINT('',(66.5,0.,1.496));
#5008 = VECTOR('',#5009,1.);
#5009 = DIRECTION('',(1.,0.,0.));
#5010 = ORIENTED_EDGE('',*,*,#5011,.F.);
#5011 = EDGE_CURVE('',#5012,#5004,#5014,.T.);
#5012 = VERTEX_POINT('',#5013);
#5013 = CARTESIAN_POINT('',(66.5,6.5,1.496));
#5014 = LINE('',#5015,#5016);
#5015 = CARTESIAN_POINT('',(66.5,6.5,1.496));
#5016 = VECTOR('',#5017,1.);
#5017 = DIRECTION('',(0.,-1.,0.));
#5018 = ORIENTED_EDGE('',*,*,#5019,.F.);
#5019 = EDGE_CURVE('',#5020,#5012,#5022,.T.);
#5020 = VERTEX_POINT('',#5021);
#5021 = CARTESIAN_POINT('',(66.,7.,1.496));
#5022 = LINE('',#5023,#5024);
#5023 = CARTESIAN_POINT('',(66.,7.,1.496));
#5024 = VECTOR('',#5025,1.);
#5025 = DIRECTION('',(0.707106781187,-0.707106781187,0.));
#5026 = ORIENTED_EDGE('',*,*,#5027,.F.);
#5027 = EDGE_CURVE('',#5028,#5020,#5030,.T.);
#5028 = VERTEX_POINT('',#5029);
#5029 = CARTESIAN_POINT('',(60.,7.,1.496));
#5030 = LINE('',#5031,#5032);
#5031 = CARTESIAN_POINT('',(60.,7.,1.496));
#5032 = VECTOR('',#5033,1.);
#5033 = DIRECTION('',(1.,0.,0.));
#5034 = ORIENTED_EDGE('',*,*,#5035,.F.);
#5035 = EDGE_CURVE('',#5036,#5028,#5038,.T.);
#5036 = VERTEX_POINT('',#5037);
#5037 = CARTESIAN_POINT('',(59.5,6.5,1.496));
#5038 = LINE('',#5039,#5040);
#5039 = CARTESIAN_POINT('',(59.5,6.5,1.496));
#5040 = VECTOR('',#5041,1.);
#5041 = DIRECTION('',(0.707106781187,0.707106781187,0.));
#5042 = ORIENTED_EDGE('',*,*,#5043,.F.);
#5043 = EDGE_CURVE('',#3815,#5036,#5044,.T.);
#5044 = LINE('',#5045,#5046);
#5045 = CARTESIAN_POINT('',(59.5,0.,1.496));
#5046 = VECTOR('',#5047,1.);
#5047 = DIRECTION('',(0.,1.,0.));
#5048 = ORIENTED_EDGE('',*,*,#3814,.F.);
#5049 = FACE_BOUND('',#5050,.T.);
#5050 = EDGE_LOOP('',(#5051));
#5051 = ORIENTED_EDGE('',*,*,#5052,.T.);
#5052 = EDGE_CURVE('',#5053,#5053,#5055,.T.);
#5053 = VERTEX_POINT('',#5054);
#5054 = CARTESIAN_POINT('',(6.2,-47.487355,1.496));
#5055 = CIRCLE('',#5056,2.2);
#5056 = AXIS2_PLACEMENT_3D('',#5057,#5058,#5059);
#5057 = CARTESIAN_POINT('',(6.2,-45.287355,1.496));
#5058 = DIRECTION('',(-0.,0.,-1.));
#5059 = DIRECTION('',(-0.,-1.,0.));
#5060 = FACE_BOUND('',#5061,.T.);
#5061 = EDGE_LOOP('',(#5062));
#5062 = ORIENTED_EDGE('',*,*,#5063,.T.);
#5063 = EDGE_CURVE('',#5064,#5064,#5066,.T.);
#5064 = VERTEX_POINT('',#5065);
#5065 = CARTESIAN_POINT('',(6.,-39.05,1.496));
#5066 = CIRCLE('',#5067,0.55);
#5067 = AXIS2_PLACEMENT_3D('',#5068,#5069,#5070);
#5068 = CARTESIAN_POINT('',(6.,-38.5,1.496));
#5069 = DIRECTION('',(-0.,0.,-1.));
#5070 = DIRECTION('',(-0.,-1.,0.));
#5071 = FACE_BOUND('',#5072,.T.);
#5072 = EDGE_LOOP('',(#5073));
#5073 = ORIENTED_EDGE('',*,*,#5074,.T.);
#5074 = EDGE_CURVE('',#5075,#5075,#5077,.T.);
#5075 = VERTEX_POINT('',#5076);
#5076 = CARTESIAN_POINT('',(8.54,-39.05,1.496));
#5077 = CIRCLE('',#5078,0.55);
#5078 = AXIS2_PLACEMENT_3D('',#5079,#5080,#5081);
#5079 = CARTESIAN_POINT('',(8.54,-38.5,1.496));
#5080 = DIRECTION('',(-0.,0.,-1.));
#5081 = DIRECTION('',(-0.,-1.,0.));
#5082 = FACE_BOUND('',#5083,.T.);
#5083 = EDGE_LOOP('',(#5084));
#5084 = ORIENTED_EDGE('',*,*,#5085,.T.);
#5085 = EDGE_CURVE('',#5086,#5086,#5088,.T.);
#5086 = VERTEX_POINT('',#5087);
#5087 = CARTESIAN_POINT('',(13.,-39.05,1.496));
#5088 = CIRCLE('',#5089,0.55);
#5089 = AXIS2_PLACEMENT_3D('',#5090,#5091,#5092);
#5090 = CARTESIAN_POINT('',(13.,-38.5,1.496));
#5091 = DIRECTION('',(-0.,0.,-1.));
#5092 = DIRECTION('',(-0.,-1.,0.));
#5093 = FACE_BOUND('',#5094,.T.);
#5094 = EDGE_LOOP('',(#5095));
#5095 = ORIENTED_EDGE('',*,*,#5096,.T.);
#5096 = EDGE_CURVE('',#5097,#5097,#5099,.T.);
#5097 = VERTEX_POINT('',#5098);
#5098 = CARTESIAN_POINT('',(15.54,-39.05,1.496));
#5099 = CIRCLE('',#5100,0.55);
#5100 = AXIS2_PLACEMENT_3D('',#5101,#5102,#5103);
#5101 = CARTESIAN_POINT('',(15.54,-38.5,1.496));
#5102 = DIRECTION('',(-0.,0.,-1.));
#5103 = DIRECTION('',(-0.,-1.,0.));
#5104 = FACE_BOUND('',#5105,.T.);
#5105 = EDGE_LOOP('',(#5106));
#5106 = ORIENTED_EDGE('',*,*,#5107,.T.);
#5107 = EDGE_CURVE('',#5108,#5108,#5110,.T.);
#5108 = VERTEX_POINT('',#5109);
#5109 = CARTESIAN_POINT('',(3.98,-22.84,1.496));
#5110 = CIRCLE('',#5111,1.5);
#5111 = AXIS2_PLACEMENT_3D('',#5112,#5113,#5114);
#5112 = CARTESIAN_POINT('',(3.98,-21.34,1.496));
#5113 = DIRECTION('',(-0.,0.,-1.));
#5114 = DIRECTION('',(-2.960594732334E-16,-1.,0.));
#5115 = FACE_BOUND('',#5116,.T.);
#5116 = EDGE_LOOP('',(#5117));
#5117 = ORIENTED_EDGE('',*,*,#5118,.T.);
#5118 = EDGE_CURVE('',#5119,#5119,#5121,.T.);
#5119 = VERTEX_POINT('',#5120);
#5120 = CARTESIAN_POINT('',(8.3,-24.01,1.496));
#5121 = CIRCLE('',#5122,0.51);
#5122 = AXIS2_PLACEMENT_3D('',#5123,#5124,#5125);
#5123 = CARTESIAN_POINT('',(8.3,-23.5,1.496));
#5124 = DIRECTION('',(-0.,0.,-1.));
#5125 = DIRECTION('',(-0.,-1.,0.));
#5126 = FACE_BOUND('',#5127,.T.);
#5127 = EDGE_LOOP('',(#5128));
#5128 = ORIENTED_EDGE('',*,*,#5129,.T.);
#5129 = EDGE_CURVE('',#5130,#5130,#5132,.T.);
#5130 = VERTEX_POINT('',#5131);
#5131 = CARTESIAN_POINT('',(11.3,-24.01,1.496));
#5132 = CIRCLE('',#5133,0.51);
#5133 = AXIS2_PLACEMENT_3D('',#5134,#5135,#5136);
#5134 = CARTESIAN_POINT('',(11.3,-23.5,1.496));
#5135 = DIRECTION('',(-0.,0.,-1.));
#5136 = DIRECTION('',(-0.,-1.,0.));
#5137 = FACE_BOUND('',#5138,.T.);
#5138 = EDGE_LOOP('',(#5139));
#5139 = ORIENTED_EDGE('',*,*,#5140,.T.);
#5140 = EDGE_CURVE('',#5141,#5141,#5143,.T.);
#5141 = VERTEX_POINT('',#5142);
#5142 = CARTESIAN_POINT('',(63.,-47.463841,1.496));
#5143 = CIRCLE('',#5144,2.2);
#5144 = AXIS2_PLACEMENT_3D('',#5145,#5146,#5147);
#5145 = CARTESIAN_POINT('',(63.,-45.263841,1.496));
#5146 = DIRECTION('',(-0.,0.,-1.));
#5147 = DIRECTION('',(-0.,-1.,0.));
#5148 = FACE_BOUND('',#5149,.T.);
#5149 = EDGE_LOOP('',(#5150));
#5150 = ORIENTED_EDGE('',*,*,#5151,.T.);
#5151 = EDGE_CURVE('',#5152,#5152,#5154,.T.);
#5152 = VERTEX_POINT('',#5153);
#5153 = CARTESIAN_POINT('',(8.3,-21.01,1.496));
#5154 = CIRCLE('',#5155,0.51);
#5155 = AXIS2_PLACEMENT_3D('',#5156,#5157,#5158);
#5156 = CARTESIAN_POINT('',(8.3,-20.5,1.496));
#5157 = DIRECTION('',(-0.,0.,-1.));
#5158 = DIRECTION('',(-0.,-1.,0.));
#5159 = FACE_BOUND('',#5160,.T.);
#5160 = EDGE_LOOP('',(#5161));
#5161 = ORIENTED_EDGE('',*,*,#5162,.T.);
#5162 = EDGE_CURVE('',#5163,#5163,#5165,.T.);
#5163 = VERTEX_POINT('',#5164);
#5164 = CARTESIAN_POINT('',(11.3,-21.01,1.496));
#5165 = CIRCLE('',#5166,0.51);
#5166 = AXIS2_PLACEMENT_3D('',#5167,#5168,#5169);
#5167 = CARTESIAN_POINT('',(11.3,-20.5,1.496));
#5168 = DIRECTION('',(-0.,0.,-1.));
#5169 = DIRECTION('',(-0.,-1.,0.));
#5170 = FACE_BOUND('',#5171,.T.);
#5171 = EDGE_LOOP('',(#5172));
#5172 = ORIENTED_EDGE('',*,*,#5173,.T.);
#5173 = EDGE_CURVE('',#5174,#5174,#5176,.T.);
#5174 = VERTEX_POINT('',#5175);
#5175 = CARTESIAN_POINT('',(8.3,-18.01,1.496));
#5176 = CIRCLE('',#5177,0.51);
#5177 = AXIS2_PLACEMENT_3D('',#5178,#5179,#5180);
#5178 = CARTESIAN_POINT('',(8.3,-17.5,1.496));
#5179 = DIRECTION('',(-0.,0.,-1.));
#5180 = DIRECTION('',(-0.,-1.,0.));
#5181 = FACE_BOUND('',#5182,.T.);
#5182 = EDGE_LOOP('',(#5183));
#5183 = ORIENTED_EDGE('',*,*,#5184,.T.);
#5184 = EDGE_CURVE('',#5185,#5185,#5187,.T.);
#5185 = VERTEX_POINT('',#5186);
#5186 = CARTESIAN_POINT('',(11.3,-18.01,1.496));
#5187 = CIRCLE('',#5188,0.51);
#5188 = AXIS2_PLACEMENT_3D('',#5189,#5190,#5191);
#5189 = CARTESIAN_POINT('',(11.3,-17.5,1.496));
#5190 = DIRECTION('',(-0.,0.,-1.));
#5191 = DIRECTION('',(-0.,-1.,0.));
#5192 = FACE_BOUND('',#5193,.T.);
#5193 = EDGE_LOOP('',(#5194));
#5194 = ORIENTED_EDGE('',*,*,#5195,.T.);
#5195 = EDGE_CURVE('',#5196,#5196,#5198,.T.);
#5196 = VERTEX_POINT('',#5197);
#5197 = CARTESIAN_POINT('',(8.3,-15.01,1.496));
#5198 = CIRCLE('',#5199,0.51);
#5199 = AXIS2_PLACEMENT_3D('',#5200,#5201,#5202);
#5200 = CARTESIAN_POINT('',(8.3,-14.5,1.496));
#5201 = DIRECTION('',(-0.,0.,-1.));
#5202 = DIRECTION('',(-0.,-1.,0.));
#5203 = FACE_BOUND('',#5204,.T.);
#5204 = EDGE_LOOP('',(#5205));
#5205 = ORIENTED_EDGE('',*,*,#5206,.T.);
#5206 = EDGE_CURVE('',#5207,#5207,#5209,.T.);
#5207 = VERTEX_POINT('',#5208);
#5208 = CARTESIAN_POINT('',(11.3,-15.01,1.496));
#5209 = CIRCLE('',#5210,0.51);
#5210 = AXIS2_PLACEMENT_3D('',#5211,#5212,#5213);
#5211 = CARTESIAN_POINT('',(11.3,-14.5,1.496));
#5212 = DIRECTION('',(-0.,0.,-1.));
#5213 = DIRECTION('',(-0.,-1.,0.));
#5214 = FACE_BOUND('',#5215,.T.);
#5215 = EDGE_LOOP('',(#5216));
#5216 = ORIENTED_EDGE('',*,*,#5217,.T.);
#5217 = EDGE_CURVE('',#5218,#5218,#5220,.T.);
#5218 = VERTEX_POINT('',#5219);
#5219 = CARTESIAN_POINT('',(3.98,-12.14,1.496));
#5220 = CIRCLE('',#5221,1.5);
#5221 = AXIS2_PLACEMENT_3D('',#5222,#5223,#5224);
#5222 = CARTESIAN_POINT('',(3.98,-10.64,1.496));
#5223 = DIRECTION('',(-0.,0.,-1.));
#5224 = DIRECTION('',(-2.960594732334E-16,-1.,0.));
#5225 = FACE_BOUND('',#5226,.T.);
#5226 = EDGE_LOOP('',(#5227));
#5227 = ORIENTED_EDGE('',*,*,#5228,.T.);
#5228 = EDGE_CURVE('',#5229,#5229,#5231,.T.);
#5229 = VERTEX_POINT('',#5230);
#5230 = CARTESIAN_POINT('',(8.3,-12.01,1.496));
#5231 = CIRCLE('',#5232,0.51);
#5232 = AXIS2_PLACEMENT_3D('',#5233,#5234,#5235);
#5233 = CARTESIAN_POINT('',(8.3,-11.5,1.496));
#5234 = DIRECTION('',(-0.,0.,-1.));
#5235 = DIRECTION('',(-0.,-1.,0.));
#5236 = FACE_BOUND('',#5237,.T.);
#5237 = EDGE_LOOP('',(#5238));
#5238 = ORIENTED_EDGE('',*,*,#5239,.T.);
#5239 = EDGE_CURVE('',#5240,#5240,#5242,.T.);
#5240 = VERTEX_POINT('',#5241);
#5241 = CARTESIAN_POINT('',(11.3,-12.01,1.496));
#5242 = CIRCLE('',#5243,0.51);
#5243 = AXIS2_PLACEMENT_3D('',#5244,#5245,#5246);
#5244 = CARTESIAN_POINT('',(11.3,-11.5,1.496));
#5245 = DIRECTION('',(-0.,0.,-1.));
#5246 = DIRECTION('',(-0.,-1.,0.));
#5247 = FACE_BOUND('',#5248,.T.);
#5248 = EDGE_LOOP('',(#5249));
#5249 = ORIENTED_EDGE('',*,*,#5250,.T.);
#5250 = EDGE_CURVE('',#5251,#5251,#5253,.T.);
#5251 = VERTEX_POINT('',#5252);
#5252 = CARTESIAN_POINT('',(8.3,-9.01,1.496));
#5253 = CIRCLE('',#5254,0.51);
#5254 = AXIS2_PLACEMENT_3D('',#5255,#5256,#5257);
#5255 = CARTESIAN_POINT('',(8.3,-8.5,1.496));
#5256 = DIRECTION('',(-0.,0.,-1.));
#5257 = DIRECTION('',(-0.,-1.,0.));
#5258 = FACE_BOUND('',#5259,.T.);
#5259 = EDGE_LOOP('',(#5260));
#5260 = ORIENTED_EDGE('',*,*,#5261,.T.);
#5261 = EDGE_CURVE('',#5262,#5262,#5264,.T.);
#5262 = VERTEX_POINT('',#5263);
#5263 = CARTESIAN_POINT('',(11.3,-9.01,1.496));
#5264 = CIRCLE('',#5265,0.51);
#5265 = AXIS2_PLACEMENT_3D('',#5266,#5267,#5268);
#5266 = CARTESIAN_POINT('',(11.3,-8.5,1.496));
#5267 = DIRECTION('',(-0.,0.,-1.));
#5268 = DIRECTION('',(-0.,-1.,0.));
#5269 = FACE_BOUND('',#5270,.T.);
#5270 = EDGE_LOOP('',(#5271));
#5271 = ORIENTED_EDGE('',*,*,#5272,.T.);
#5272 = EDGE_CURVE('',#5273,#5273,#5275,.T.);
#5273 = VERTEX_POINT('',#5274);
#5274 = CARTESIAN_POINT('',(6.2,1.8,1.496));
#5275 = CIRCLE('',#5276,2.2);
#5276 = AXIS2_PLACEMENT_3D('',#5277,#5278,#5279);
#5277 = CARTESIAN_POINT('',(6.2,4.,1.496));
#5278 = DIRECTION('',(-0.,0.,-1.));
#5279 = DIRECTION('',(4.037174635001E-16,-1.,-0.));
#5280 = FACE_BOUND('',#5281,.T.);
#5281 = EDGE_LOOP('',(#5282));
#5282 = ORIENTED_EDGE('',*,*,#5283,.T.);
#5283 = EDGE_CURVE('',#5284,#5284,#5286,.T.);
#5284 = VERTEX_POINT('',#5285);
#5285 = CARTESIAN_POINT('',(54.5,-9.15,1.496));
#5286 = CIRCLE('',#5287,0.6);
#5287 = AXIS2_PLACEMENT_3D('',#5288,#5289,#5290);
#5288 = CARTESIAN_POINT('',(54.5,-8.55,1.496));
#5289 = DIRECTION('',(-0.,0.,-1.));
#5290 = DIRECTION('',(-0.,-1.,0.));
#5291 = FACE_BOUND('',#5292,.T.);
#5292 = EDGE_LOOP('',(#5293));
#5293 = ORIENTED_EDGE('',*,*,#5294,.T.);
#5294 = EDGE_CURVE('',#5295,#5295,#5297,.T.);
#5295 = VERTEX_POINT('',#5296);
#5296 = CARTESIAN_POINT('',(68.46,-6.4953,1.496));
#5297 = CIRCLE('',#5298,0.4953);
#5298 = AXIS2_PLACEMENT_3D('',#5299,#5300,#5301);
#5299 = CARTESIAN_POINT('',(68.46,-6.,1.496));
#5300 = DIRECTION('',(-0.,0.,-1.));
#5301 = DIRECTION('',(-0.,-1.,0.));
#5302 = FACE_BOUND('',#5303,.T.);
#5303 = EDGE_LOOP('',(#5304));
#5304 = ORIENTED_EDGE('',*,*,#5305,.T.);
#5305 = EDGE_CURVE('',#5306,#5306,#5308,.T.);
#5306 = VERTEX_POINT('',#5307);
#5307 = CARTESIAN_POINT('',(73.54,-7.5113,1.496));
#5308 = CIRCLE('',#5309,0.4953);
#5309 = AXIS2_PLACEMENT_3D('',#5310,#5311,#5312);
#5310 = CARTESIAN_POINT('',(73.54,-7.016,1.496));
#5311 = DIRECTION('',(-0.,0.,-1.));
#5312 = DIRECTION('',(-0.,-1.,0.));
#5313 = FACE_BOUND('',#5314,.T.);
#5314 = EDGE_LOOP('',(#5315));
#5315 = ORIENTED_EDGE('',*,*,#5316,.T.);
#5316 = EDGE_CURVE('',#5317,#5317,#5319,.T.);
#5317 = VERTEX_POINT('',#5318);
#5318 = CARTESIAN_POINT('',(73.54,-5.4793,1.496));
#5319 = CIRCLE('',#5320,0.4953);
#5320 = AXIS2_PLACEMENT_3D('',#5321,#5322,#5323);
#5321 = CARTESIAN_POINT('',(73.54,-4.984,1.496));
#5322 = DIRECTION('',(-0.,0.,-1.));
#5323 = DIRECTION('',(-0.,-1.,0.));
#5324 = FACE_BOUND('',#5325,.T.);
#5325 = EDGE_LOOP('',(#5326));
#5326 = ORIENTED_EDGE('',*,*,#5327,.T.);
#5327 = EDGE_CURVE('',#5328,#5328,#5330,.T.);
#5328 = VERTEX_POINT('',#5329);
#5329 = CARTESIAN_POINT('',(63.,1.8,1.496));
#5330 = CIRCLE('',#5331,2.2);
#5331 = AXIS2_PLACEMENT_3D('',#5332,#5333,#5334);
#5332 = CARTESIAN_POINT('',(63.,4.,1.496));
#5333 = DIRECTION('',(-0.,0.,-1.));
#5334 = DIRECTION('',(-0.,-1.,0.));
#5335 = PLANE('',#5336);
#5336 = AXIS2_PLACEMENT_3D('',#5337,#5338,#5339);
#5337 = CARTESIAN_POINT('',(0.,0.,1.496));
#5338 = DIRECTION('',(0.,0.,1.));
#5339 = DIRECTION('',(1.,0.,-0.));
#5340 = ADVANCED_FACE('',(#5341),#5352,.T.);
#5341 = FACE_BOUND('',#5342,.T.);
#5342 = EDGE_LOOP('',(#5343,#5349,#5350,#5351));
#5343 = ORIENTED_EDGE('',*,*,#5344,.T.);
#5344 = EDGE_CURVE('',#3847,#4597,#5345,.T.);
#5345 = LINE('',#5346,#5347);
#5346 = CARTESIAN_POINT('',(13.5,10.,0.));
#5347 = VECTOR('',#5348,1.);
#5348 = DIRECTION('',(0.,0.,1.));
#5349 = ORIENTED_EDGE('',*,*,#4596,.T.);
#5350 = ORIENTED_EDGE('',*,*,#3782,.F.);
#5351 = ORIENTED_EDGE('',*,*,#3846,.F.);
#5352 = PLANE('',#5353);
#5353 = AXIS2_PLACEMENT_3D('',#5354,#5355,#5356);
#5354 = CARTESIAN_POINT('',(13.5,10.,0.));
#5355 = DIRECTION('',(0.,1.,0.));
#5356 = DIRECTION('',(1.,0.,0.));
#5357 = ADVANCED_FACE('',(#5358),#5369,.T.);
#5358 = FACE_BOUND('',#5359,.T.);
#5359 = EDGE_LOOP('',(#5360,#5361,#5362,#5368));
#5360 = ORIENTED_EDGE('',*,*,#3822,.T.);
#5361 = ORIENTED_EDGE('',*,*,#5043,.T.);
#5362 = ORIENTED_EDGE('',*,*,#5363,.F.);
#5363 = EDGE_CURVE('',#4286,#5036,#5364,.T.);
#5364 = LINE('',#5365,#5366);
#5365 = CARTESIAN_POINT('',(59.5,6.5,0.));
#5366 = VECTOR('',#5367,1.);
#5367 = DIRECTION('',(0.,0.,1.));
#5368 = ORIENTED_EDGE('',*,*,#4293,.F.);
#5369 = PLANE('',#5370);
#5370 = AXIS2_PLACEMENT_3D('',#5371,#5372,#5373);
#5371 = CARTESIAN_POINT('',(59.5,0.,0.));
#5372 = DIRECTION('',(-1.,0.,0.));
#5373 = DIRECTION('',(0.,1.,0.));
#5374 = ADVANCED_FACE('',(#5375),#5386,.T.);
#5375 = FACE_BOUND('',#5376,.T.);
#5376 = EDGE_LOOP('',(#5377,#5383,#5384,#5385));
#5377 = ORIENTED_EDGE('',*,*,#5378,.T.);
#5378 = EDGE_CURVE('',#3855,#4605,#5379,.T.);
#5379 = LINE('',#5380,#5381);
#5380 = CARTESIAN_POINT('',(13.,9.5,0.));
#5381 = VECTOR('',#5382,1.);
#5382 = DIRECTION('',(0.,0.,1.));
#5383 = ORIENTED_EDGE('',*,*,#4604,.T.);
#5384 = ORIENTED_EDGE('',*,*,#5344,.F.);
#5385 = ORIENTED_EDGE('',*,*,#3854,.F.);
#5386 = PLANE('',#5387);
#5387 = AXIS2_PLACEMENT_3D('',#5388,#5389,#5390);
#5388 = CARTESIAN_POINT('',(13.,9.5,0.));
#5389 = DIRECTION('',(-0.707106781187,0.707106781187,0.));
#5390 = DIRECTION('',(0.707106781187,0.707106781187,0.));
#5391 = ADVANCED_FACE('',(#5392),#5403,.T.);
#5392 = FACE_BOUND('',#5393,.T.);
#5393 = EDGE_LOOP('',(#5394,#5395,#5396,#5402));
#5394 = ORIENTED_EDGE('',*,*,#5363,.T.);
#5395 = ORIENTED_EDGE('',*,*,#5035,.T.);
#5396 = ORIENTED_EDGE('',*,*,#5397,.F.);
#5397 = EDGE_CURVE('',#4278,#5028,#5398,.T.);
#5398 = LINE('',#5399,#5400);
#5399 = CARTESIAN_POINT('',(60.,7.,0.));
#5400 = VECTOR('',#5401,1.);
#5401 = DIRECTION('',(0.,0.,1.));
#5402 = ORIENTED_EDGE('',*,*,#4285,.F.);
#5403 = PLANE('',#5404);
#5404 = AXIS2_PLACEMENT_3D('',#5405,#5406,#5407);
#5405 = CARTESIAN_POINT('',(59.5,6.5,0.));
#5406 = DIRECTION('',(-0.707106781187,0.707106781187,0.));
#5407 = DIRECTION('',(0.707106781187,0.707106781187,0.));
#5408 = ADVANCED_FACE('',(#5409),#5420,.T.);
#5409 = FACE_BOUND('',#5410,.T.);
#5410 = EDGE_LOOP('',(#5411,#5417,#5418,#5419));
#5411 = ORIENTED_EDGE('',*,*,#5412,.T.);
#5412 = EDGE_CURVE('',#3863,#4613,#5413,.T.);
#5413 = LINE('',#5414,#5415);
#5414 = CARTESIAN_POINT('',(13.,-0.,0.));
#5415 = VECTOR('',#5416,1.);
#5416 = DIRECTION('',(0.,0.,1.));
#5417 = ORIENTED_EDGE('',*,*,#4612,.T.);
#5418 = ORIENTED_EDGE('',*,*,#5378,.F.);
#5419 = ORIENTED_EDGE('',*,*,#3862,.F.);
#5420 = PLANE('',#5421);
#5421 = AXIS2_PLACEMENT_3D('',#5422,#5423,#5424);
#5422 = CARTESIAN_POINT('',(13.,0.,0.));
#5423 = DIRECTION('',(-1.,0.,0.));
#5424 = DIRECTION('',(0.,1.,0.));
#5425 = ADVANCED_FACE('',(#5426),#5437,.T.);
#5426 = FACE_BOUND('',#5427,.T.);
#5427 = EDGE_LOOP('',(#5428,#5429,#5430,#5436));
#5428 = ORIENTED_EDGE('',*,*,#5397,.T.);
#5429 = ORIENTED_EDGE('',*,*,#5027,.T.);
#5430 = ORIENTED_EDGE('',*,*,#5431,.F.);
#5431 = EDGE_CURVE('',#4270,#5020,#5432,.T.);
#5432 = LINE('',#5433,#5434);
#5433 = CARTESIAN_POINT('',(66.,7.,0.));
#5434 = VECTOR('',#5435,1.);
#5435 = DIRECTION('',(0.,0.,1.));
#5436 = ORIENTED_EDGE('',*,*,#4277,.F.);
#5437 = PLANE('',#5438);
#5438 = AXIS2_PLACEMENT_3D('',#5439,#5440,#5441);
#5439 = CARTESIAN_POINT('',(60.,7.,0.));
#5440 = DIRECTION('',(0.,1.,0.));
#5441 = DIRECTION('',(1.,0.,0.));
#5442 = ADVANCED_FACE('',(#5443),#5454,.T.);
#5443 = FACE_BOUND('',#5444,.T.);
#5444 = EDGE_LOOP('',(#5445,#5451,#5452,#5453));
#5445 = ORIENTED_EDGE('',*,*,#5446,.T.);
#5446 = EDGE_CURVE('',#3871,#4621,#5447,.T.);
#5447 = LINE('',#5448,#5449);
#5448 = CARTESIAN_POINT('',(9.7,-0.,0.));
#5449 = VECTOR('',#5450,1.);
#5450 = DIRECTION('',(0.,0.,1.));
#5451 = ORIENTED_EDGE('',*,*,#4620,.T.);
#5452 = ORIENTED_EDGE('',*,*,#5412,.F.);
#5453 = ORIENTED_EDGE('',*,*,#3870,.F.);
#5454 = PLANE('',#5455);
#5455 = AXIS2_PLACEMENT_3D('',#5456,#5457,#5458);
#5456 = CARTESIAN_POINT('',(9.7,0.,0.));
#5457 = DIRECTION('',(0.,1.,0.));
#5458 = DIRECTION('',(1.,0.,0.));
#5459 = ADVANCED_FACE('',(#5460),#5471,.T.);
#5460 = FACE_BOUND('',#5461,.T.);
#5461 = EDGE_LOOP('',(#5462,#5463,#5464,#5470));
#5462 = ORIENTED_EDGE('',*,*,#5431,.T.);
#5463 = ORIENTED_EDGE('',*,*,#5019,.T.);
#5464 = ORIENTED_EDGE('',*,*,#5465,.F.);
#5465 = EDGE_CURVE('',#4262,#5012,#5466,.T.);
#5466 = LINE('',#5467,#5468);
#5467 = CARTESIAN_POINT('',(66.5,6.5,0.));
#5468 = VECTOR('',#5469,1.);
#5469 = DIRECTION('',(0.,0.,1.));
#5470 = ORIENTED_EDGE('',*,*,#4269,.F.);
#5471 = PLANE('',#5472);
#5472 = AXIS2_PLACEMENT_3D('',#5473,#5474,#5475);
#5473 = CARTESIAN_POINT('',(66.,7.,0.));
#5474 = DIRECTION('',(0.707106781187,0.707106781187,-0.));
#5475 = DIRECTION('',(0.707106781187,-0.707106781187,0.));
#5476 = ADVANCED_FACE('',(#5477),#5488,.T.);
#5477 = FACE_BOUND('',#5478,.T.);
#5478 = EDGE_LOOP('',(#5479,#5485,#5486,#5487));
#5479 = ORIENTED_EDGE('',*,*,#5480,.T.);
#5480 = EDGE_CURVE('',#3879,#4629,#5481,.T.);
#5481 = LINE('',#5482,#5483);
#5482 = CARTESIAN_POINT('',(9.7,6.5,0.));
#5483 = VECTOR('',#5484,1.);
#5484 = DIRECTION('',(0.,0.,1.));
#5485 = ORIENTED_EDGE('',*,*,#4628,.T.);
#5486 = ORIENTED_EDGE('',*,*,#5446,.F.);
#5487 = ORIENTED_EDGE('',*,*,#3878,.F.);
#5488 = PLANE('',#5489);
#5489 = AXIS2_PLACEMENT_3D('',#5490,#5491,#5492);
#5490 = CARTESIAN_POINT('',(9.7,6.5,0.));
#5491 = DIRECTION('',(1.,0.,-0.));
#5492 = DIRECTION('',(0.,-1.,0.));
#5493 = ADVANCED_FACE('',(#5494),#5505,.T.);
#5494 = FACE_BOUND('',#5495,.T.);
#5495 = EDGE_LOOP('',(#5496,#5497,#5498,#5504));
#5496 = ORIENTED_EDGE('',*,*,#5465,.T.);
#5497 = ORIENTED_EDGE('',*,*,#5011,.T.);
#5498 = ORIENTED_EDGE('',*,*,#5499,.F.);
#5499 = EDGE_CURVE('',#4254,#5004,#5500,.T.);
#5500 = LINE('',#5501,#5502);
#5501 = CARTESIAN_POINT('',(66.5,-0.,0.));
#5502 = VECTOR('',#5503,1.);
#5503 = DIRECTION('',(0.,0.,1.));
#5504 = ORIENTED_EDGE('',*,*,#4261,.F.);
#5505 = PLANE('',#5506);
#5506 = AXIS2_PLACEMENT_3D('',#5507,#5508,#5509);
#5507 = CARTESIAN_POINT('',(66.5,6.5,0.));
#5508 = DIRECTION('',(1.,0.,-0.));
#5509 = DIRECTION('',(0.,-1.,0.));
#5510 = ADVANCED_FACE('',(#5511),#5522,.T.);
#5511 = FACE_BOUND('',#5512,.T.);
#5512 = EDGE_LOOP('',(#5513,#5519,#5520,#5521));
#5513 = ORIENTED_EDGE('',*,*,#5514,.T.);
#5514 = EDGE_CURVE('',#3887,#4637,#5515,.T.);
#5515 = LINE('',#5516,#5517);
#5516 = CARTESIAN_POINT('',(9.2,7.,0.));
#5517 = VECTOR('',#5518,1.);
#5518 = DIRECTION('',(0.,0.,1.));
#5519 = ORIENTED_EDGE('',*,*,#4636,.T.);
#5520 = ORIENTED_EDGE('',*,*,#5480,.F.);
#5521 = ORIENTED_EDGE('',*,*,#3886,.F.);
#5522 = PLANE('',#5523);
#5523 = AXIS2_PLACEMENT_3D('',#5524,#5525,#5526);
#5524 = CARTESIAN_POINT('',(9.2,7.,0.));
#5525 = DIRECTION('',(0.707106781187,0.707106781187,-0.));
#5526 = DIRECTION('',(0.707106781187,-0.707106781187,0.));
#5527 = ADVANCED_FACE('',(#5528),#5539,.T.);
#5528 = FACE_BOUND('',#5529,.T.);
#5529 = EDGE_LOOP('',(#5530,#5531,#5532,#5538));
#5530 = ORIENTED_EDGE('',*,*,#5499,.T.);
#5531 = ORIENTED_EDGE('',*,*,#5003,.T.);
#5532 = ORIENTED_EDGE('',*,*,#5533,.F.);
#5533 = EDGE_CURVE('',#4246,#4996,#5534,.T.);
#5534 = LINE('',#5535,#5536);
#5535 = CARTESIAN_POINT('',(76.5,-0.,0.));
#5536 = VECTOR('',#5537,1.);
#5537 = DIRECTION('',(0.,0.,1.));
#5538 = ORIENTED_EDGE('',*,*,#4253,.F.);
#5539 = PLANE('',#5540);
#5540 = AXIS2_PLACEMENT_3D('',#5541,#5542,#5543);
#5541 = CARTESIAN_POINT('',(66.5,0.,0.));
#5542 = DIRECTION('',(0.,1.,0.));
#5543 = DIRECTION('',(1.,0.,0.));
#5544 = ADVANCED_FACE('',(#5545),#5556,.T.);
#5545 = FACE_BOUND('',#5546,.T.);
#5546 = EDGE_LOOP('',(#5547,#5553,#5554,#5555));
#5547 = ORIENTED_EDGE('',*,*,#5548,.T.);
#5548 = EDGE_CURVE('',#3895,#4645,#5549,.T.);
#5549 = LINE('',#5550,#5551);
#5550 = CARTESIAN_POINT('',(3.2,7.,0.));
#5551 = VECTOR('',#5552,1.);
#5552 = DIRECTION('',(0.,0.,1.));
#5553 = ORIENTED_EDGE('',*,*,#4644,.T.);
#5554 = ORIENTED_EDGE('',*,*,#5514,.F.);
#5555 = ORIENTED_EDGE('',*,*,#3894,.F.);
#5556 = PLANE('',#5557);
#5557 = AXIS2_PLACEMENT_3D('',#5558,#5559,#5560);
#5558 = CARTESIAN_POINT('',(3.2,7.,0.));
#5559 = DIRECTION('',(0.,1.,0.));
#5560 = DIRECTION('',(1.,0.,0.));
#5561 = ADVANCED_FACE('',(#5562),#5573,.T.);
#5562 = FACE_BOUND('',#5563,.T.);
#5563 = EDGE_LOOP('',(#5564,#5565,#5566,#5572));
#5564 = ORIENTED_EDGE('',*,*,#5533,.T.);
#5565 = ORIENTED_EDGE('',*,*,#4995,.T.);
#5566 = ORIENTED_EDGE('',*,*,#5567,.F.);
#5567 = EDGE_CURVE('',#4238,#4988,#5568,.T.);
#5568 = LINE('',#5569,#5570);
#5569 = CARTESIAN_POINT('',(77.,0.5,0.));
#5570 = VECTOR('',#5571,1.);
#5571 = DIRECTION('',(0.,0.,1.));
#5572 = ORIENTED_EDGE('',*,*,#4245,.F.);
#5573 = PLANE('',#5574);
#5574 = AXIS2_PLACEMENT_3D('',#5575,#5576,#5577);
#5575 = CARTESIAN_POINT('',(76.5,0.,0.));
#5576 = DIRECTION('',(-0.707106781187,0.707106781187,0.));
#5577 = DIRECTION('',(0.707106781187,0.707106781187,0.));
#5578 = ADVANCED_FACE('',(#5579),#5590,.T.);
#5579 = FACE_BOUND('',#5580,.T.);
#5580 = EDGE_LOOP('',(#5581,#5587,#5588,#5589));
#5581 = ORIENTED_EDGE('',*,*,#5582,.T.);
#5582 = EDGE_CURVE('',#3903,#4653,#5583,.T.);
#5583 = LINE('',#5584,#5585);
#5584 = CARTESIAN_POINT('',(2.7,6.5,0.));
#5585 = VECTOR('',#5586,1.);
#5586 = DIRECTION('',(0.,0.,1.));
#5587 = ORIENTED_EDGE('',*,*,#4652,.T.);
#5588 = ORIENTED_EDGE('',*,*,#5548,.F.);
#5589 = ORIENTED_EDGE('',*,*,#3902,.F.);
#5590 = PLANE('',#5591);
#5591 = AXIS2_PLACEMENT_3D('',#5592,#5593,#5594);
#5592 = CARTESIAN_POINT('',(2.7,6.5,0.));
#5593 = DIRECTION('',(-0.707106781187,0.707106781187,0.));
#5594 = DIRECTION('',(0.707106781187,0.707106781187,0.));
#5595 = ADVANCED_FACE('',(#5596),#5607,.T.);
#5596 = FACE_BOUND('',#5597,.T.);
#5597 = EDGE_LOOP('',(#5598,#5599,#5600,#5606));
#5598 = ORIENTED_EDGE('',*,*,#5567,.T.);
#5599 = ORIENTED_EDGE('',*,*,#4987,.T.);
#5600 = ORIENTED_EDGE('',*,*,#5601,.F.);
#5601 = EDGE_CURVE('',#4230,#4980,#5602,.T.);
#5602 = LINE('',#5603,#5604);
#5603 = CARTESIAN_POINT('',(77.,7.5,0.));
#5604 = VECTOR('',#5605,1.);
#5605 = DIRECTION('',(0.,0.,1.));
#5606 = ORIENTED_EDGE('',*,*,#4237,.F.);
#5607 = PLANE('',#5608);
#5608 = AXIS2_PLACEMENT_3D('',#5609,#5610,#5611);
#5609 = CARTESIAN_POINT('',(77.,0.5,0.));
#5610 = DIRECTION('',(-1.,0.,0.));
#5611 = DIRECTION('',(0.,1.,0.));
#5612 = ADVANCED_FACE('',(#5613),#5624,.T.);
#5613 = FACE_BOUND('',#5614,.T.);
#5614 = EDGE_LOOP('',(#5615,#5621,#5622,#5623));
#5615 = ORIENTED_EDGE('',*,*,#5616,.T.);
#5616 = EDGE_CURVE('',#3911,#4661,#5617,.T.);
#5617 = LINE('',#5618,#5619);
#5618 = CARTESIAN_POINT('',(2.7,-0.,0.));
#5619 = VECTOR('',#5620,1.);
#5620 = DIRECTION('',(0.,0.,1.));
#5621 = ORIENTED_EDGE('',*,*,#4660,.T.);
#5622 = ORIENTED_EDGE('',*,*,#5582,.F.);
#5623 = ORIENTED_EDGE('',*,*,#3910,.F.);
#5624 = PLANE('',#5625);
#5625 = AXIS2_PLACEMENT_3D('',#5626,#5627,#5628);
#5626 = CARTESIAN_POINT('',(2.7,0.,0.));
#5627 = DIRECTION('',(-1.,0.,0.));
#5628 = DIRECTION('',(0.,1.,0.));
#5629 = ADVANCED_FACE('',(#5630),#5641,.T.);
#5630 = FACE_BOUND('',#5631,.T.);
#5631 = EDGE_LOOP('',(#5632,#5633,#5634,#5640));
#5632 = ORIENTED_EDGE('',*,*,#5601,.T.);
#5633 = ORIENTED_EDGE('',*,*,#4979,.T.);
#5634 = ORIENTED_EDGE('',*,*,#5635,.F.);
#5635 = EDGE_CURVE('',#4222,#4972,#5636,.T.);
#5636 = LINE('',#5637,#5638);
#5637 = CARTESIAN_POINT('',(77.5,8.,0.));
#5638 = VECTOR('',#5639,1.);
#5639 = DIRECTION('',(0.,0.,1.));
#5640 = ORIENTED_EDGE('',*,*,#4229,.F.);
#5641 = PLANE('',#5642);
#5642 = AXIS2_PLACEMENT_3D('',#5643,#5644,#5645);
#5643 = CARTESIAN_POINT('',(77.,7.5,0.));
#5644 = DIRECTION('',(-0.707106781187,0.707106781187,0.));
#5645 = DIRECTION('',(0.707106781187,0.707106781187,0.));
#5646 = ADVANCED_FACE('',(#5647),#5658,.T.);
#5647 = FACE_BOUND('',#5648,.T.);
#5648 = EDGE_LOOP('',(#5649,#5655,#5656,#5657));
#5649 = ORIENTED_EDGE('',*,*,#5650,.T.);
#5650 = EDGE_CURVE('',#3919,#4669,#5651,.T.);
#5651 = LINE('',#5652,#5653);
#5652 = CARTESIAN_POINT('',(0.980942,0.,0.));
#5653 = VECTOR('',#5654,1.);
#5654 = DIRECTION('',(0.,0.,1.));
#5655 = ORIENTED_EDGE('',*,*,#4668,.T.);
#5656 = ORIENTED_EDGE('',*,*,#5616,.F.);
#5657 = ORIENTED_EDGE('',*,*,#3918,.F.);
#5658 = PLANE('',#5659);
#5659 = AXIS2_PLACEMENT_3D('',#5660,#5661,#5662);
#5660 = CARTESIAN_POINT('',(0.980942,0.,0.));
#5661 = DIRECTION('',(0.,1.,0.));
#5662 = DIRECTION('',(1.,0.,0.));
#5663 = ADVANCED_FACE('',(#5664),#5675,.T.);
#5664 = FACE_BOUND('',#5665,.T.);
#5665 = EDGE_LOOP('',(#5666,#5667,#5668,#5674));
#5666 = ORIENTED_EDGE('',*,*,#5635,.T.);
#5667 = ORIENTED_EDGE('',*,*,#4971,.T.);
#5668 = ORIENTED_EDGE('',*,*,#5669,.F.);
#5669 = EDGE_CURVE('',#4214,#4964,#5670,.T.);
#5670 = LINE('',#5671,#5672);
#5671 = CARTESIAN_POINT('',(86.4,8.,0.));
#5672 = VECTOR('',#5673,1.);
#5673 = DIRECTION('',(0.,0.,1.));
#5674 = ORIENTED_EDGE('',*,*,#4221,.F.);
#5675 = PLANE('',#5676);
#5676 = AXIS2_PLACEMENT_3D('',#5677,#5678,#5679);
#5677 = CARTESIAN_POINT('',(77.5,8.,0.));
#5678 = DIRECTION('',(0.,1.,0.));
#5679 = DIRECTION('',(1.,0.,0.));
#5680 = ADVANCED_FACE('',(#5681),#5692,.T.);
#5681 = FACE_BOUND('',#5682,.T.);
#5682 = EDGE_LOOP('',(#5683,#5689,#5690,#5691));
#5683 = ORIENTED_EDGE('',*,*,#5684,.T.);
#5684 = EDGE_CURVE('',#3927,#4677,#5685,.T.);
#5685 = LINE('',#5686,#5687);
#5686 = CARTESIAN_POINT('',(0.287314,-0.287312,0.));
#5687 = VECTOR('',#5688,1.);
#5688 = DIRECTION('',(0.,0.,1.));
#5689 = ORIENTED_EDGE('',*,*,#4676,.T.);
#5690 = ORIENTED_EDGE('',*,*,#5650,.F.);
#5691 = ORIENTED_EDGE('',*,*,#3926,.F.);
#5692 = CYLINDRICAL_SURFACE('',#5693,0.980934298649);
#5693 = AXIS2_PLACEMENT_3D('',#5694,#5695,#5696);
#5694 = CARTESIAN_POINT('',(0.980942290285,-0.980934298649,0.));
#5695 = DIRECTION('',(0.,0.,-1.));
#5696 = DIRECTION('',(-0.707109835225,0.707103727135,0.));
#5697 = ADVANCED_FACE('',(#5698),#5709,.T.);
#5698 = FACE_BOUND('',#5699,.T.);
#5699 = EDGE_LOOP('',(#5700,#5701,#5702,#5708));
#5700 = ORIENTED_EDGE('',*,*,#5669,.T.);
#5701 = ORIENTED_EDGE('',*,*,#4963,.T.);
#5702 = ORIENTED_EDGE('',*,*,#5703,.F.);
#5703 = EDGE_CURVE('',#4206,#4956,#5704,.T.);
#5704 = LINE('',#5705,#5706);
#5705 = CARTESIAN_POINT('',(86.9,7.5,0.));
#5706 = VECTOR('',#5707,1.);
#5707 = DIRECTION('',(0.,0.,1.));
#5708 = ORIENTED_EDGE('',*,*,#4213,.F.);
#5709 = PLANE('',#5710);
#5710 = AXIS2_PLACEMENT_3D('',#5711,#5712,#5713);
#5711 = CARTESIAN_POINT('',(86.4,8.,0.));
#5712 = DIRECTION('',(0.707106781187,0.707106781187,-0.));
#5713 = DIRECTION('',(0.707106781187,-0.707106781187,0.));
#5714 = ADVANCED_FACE('',(#5715),#5726,.T.);
#5715 = FACE_BOUND('',#5716,.T.);
#5716 = EDGE_LOOP('',(#5717,#5723,#5724,#5725));
#5717 = ORIENTED_EDGE('',*,*,#5718,.T.);
#5718 = EDGE_CURVE('',#3936,#4686,#5719,.T.);
#5719 = LINE('',#5720,#5721);
#5720 = CARTESIAN_POINT('',(0.,-0.980947,0.));
#5721 = VECTOR('',#5722,1.);
#5722 = DIRECTION('',(0.,0.,1.));
#5723 = ORIENTED_EDGE('',*,*,#4685,.T.);
#5724 = ORIENTED_EDGE('',*,*,#5684,.F.);
#5725 = ORIENTED_EDGE('',*,*,#3935,.F.);
#5726 = CYLINDRICAL_SURFACE('',#5727,0.980954801173);
#5727 = AXIS2_PLACEMENT_3D('',#5728,#5729,#5730);
#5728 = CARTESIAN_POINT('',(0.980954801166,-0.980950782727,0.));
#5729 = DIRECTION('',(0.,0.,-1.));
#5730 = DIRECTION('',(-0.999999999993,3.856168220203E-06,0.));
#5731 = ADVANCED_FACE('',(#5732),#5743,.T.);
#5732 = FACE_BOUND('',#5733,.T.);
#5733 = EDGE_LOOP('',(#5734,#5735,#5736,#5742));
#5734 = ORIENTED_EDGE('',*,*,#5703,.T.);
#5735 = ORIENTED_EDGE('',*,*,#4955,.T.);
#5736 = ORIENTED_EDGE('',*,*,#5737,.F.);
#5737 = EDGE_CURVE('',#4198,#4948,#5738,.T.);
#5738 = LINE('',#5739,#5740);
#5739 = CARTESIAN_POINT('',(86.9,0.5,0.));
#5740 = VECTOR('',#5741,1.);
#5741 = DIRECTION('',(0.,0.,1.));
#5742 = ORIENTED_EDGE('',*,*,#4205,.F.);
#5743 = PLANE('',#5744);
#5744 = AXIS2_PLACEMENT_3D('',#5745,#5746,#5747);
#5745 = CARTESIAN_POINT('',(86.9,7.5,0.));
#5746 = DIRECTION('',(1.,0.,-0.));
#5747 = DIRECTION('',(0.,-1.,0.));
#5748 = ADVANCED_FACE('',(#5749),#5760,.T.);
#5749 = FACE_BOUND('',#5750,.T.);
#5750 = EDGE_LOOP('',(#5751,#5757,#5758,#5759));
#5751 = ORIENTED_EDGE('',*,*,#5752,.T.);
#5752 = EDGE_CURVE('',#3945,#4695,#5753,.T.);
#5753 = LINE('',#5754,#5755);
#5754 = CARTESIAN_POINT('',(2.E-06,-2.834492,0.));
#5755 = VECTOR('',#5756,1.);
#5756 = DIRECTION('',(0.,0.,1.));
#5757 = ORIENTED_EDGE('',*,*,#4694,.T.);
#5758 = ORIENTED_EDGE('',*,*,#5718,.F.);
#5759 = ORIENTED_EDGE('',*,*,#3944,.F.);
#5760 = PLANE('',#5761);
#5761 = AXIS2_PLACEMENT_3D('',#5762,#5763,#5764);
#5762 = CARTESIAN_POINT('',(2.E-06,-2.834492,0.));
#5763 = DIRECTION('',(-0.999999999999,-1.079013457995E-06,0.));
#5764 = DIRECTION('',(-1.079013457995E-06,0.999999999999,0.));
#5765 = ADVANCED_FACE('',(#5766),#5777,.T.);
#5766 = FACE_BOUND('',#5767,.T.);
#5767 = EDGE_LOOP('',(#5768,#5769,#5770,#5776));
#5768 = ORIENTED_EDGE('',*,*,#5737,.T.);
#5769 = ORIENTED_EDGE('',*,*,#4947,.T.);
#5770 = ORIENTED_EDGE('',*,*,#5771,.F.);
#5771 = EDGE_CURVE('',#4190,#4940,#5772,.T.);
#5772 = LINE('',#5773,#5774);
#5773 = CARTESIAN_POINT('',(87.273825,-0.,0.));
#5774 = VECTOR('',#5775,1.);
#5775 = DIRECTION('',(0.,0.,1.));
#5776 = ORIENTED_EDGE('',*,*,#4197,.F.);
#5777 = PLANE('',#5778);
#5778 = AXIS2_PLACEMENT_3D('',#5779,#5780,#5781);
#5779 = CARTESIAN_POINT('',(86.9,0.5,0.));
#5780 = DIRECTION('',(0.800902511183,0.598794762486,-0.));
#5781 = DIRECTION('',(0.598794762486,-0.800902511183,0.));
#5782 = ADVANCED_FACE('',(#5783),#5794,.T.);
#5783 = FACE_BOUND('',#5784,.T.);
#5784 = EDGE_LOOP('',(#5785,#5791,#5792,#5793));
#5785 = ORIENTED_EDGE('',*,*,#5786,.T.);
#5786 = EDGE_CURVE('',#3953,#4703,#5787,.T.);
#5787 = LINE('',#5788,#5789);
#5788 = CARTESIAN_POINT('',(0.,-37.820272,0.));
#5789 = VECTOR('',#5790,1.);
#5790 = DIRECTION('',(0.,0.,1.));
#5791 = ORIENTED_EDGE('',*,*,#4702,.T.);
#5792 = ORIENTED_EDGE('',*,*,#5752,.F.);
#5793 = ORIENTED_EDGE('',*,*,#3952,.F.);
#5794 = PLANE('',#5795);
#5795 = AXIS2_PLACEMENT_3D('',#5796,#5797,#5798);
#5796 = CARTESIAN_POINT('',(0.,-37.820272,0.));
#5797 = DIRECTION('',(-1.,5.716608290568E-08,0.));
#5798 = DIRECTION('',(5.716608290568E-08,1.,0.));
#5799 = ADVANCED_FACE('',(#5800),#5811,.T.);
#5800 = FACE_BOUND('',#5801,.T.);
#5801 = EDGE_LOOP('',(#5802,#5803,#5804,#5810));
#5802 = ORIENTED_EDGE('',*,*,#5771,.T.);
#5803 = ORIENTED_EDGE('',*,*,#4939,.T.);
#5804 = ORIENTED_EDGE('',*,*,#5805,.F.);
#5805 = EDGE_CURVE('',#4181,#4931,#5806,.T.);
#5806 = LINE('',#5807,#5808);
#5807 = CARTESIAN_POINT('',(87.279325,-1.189999999999E-04,0.));
#5808 = VECTOR('',#5809,1.);
#5809 = DIRECTION('',(0.,0.,1.));
#5810 = ORIENTED_EDGE('',*,*,#4189,.F.);
#5811 = PLANE('',#5812);
#5812 = AXIS2_PLACEMENT_3D('',#5813,#5814,#5815);
#5813 = CARTESIAN_POINT('',(87.273825,-0.,0.));
#5814 = DIRECTION('',(2.163130107417E-02,0.999766016033,-0.));
#5815 = DIRECTION('',(0.999766016033,-2.163130107417E-02,0.));
#5816 = ADVANCED_FACE('',(#5817),#5828,.T.);
#5817 = FACE_BOUND('',#5818,.T.);
#5818 = EDGE_LOOP('',(#5819,#5825,#5826,#5827));
#5819 = ORIENTED_EDGE('',*,*,#5820,.T.);
#5820 = EDGE_CURVE('',#3961,#4711,#5821,.T.);
#5821 = LINE('',#5822,#5823);
#5822 = CARTESIAN_POINT('',(0.,-40.003105,0.));
#5823 = VECTOR('',#5824,1.);
#5824 = DIRECTION('',(0.,0.,1.));
#5825 = ORIENTED_EDGE('',*,*,#4710,.T.);
#5826 = ORIENTED_EDGE('',*,*,#5786,.F.);
#5827 = ORIENTED_EDGE('',*,*,#3960,.F.);
#5828 = PLANE('',#5829);
#5829 = AXIS2_PLACEMENT_3D('',#5830,#5831,#5832);
#5830 = CARTESIAN_POINT('',(0.,-40.003105,0.));
#5831 = DIRECTION('',(-1.,0.,0.));
#5832 = DIRECTION('',(0.,1.,0.));
#5833 = ADVANCED_FACE('',(#5834),#5845,.T.);
#5834 = FACE_BOUND('',#5835,.T.);
#5835 = EDGE_LOOP('',(#5836,#5837,#5838,#5844));
#5836 = ORIENTED_EDGE('',*,*,#5805,.T.);
#5837 = ORIENTED_EDGE('',*,*,#4930,.T.);
#5838 = ORIENTED_EDGE('',*,*,#5839,.F.);
#5839 = EDGE_CURVE('',#4173,#4923,#5840,.T.);
#5840 = LINE('',#5841,#5842);
#5841 = CARTESIAN_POINT('',(88.254766,-1.018623,0.));
#5842 = VECTOR('',#5843,1.);
#5843 = DIRECTION('',(0.,0.,1.));
#5844 = ORIENTED_EDGE('',*,*,#4180,.F.);
#5845 = CYLINDRICAL_SURFACE('',#5846,1.019452334555);
#5846 = AXIS2_PLACEMENT_3D('',#5847,#5848,#5849);
#5847 = CARTESIAN_POINT('',(87.235313665447,-1.018620872782,0.));
#5848 = DIRECTION('',(0.,0.,-1.));
#5849 = DIRECTION('',(4.317154717431E-02,0.999067674142,0.));
#5850 = ADVANCED_FACE('',(#5851),#5862,.T.);
#5851 = FACE_BOUND('',#5852,.T.);
#5852 = EDGE_LOOP('',(#5853,#5859,#5860,#5861));
#5853 = ORIENTED_EDGE('',*,*,#5854,.T.);
#5854 = EDGE_CURVE('',#3969,#4719,#5855,.T.);
#5855 = LINE('',#5856,#5857);
#5856 = CARTESIAN_POINT('',(0.337314,-40.817452,0.));
#5857 = VECTOR('',#5858,1.);
#5858 = DIRECTION('',(0.,0.,1.));
#5859 = ORIENTED_EDGE('',*,*,#4718,.T.);
#5860 = ORIENTED_EDGE('',*,*,#5820,.F.);
#5861 = ORIENTED_EDGE('',*,*,#3968,.F.);
#5862 = CYLINDRICAL_SURFACE('',#5863,1.151672410342);
#5863 = AXIS2_PLACEMENT_3D('',#5864,#5865,#5866);
#5864 = CARTESIAN_POINT('',(1.15167241033,-40.00309966822,0.));
#5865 = DIRECTION('',(0.,0.,-1.));
#5866 = DIRECTION('',(-0.707109420193,-0.70710414217,-0.));
#5867 = ADVANCED_FACE('',(#5868),#5879,.T.);
#5868 = FACE_BOUND('',#5869,.T.);
#5869 = EDGE_LOOP('',(#5870,#5871,#5872,#5878));
#5870 = ORIENTED_EDGE('',*,*,#5839,.T.);
#5871 = ORIENTED_EDGE('',*,*,#4922,.T.);
#5872 = ORIENTED_EDGE('',*,*,#5873,.F.);
#5873 = EDGE_CURVE('',#4164,#4914,#5874,.T.);
#5874 = LINE('',#5875,#5876);
#5875 = CARTESIAN_POINT('',(88.254766,-38.837428,0.));
#5876 = VECTOR('',#5877,1.);
#5877 = DIRECTION('',(0.,0.,1.));
#5878 = ORIENTED_EDGE('',*,*,#4172,.F.);
#5879 = PLANE('',#5880);
#5880 = AXIS2_PLACEMENT_3D('',#5881,#5882,#5883);
#5881 = CARTESIAN_POINT('',(88.254766,-1.018623,0.));
#5882 = DIRECTION('',(1.,0.,-0.));
#5883 = DIRECTION('',(0.,-1.,0.));
#5884 = ADVANCED_FACE('',(#5885),#5896,.T.);
#5885 = FACE_BOUND('',#5886,.T.);
#5886 = EDGE_LOOP('',(#5887,#5893,#5894,#5895));
#5887 = ORIENTED_EDGE('',*,*,#5888,.T.);
#5888 = EDGE_CURVE('',#3978,#4728,#5889,.T.);
#5889 = LINE('',#5890,#5891);
#5890 = CARTESIAN_POINT('',(1.475399,-41.288863,0.));
#5891 = VECTOR('',#5892,1.);
#5892 = DIRECTION('',(0.,0.,1.));
#5893 = ORIENTED_EDGE('',*,*,#4727,.T.);
#5894 = ORIENTED_EDGE('',*,*,#5854,.F.);
#5895 = ORIENTED_EDGE('',*,*,#3977,.F.);
#5896 = CYLINDRICAL_SURFACE('',#5897,1.609481891787);
#5897 = AXIS2_PLACEMENT_3D('',#5898,#5899,#5900);
#5898 = CARTESIAN_POINT('',(1.47539422796,-39.67938110822,0.));
#5899 = DIRECTION('',(0.,0.,-1.));
#5900 = DIRECTION('',(2.964954201368E-06,-0.999999999996,0.));
#5901 = ADVANCED_FACE('',(#5902),#5913,.T.);
#5902 = FACE_BOUND('',#5903,.T.);
#5903 = EDGE_LOOP('',(#5904,#5905,#5906,#5912));
#5904 = ORIENTED_EDGE('',*,*,#5873,.T.);
#5905 = ORIENTED_EDGE('',*,*,#4913,.T.);
#5906 = ORIENTED_EDGE('',*,*,#5907,.F.);
#5907 = EDGE_CURVE('',#4155,#4905,#5908,.T.);
#5908 = LINE('',#5909,#5910);
#5909 = CARTESIAN_POINT('',(87.517455,-40.617452,0.));
#5910 = VECTOR('',#5911,1.);
#5911 = DIRECTION('',(0.,0.,1.));
#5912 = ORIENTED_EDGE('',*,*,#4163,.F.);
#5913 = CYLINDRICAL_SURFACE('',#5914,2.517306922976);
#5914 = AXIS2_PLACEMENT_3D('',#5915,#5916,#5917);
#5915 = CARTESIAN_POINT('',(85.737459077045,-38.83743833187,0.));
#5916 = DIRECTION('',(0.,0.,-1.));
#5917 = DIRECTION('',(0.999999999992,4.104334924228E-06,0.));
#5918 = ADVANCED_FACE('',(#5919),#5930,.T.);
#5919 = FACE_BOUND('',#5920,.T.);
#5920 = EDGE_LOOP('',(#5921,#5927,#5928,#5929));
#5921 = ORIENTED_EDGE('',*,*,#5922,.T.);
#5922 = EDGE_CURVE('',#3987,#4737,#5923,.T.);
#5923 = LINE('',#5924,#5925);
#5924 = CARTESIAN_POINT('',(2.557101,-41.288863,0.));
#5925 = VECTOR('',#5926,1.);
#5926 = DIRECTION('',(0.,0.,1.));
#5927 = ORIENTED_EDGE('',*,*,#4736,.T.);
#5928 = ORIENTED_EDGE('',*,*,#5888,.F.);
#5929 = ORIENTED_EDGE('',*,*,#3986,.F.);
#5930 = PLANE('',#5931);
#5931 = AXIS2_PLACEMENT_3D('',#5932,#5933,#5934);
#5932 = CARTESIAN_POINT('',(2.557101,-41.288863,0.));
#5933 = DIRECTION('',(0.,-1.,0.));
#5934 = DIRECTION('',(-1.,0.,0.));
#5935 = ADVANCED_FACE('',(#5936),#5947,.T.);
#5936 = FACE_BOUND('',#5937,.T.);
#5937 = EDGE_LOOP('',(#5938,#5939,#5940,#5946));
#5938 = ORIENTED_EDGE('',*,*,#5907,.T.);
#5939 = ORIENTED_EDGE('',*,*,#4904,.T.);
#5940 = ORIENTED_EDGE('',*,*,#5941,.F.);
#5941 = EDGE_CURVE('',#4147,#4897,#5942,.T.);
#5942 = LINE('',#5943,#5944);
#5943 = CARTESIAN_POINT('',(85.978852,-41.254763,0.));
#5944 = VECTOR('',#5945,1.);
#5945 = DIRECTION('',(0.,0.,1.));
#5946 = ORIENTED_EDGE('',*,*,#4154,.F.);
#5947 = CYLINDRICAL_SURFACE('',#5948,2.175914633346);
#5948 = AXIS2_PLACEMENT_3D('',#5949,#5950,#5951);
#5949 = CARTESIAN_POINT('',(85.978850648302,-39.07884836665,0.));
#5950 = DIRECTION('',(0.,0.,-1.));
#5951 = DIRECTION('',(0.707106946256,-0.707106616117,0.));
#5952 = ADVANCED_FACE('',(#5953),#5964,.T.);
#5953 = FACE_BOUND('',#5954,.T.);
#5954 = EDGE_LOOP('',(#5955,#5961,#5962,#5963));
#5955 = ORIENTED_EDGE('',*,*,#5956,.T.);
#5956 = EDGE_CURVE('',#3995,#4745,#5957,.T.);
#5957 = LINE('',#5958,#5959);
#5958 = CARTESIAN_POINT('',(2.7,-41.288804,0.));
#5959 = VECTOR('',#5960,1.);
#5960 = DIRECTION('',(0.,0.,1.));
#5961 = ORIENTED_EDGE('',*,*,#4744,.T.);
#5962 = ORIENTED_EDGE('',*,*,#5922,.F.);
#5963 = ORIENTED_EDGE('',*,*,#3994,.F.);
#5964 = PLANE('',#5965);
#5965 = AXIS2_PLACEMENT_3D('',#5966,#5967,#5968);
#5966 = CARTESIAN_POINT('',(2.7,-41.288804,0.));
#5967 = DIRECTION('',(4.128789912555E-04,-0.999999914765,0.));
#5968 = DIRECTION('',(-0.999999914765,-4.128789912555E-04,0.));
#5969 = ADVANCED_FACE('',(#5970),#5981,.T.);
#5970 = FACE_BOUND('',#5971,.T.);
#5971 = EDGE_LOOP('',(#5972,#5973,#5974,#5980));
#5972 = ORIENTED_EDGE('',*,*,#5941,.T.);
#5973 = ORIENTED_EDGE('',*,*,#4896,.T.);
#5974 = ORIENTED_EDGE('',*,*,#5975,.F.);
#5975 = EDGE_CURVE('',#4139,#4889,#5976,.T.);
#5976 = LINE('',#5977,#5978);
#5977 = CARTESIAN_POINT('',(84.927437,-41.254763,0.));
#5978 = VECTOR('',#5979,1.);
#5979 = DIRECTION('',(0.,0.,1.));
#5980 = ORIENTED_EDGE('',*,*,#4146,.F.);
#5981 = PLANE('',#5982);
#5982 = AXIS2_PLACEMENT_3D('',#5983,#5984,#5985);
#5983 = CARTESIAN_POINT('',(85.978852,-41.254763,0.));
#5984 = DIRECTION('',(0.,-1.,0.));
#5985 = DIRECTION('',(-1.,0.,0.));
#5986 = ADVANCED_FACE('',(#5987),#5998,.T.);
#5987 = FACE_BOUND('',#5988,.T.);
#5988 = EDGE_LOOP('',(#5989,#5995,#5996,#5997));
#5989 = ORIENTED_EDGE('',*,*,#5990,.T.);
#5990 = EDGE_CURVE('',#4003,#4753,#5991,.T.);
#5991 = LINE('',#5992,#5993);
#5992 = CARTESIAN_POINT('',(2.7,-47.787355,0.));
#5993 = VECTOR('',#5994,1.);
#5994 = DIRECTION('',(0.,0.,1.));
#5995 = ORIENTED_EDGE('',*,*,#4752,.T.);
#5996 = ORIENTED_EDGE('',*,*,#5956,.F.);
#5997 = ORIENTED_EDGE('',*,*,#4002,.F.);
#5998 = PLANE('',#5999);
#5999 = AXIS2_PLACEMENT_3D('',#6000,#6001,#6002);
#6000 = CARTESIAN_POINT('',(2.7,-47.787355,0.));
#6001 = DIRECTION('',(-1.,0.,0.));
#6002 = DIRECTION('',(0.,1.,0.));
#6003 = ADVANCED_FACE('',(#6004),#6015,.T.);
#6004 = FACE_BOUND('',#6005,.T.);
#6005 = EDGE_LOOP('',(#6006,#6007,#6008,#6014));
#6006 = ORIENTED_EDGE('',*,*,#5975,.T.);
#6007 = ORIENTED_EDGE('',*,*,#4888,.T.);
#6008 = ORIENTED_EDGE('',*,*,#6009,.F.);
#6009 = EDGE_CURVE('',#4131,#4881,#6010,.T.);
#6010 = LINE('',#6011,#6012);
#6011 = CARTESIAN_POINT('',(66.5,-41.262392,0.));
#6012 = VECTOR('',#6013,1.);
#6013 = DIRECTION('',(0.,0.,1.));
#6014 = ORIENTED_EDGE('',*,*,#4138,.F.);
#6015 = PLANE('',#6016);
#6016 = AXIS2_PLACEMENT_3D('',#6017,#6018,#6019);
#6017 = CARTESIAN_POINT('',(84.927437,-41.254763,0.));
#6018 = DIRECTION('',(4.140021939136E-04,-0.999999914301,0.));
#6019 = DIRECTION('',(-0.999999914301,-4.140021939136E-04,0.));
#6020 = ADVANCED_FACE('',(#6021),#6032,.T.);
#6021 = FACE_BOUND('',#6022,.T.);
#6022 = EDGE_LOOP('',(#6023,#6029,#6030,#6031));
#6023 = ORIENTED_EDGE('',*,*,#6024,.T.);
#6024 = EDGE_CURVE('',#4011,#4761,#6025,.T.);
#6025 = LINE('',#6026,#6027);
#6026 = CARTESIAN_POINT('',(3.2,-48.287355,0.));
#6027 = VECTOR('',#6028,1.);
#6028 = DIRECTION('',(0.,0.,1.));
#6029 = ORIENTED_EDGE('',*,*,#4760,.T.);
#6030 = ORIENTED_EDGE('',*,*,#5990,.F.);
#6031 = ORIENTED_EDGE('',*,*,#4010,.F.);
#6032 = PLANE('',#6033);
#6033 = AXIS2_PLACEMENT_3D('',#6034,#6035,#6036);
#6034 = CARTESIAN_POINT('',(3.2,-48.287355,0.));
#6035 = DIRECTION('',(-0.707106781187,-0.707106781187,0.));
#6036 = DIRECTION('',(-0.707106781187,0.707106781187,0.));
#6037 = ADVANCED_FACE('',(#6038),#6049,.T.);
#6038 = FACE_BOUND('',#6039,.T.);
#6039 = EDGE_LOOP('',(#6040,#6041,#6042,#6048));
#6040 = ORIENTED_EDGE('',*,*,#6009,.T.);
#6041 = ORIENTED_EDGE('',*,*,#4880,.T.);
#6042 = ORIENTED_EDGE('',*,*,#6043,.F.);
#6043 = EDGE_CURVE('',#4123,#4873,#6044,.T.);
#6044 = LINE('',#6045,#6046);
#6045 = CARTESIAN_POINT('',(66.5,-47.763841,0.));
#6046 = VECTOR('',#6047,1.);
#6047 = DIRECTION('',(0.,0.,1.));
#6048 = ORIENTED_EDGE('',*,*,#4130,.F.);
#6049 = PLANE('',#6050);
#6050 = AXIS2_PLACEMENT_3D('',#6051,#6052,#6053);
#6051 = CARTESIAN_POINT('',(66.5,-41.262392,0.));
#6052 = DIRECTION('',(1.,0.,-0.));
#6053 = DIRECTION('',(0.,-1.,0.));
#6054 = ADVANCED_FACE('',(#6055),#6066,.T.);
#6055 = FACE_BOUND('',#6056,.T.);
#6056 = EDGE_LOOP('',(#6057,#6063,#6064,#6065));
#6057 = ORIENTED_EDGE('',*,*,#6058,.T.);
#6058 = EDGE_CURVE('',#4019,#4769,#6059,.T.);
#6059 = LINE('',#6060,#6061);
#6060 = CARTESIAN_POINT('',(9.2,-48.287355,0.));
#6061 = VECTOR('',#6062,1.);
#6062 = DIRECTION('',(0.,0.,1.));
#6063 = ORIENTED_EDGE('',*,*,#4768,.T.);
#6064 = ORIENTED_EDGE('',*,*,#6024,.F.);
#6065 = ORIENTED_EDGE('',*,*,#4018,.F.);
#6066 = PLANE('',#6067);
#6067 = AXIS2_PLACEMENT_3D('',#6068,#6069,#6070);
#6068 = CARTESIAN_POINT('',(9.2,-48.287355,0.));
#6069 = DIRECTION('',(0.,-1.,0.));
#6070 = DIRECTION('',(-1.,0.,0.));
#6071 = ADVANCED_FACE('',(#6072),#6083,.T.);
#6072 = FACE_BOUND('',#6073,.T.);
#6073 = EDGE_LOOP('',(#6074,#6075,#6076,#6082));
#6074 = ORIENTED_EDGE('',*,*,#6043,.T.);
#6075 = ORIENTED_EDGE('',*,*,#4872,.T.);
#6076 = ORIENTED_EDGE('',*,*,#6077,.F.);
#6077 = EDGE_CURVE('',#4115,#4865,#6078,.T.);
#6078 = LINE('',#6079,#6080);
#6079 = CARTESIAN_POINT('',(66.,-48.263841,0.));
#6080 = VECTOR('',#6081,1.);
#6081 = DIRECTION('',(0.,0.,1.));
#6082 = ORIENTED_EDGE('',*,*,#4122,.F.);
#6083 = PLANE('',#6084);
#6084 = AXIS2_PLACEMENT_3D('',#6085,#6086,#6087);
#6085 = CARTESIAN_POINT('',(66.5,-47.763841,0.));
#6086 = DIRECTION('',(0.707106781187,-0.707106781187,0.));
#6087 = DIRECTION('',(-0.707106781187,-0.707106781187,0.));
#6088 = ADVANCED_FACE('',(#6089),#6100,.T.);
#6089 = FACE_BOUND('',#6090,.T.);
#6090 = EDGE_LOOP('',(#6091,#6097,#6098,#6099));
#6091 = ORIENTED_EDGE('',*,*,#6092,.T.);
#6092 = EDGE_CURVE('',#4027,#4777,#6093,.T.);
#6093 = LINE('',#6094,#6095);
#6094 = CARTESIAN_POINT('',(9.7,-47.787355,0.));
#6095 = VECTOR('',#6096,1.);
#6096 = DIRECTION('',(0.,0.,1.));
#6097 = ORIENTED_EDGE('',*,*,#4776,.T.);
#6098 = ORIENTED_EDGE('',*,*,#6058,.F.);
#6099 = ORIENTED_EDGE('',*,*,#4026,.F.);
#6100 = PLANE('',#6101);
#6101 = AXIS2_PLACEMENT_3D('',#6102,#6103,#6104);
#6102 = CARTESIAN_POINT('',(9.7,-47.787355,0.));
#6103 = DIRECTION('',(0.707106781187,-0.707106781187,0.));
#6104 = DIRECTION('',(-0.707106781187,-0.707106781187,0.));
#6105 = ADVANCED_FACE('',(#6106),#6117,.T.);
#6106 = FACE_BOUND('',#6107,.T.);
#6107 = EDGE_LOOP('',(#6108,#6109,#6110,#6116));
#6108 = ORIENTED_EDGE('',*,*,#6077,.T.);
#6109 = ORIENTED_EDGE('',*,*,#4864,.T.);
#6110 = ORIENTED_EDGE('',*,*,#6111,.F.);
#6111 = EDGE_CURVE('',#4107,#4857,#6112,.T.);
#6112 = LINE('',#6113,#6114);
#6113 = CARTESIAN_POINT('',(60.,-48.263841,0.));
#6114 = VECTOR('',#6115,1.);
#6115 = DIRECTION('',(0.,0.,1.));
#6116 = ORIENTED_EDGE('',*,*,#4114,.F.);
#6117 = PLANE('',#6118);
#6118 = AXIS2_PLACEMENT_3D('',#6119,#6120,#6121);
#6119 = CARTESIAN_POINT('',(66.,-48.263841,0.));
#6120 = DIRECTION('',(0.,-1.,0.));
#6121 = DIRECTION('',(-1.,0.,0.));
#6122 = ADVANCED_FACE('',(#6123),#6134,.T.);
#6123 = FACE_BOUND('',#6124,.T.);
#6124 = EDGE_LOOP('',(#6125,#6131,#6132,#6133));
#6125 = ORIENTED_EDGE('',*,*,#6126,.T.);
#6126 = EDGE_CURVE('',#4035,#4785,#6127,.T.);
#6127 = LINE('',#6128,#6129);
#6128 = CARTESIAN_POINT('',(9.7,-41.285906,0.));
#6129 = VECTOR('',#6130,1.);
#6130 = DIRECTION('',(0.,0.,1.));
#6131 = ORIENTED_EDGE('',*,*,#4784,.T.);
#6132 = ORIENTED_EDGE('',*,*,#6092,.F.);
#6133 = ORIENTED_EDGE('',*,*,#4034,.F.);
#6134 = PLANE('',#6135);
#6135 = AXIS2_PLACEMENT_3D('',#6136,#6137,#6138);
#6136 = CARTESIAN_POINT('',(9.7,-41.285906,0.));
#6137 = DIRECTION('',(1.,0.,-0.));
#6138 = DIRECTION('',(0.,-1.,0.));
#6139 = ADVANCED_FACE('',(#6140),#6151,.T.);
#6140 = FACE_BOUND('',#6141,.T.);
#6141 = EDGE_LOOP('',(#6142,#6143,#6144,#6150));
#6142 = ORIENTED_EDGE('',*,*,#6111,.T.);
#6143 = ORIENTED_EDGE('',*,*,#4856,.T.);
#6144 = ORIENTED_EDGE('',*,*,#6145,.F.);
#6145 = EDGE_CURVE('',#4099,#4849,#6146,.T.);
#6146 = LINE('',#6147,#6148);
#6147 = CARTESIAN_POINT('',(59.5,-47.763841,0.));
#6148 = VECTOR('',#6149,1.);
#6149 = DIRECTION('',(0.,0.,1.));
#6150 = ORIENTED_EDGE('',*,*,#4106,.F.);
#6151 = PLANE('',#6152);
#6152 = AXIS2_PLACEMENT_3D('',#6153,#6154,#6155);
#6153 = CARTESIAN_POINT('',(60.,-48.263841,0.));
#6154 = DIRECTION('',(-0.707106781187,-0.707106781187,0.));
#6155 = DIRECTION('',(-0.707106781187,0.707106781187,0.));
#6156 = ADVANCED_FACE('',(#6157),#6168,.T.);
#6157 = FACE_BOUND('',#6158,.T.);
#6158 = EDGE_LOOP('',(#6159,#6165,#6166,#6167));
#6159 = ORIENTED_EDGE('',*,*,#6160,.T.);
#6160 = EDGE_CURVE('',#4043,#4793,#6161,.T.);
#6161 = LINE('',#6162,#6163);
#6162 = CARTESIAN_POINT('',(13.,-41.28454,0.));
#6163 = VECTOR('',#6164,1.);
#6164 = DIRECTION('',(0.,0.,1.));
#6165 = ORIENTED_EDGE('',*,*,#4792,.T.);
#6166 = ORIENTED_EDGE('',*,*,#6126,.F.);
#6167 = ORIENTED_EDGE('',*,*,#4042,.F.);
#6168 = PLANE('',#6169);
#6169 = AXIS2_PLACEMENT_3D('',#6170,#6171,#6172);
#6170 = CARTESIAN_POINT('',(13.,-41.28454,0.));
#6171 = DIRECTION('',(4.139393584752E-04,-0.999999914327,0.));
#6172 = DIRECTION('',(-0.999999914327,-4.139393584752E-04,0.));
#6173 = ADVANCED_FACE('',(#6174),#6185,.T.);
#6174 = FACE_BOUND('',#6175,.T.);
#6175 = EDGE_LOOP('',(#6176,#6177,#6178,#6184));
#6176 = ORIENTED_EDGE('',*,*,#6145,.T.);
#6177 = ORIENTED_EDGE('',*,*,#4848,.T.);
#6178 = ORIENTED_EDGE('',*,*,#6179,.F.);
#6179 = EDGE_CURVE('',#4091,#4841,#6180,.T.);
#6180 = LINE('',#6181,#6182);
#6181 = CARTESIAN_POINT('',(59.5,-41.26529,0.));
#6182 = VECTOR('',#6183,1.);
#6183 = DIRECTION('',(0.,0.,1.));
#6184 = ORIENTED_EDGE('',*,*,#4098,.F.);
#6185 = PLANE('',#6186);
#6186 = AXIS2_PLACEMENT_3D('',#6187,#6188,#6189);
#6187 = CARTESIAN_POINT('',(59.5,-47.763841,0.));
#6188 = DIRECTION('',(-1.,0.,0.));
#6189 = DIRECTION('',(0.,1.,0.));
#6190 = ADVANCED_FACE('',(#6191),#6202,.T.);
#6191 = FACE_BOUND('',#6192,.T.);
#6192 = EDGE_LOOP('',(#6193,#6199,#6200,#6201));
#6193 = ORIENTED_EDGE('',*,*,#6194,.T.);
#6194 = EDGE_CURVE('',#4051,#4801,#6195,.T.);
#6195 = LINE('',#6196,#6197);
#6196 = CARTESIAN_POINT('',(13.,-50.775846,0.));
#6197 = VECTOR('',#6198,1.);
#6198 = DIRECTION('',(0.,0.,1.));
#6199 = ORIENTED_EDGE('',*,*,#4800,.T.);
#6200 = ORIENTED_EDGE('',*,*,#6160,.F.);
#6201 = ORIENTED_EDGE('',*,*,#4050,.F.);
#6202 = PLANE('',#6203);
#6203 = AXIS2_PLACEMENT_3D('',#6204,#6205,#6206);
#6204 = CARTESIAN_POINT('',(13.,-50.775846,0.));
#6205 = DIRECTION('',(-1.,0.,0.));
#6206 = DIRECTION('',(0.,1.,0.));
#6207 = ADVANCED_FACE('',(#6208),#6219,.T.);
#6208 = FACE_BOUND('',#6209,.T.);
#6209 = EDGE_LOOP('',(#6210,#6211,#6212,#6218));
#6210 = ORIENTED_EDGE('',*,*,#6179,.T.);
#6211 = ORIENTED_EDGE('',*,*,#4840,.T.);
#6212 = ORIENTED_EDGE('',*,*,#6213,.F.);
#6213 = EDGE_CURVE('',#4083,#4833,#6214,.T.);
#6214 = LINE('',#6215,#6216);
#6215 = CARTESIAN_POINT('',(55.,-41.267152,0.));
#6216 = VECTOR('',#6217,1.);
#6217 = DIRECTION('',(0.,0.,1.));
#6218 = ORIENTED_EDGE('',*,*,#4090,.F.);
#6219 = PLANE('',#6220);
#6220 = AXIS2_PLACEMENT_3D('',#6221,#6222,#6223);
#6221 = CARTESIAN_POINT('',(59.5,-41.26529,0.));
#6222 = DIRECTION('',(4.137777423565E-04,-0.999999914394,0.));
#6223 = DIRECTION('',(-0.999999914394,-4.137777423565E-04,0.));
#6224 = ADVANCED_FACE('',(#6225),#6236,.T.);
#6225 = FACE_BOUND('',#6226,.T.);
#6226 = EDGE_LOOP('',(#6227,#6233,#6234,#6235));
#6227 = ORIENTED_EDGE('',*,*,#6228,.T.);
#6228 = EDGE_CURVE('',#4059,#4809,#6229,.T.);
#6229 = LINE('',#6230,#6231);
#6230 = CARTESIAN_POINT('',(13.5,-51.275846,0.));
#6231 = VECTOR('',#6232,1.);
#6232 = DIRECTION('',(0.,0.,1.));
#6233 = ORIENTED_EDGE('',*,*,#4808,.T.);
#6234 = ORIENTED_EDGE('',*,*,#6194,.F.);
#6235 = ORIENTED_EDGE('',*,*,#4058,.F.);
#6236 = PLANE('',#6237);
#6237 = AXIS2_PLACEMENT_3D('',#6238,#6239,#6240);
#6238 = CARTESIAN_POINT('',(13.5,-51.275846,0.));
#6239 = DIRECTION('',(-0.707106781187,-0.707106781187,0.));
#6240 = DIRECTION('',(-0.707106781187,0.707106781187,0.));
#6241 = ADVANCED_FACE('',(#6242),#6253,.T.);
#6242 = FACE_BOUND('',#6243,.T.);
#6243 = EDGE_LOOP('',(#6244,#6245,#6246,#6252));
#6244 = ORIENTED_EDGE('',*,*,#6213,.T.);
#6245 = ORIENTED_EDGE('',*,*,#4832,.T.);
#6246 = ORIENTED_EDGE('',*,*,#6247,.F.);
#6247 = EDGE_CURVE('',#4075,#4825,#6248,.T.);
#6248 = LINE('',#6249,#6250);
#6249 = CARTESIAN_POINT('',(55.,-50.775846,0.));
#6250 = VECTOR('',#6251,1.);
#6251 = DIRECTION('',(0.,0.,1.));
#6252 = ORIENTED_EDGE('',*,*,#4082,.F.);
#6253 = PLANE('',#6254);
#6254 = AXIS2_PLACEMENT_3D('',#6255,#6256,#6257);
#6255 = CARTESIAN_POINT('',(55.,-41.267152,0.));
#6256 = DIRECTION('',(1.,0.,-0.));
#6257 = DIRECTION('',(0.,-1.,0.));
#6258 = ADVANCED_FACE('',(#6259),#6270,.T.);
#6259 = FACE_BOUND('',#6260,.T.);
#6260 = EDGE_LOOP('',(#6261,#6267,#6268,#6269));
#6261 = ORIENTED_EDGE('',*,*,#6262,.T.);
#6262 = EDGE_CURVE('',#4067,#4817,#6263,.T.);
#6263 = LINE('',#6264,#6265);
#6264 = CARTESIAN_POINT('',(54.5,-51.275846,0.));
#6265 = VECTOR('',#6266,1.);
#6266 = DIRECTION('',(0.,0.,1.));
#6267 = ORIENTED_EDGE('',*,*,#4816,.T.);
#6268 = ORIENTED_EDGE('',*,*,#6228,.F.);
#6269 = ORIENTED_EDGE('',*,*,#4066,.F.);
#6270 = PLANE('',#6271);
#6271 = AXIS2_PLACEMENT_3D('',#6272,#6273,#6274);
#6272 = CARTESIAN_POINT('',(54.5,-51.275846,0.));
#6273 = DIRECTION('',(0.,-1.,0.));
#6274 = DIRECTION('',(-1.,0.,0.));
#6275 = ADVANCED_FACE('',(#6276),#6282,.T.);
#6276 = FACE_BOUND('',#6277,.T.);
#6277 = EDGE_LOOP('',(#6278,#6279,#6280,#6281));
#6278 = ORIENTED_EDGE('',*,*,#6247,.T.);
#6279 = ORIENTED_EDGE('',*,*,#4824,.T.);
#6280 = ORIENTED_EDGE('',*,*,#6262,.F.);
#6281 = ORIENTED_EDGE('',*,*,#4074,.F.);
#6282 = PLANE('',#6283);
#6283 = AXIS2_PLACEMENT_3D('',#6284,#6285,#6286);
#6284 = CARTESIAN_POINT('',(55.,-50.775846,0.));
#6285 = DIRECTION('',(0.707106781187,-0.707106781187,0.));
#6286 = DIRECTION('',(-0.707106781187,-0.707106781187,0.));
#6287 = ADVANCED_FACE('',(#6288),#6299,.F.);
#6288 = FACE_BOUND('',#6289,.T.);
#6289 = EDGE_LOOP('',(#6290,#6291,#6297,#6298));
#6290 = ORIENTED_EDGE('',*,*,#4302,.T.);
#6291 = ORIENTED_EDGE('',*,*,#6292,.T.);
#6292 = EDGE_CURVE('',#4303,#5053,#6293,.T.);
#6293 = LINE('',#6294,#6295);
#6294 = CARTESIAN_POINT('',(6.2,-47.487355,-8.1E-02));
#6295 = VECTOR('',#6296,1.);
#6296 = DIRECTION('',(0.,0.,1.));
#6297 = ORIENTED_EDGE('',*,*,#5052,.F.);
#6298 = ORIENTED_EDGE('',*,*,#6292,.F.);
#6299 = CYLINDRICAL_SURFACE('',#6300,2.2);
#6300 = AXIS2_PLACEMENT_3D('',#6301,#6302,#6303);
#6301 = CARTESIAN_POINT('',(6.2,-45.287355,-8.1E-02));
#6302 = DIRECTION('',(-0.,-0.,-1.));
#6303 = DIRECTION('',(-0.,-1.,0.));
#6304 = ADVANCED_FACE('',(#6305),#6316,.F.);
#6305 = FACE_BOUND('',#6306,.T.);
#6306 = EDGE_LOOP('',(#6307,#6308,#6314,#6315));
#6307 = ORIENTED_EDGE('',*,*,#4313,.T.);
#6308 = ORIENTED_EDGE('',*,*,#6309,.T.);
#6309 = EDGE_CURVE('',#4314,#5064,#6310,.T.);
#6310 = LINE('',#6311,#6312);
#6311 = CARTESIAN_POINT('',(6.,-39.05,-8.1E-02));
#6312 = VECTOR('',#6313,1.);
#6313 = DIRECTION('',(0.,0.,1.));
#6314 = ORIENTED_EDGE('',*,*,#5063,.F.);
#6315 = ORIENTED_EDGE('',*,*,#6309,.F.);
#6316 = CYLINDRICAL_SURFACE('',#6317,0.55);
#6317 = AXIS2_PLACEMENT_3D('',#6318,#6319,#6320);
#6318 = CARTESIAN_POINT('',(6.,-38.5,-8.1E-02));
#6319 = DIRECTION('',(-0.,-0.,-1.));
#6320 = DIRECTION('',(-0.,-1.,0.));
#6321 = ADVANCED_FACE('',(#6322),#6333,.F.);
#6322 = FACE_BOUND('',#6323,.T.);
#6323 = EDGE_LOOP('',(#6324,#6325,#6331,#6332));
#6324 = ORIENTED_EDGE('',*,*,#4324,.T.);
#6325 = ORIENTED_EDGE('',*,*,#6326,.T.);
#6326 = EDGE_CURVE('',#4325,#5075,#6327,.T.);
#6327 = LINE('',#6328,#6329);
#6328 = CARTESIAN_POINT('',(8.54,-39.05,-8.1E-02));
#6329 = VECTOR('',#6330,1.);
#6330 = DIRECTION('',(0.,0.,1.));
#6331 = ORIENTED_EDGE('',*,*,#5074,.F.);
#6332 = ORIENTED_EDGE('',*,*,#6326,.F.);
#6333 = CYLINDRICAL_SURFACE('',#6334,0.55);
#6334 = AXIS2_PLACEMENT_3D('',#6335,#6336,#6337);
#6335 = CARTESIAN_POINT('',(8.54,-38.5,-8.1E-02));
#6336 = DIRECTION('',(-0.,-0.,-1.));
#6337 = DIRECTION('',(-0.,-1.,0.));
#6338 = ADVANCED_FACE('',(#6339),#6350,.F.);
#6339 = FACE_BOUND('',#6340,.T.);
#6340 = EDGE_LOOP('',(#6341,#6342,#6348,#6349));
#6341 = ORIENTED_EDGE('',*,*,#4335,.T.);
#6342 = ORIENTED_EDGE('',*,*,#6343,.T.);
#6343 = EDGE_CURVE('',#4336,#5086,#6344,.T.);
#6344 = LINE('',#6345,#6346);
#6345 = CARTESIAN_POINT('',(13.,-39.05,-8.1E-02));
#6346 = VECTOR('',#6347,1.);
#6347 = DIRECTION('',(0.,0.,1.));
#6348 = ORIENTED_EDGE('',*,*,#5085,.F.);
#6349 = ORIENTED_EDGE('',*,*,#6343,.F.);
#6350 = CYLINDRICAL_SURFACE('',#6351,0.55);
#6351 = AXIS2_PLACEMENT_3D('',#6352,#6353,#6354);
#6352 = CARTESIAN_POINT('',(13.,-38.5,-8.1E-02));
#6353 = DIRECTION('',(-0.,-0.,-1.));
#6354 = DIRECTION('',(-0.,-1.,0.));
#6355 = ADVANCED_FACE('',(#6356),#6367,.F.);
#6356 = FACE_BOUND('',#6357,.T.);
#6357 = EDGE_LOOP('',(#6358,#6359,#6365,#6366));
#6358 = ORIENTED_EDGE('',*,*,#4346,.T.);
#6359 = ORIENTED_EDGE('',*,*,#6360,.T.);
#6360 = EDGE_CURVE('',#4347,#5097,#6361,.T.);
#6361 = LINE('',#6362,#6363);
#6362 = CARTESIAN_POINT('',(15.54,-39.05,-8.1E-02));
#6363 = VECTOR('',#6364,1.);
#6364 = DIRECTION('',(0.,0.,1.));
#6365 = ORIENTED_EDGE('',*,*,#5096,.F.);
#6366 = ORIENTED_EDGE('',*,*,#6360,.F.);
#6367 = CYLINDRICAL_SURFACE('',#6368,0.55);
#6368 = AXIS2_PLACEMENT_3D('',#6369,#6370,#6371);
#6369 = CARTESIAN_POINT('',(15.54,-38.5,-8.1E-02));
#6370 = DIRECTION('',(-0.,-0.,-1.));
#6371 = DIRECTION('',(-0.,-1.,0.));
#6372 = ADVANCED_FACE('',(#6373),#6384,.F.);
#6373 = FACE_BOUND('',#6374,.T.);
#6374 = EDGE_LOOP('',(#6375,#6376,#6382,#6383));
#6375 = ORIENTED_EDGE('',*,*,#4357,.T.);
#6376 = ORIENTED_EDGE('',*,*,#6377,.T.);
#6377 = EDGE_CURVE('',#4358,#5108,#6378,.T.);
#6378 = LINE('',#6379,#6380);
#6379 = CARTESIAN_POINT('',(3.98,-22.84,-8.1E-02));
#6380 = VECTOR('',#6381,1.);
#6381 = DIRECTION('',(0.,0.,1.));
#6382 = ORIENTED_EDGE('',*,*,#5107,.F.);
#6383 = ORIENTED_EDGE('',*,*,#6377,.F.);
#6384 = CYLINDRICAL_SURFACE('',#6385,1.5);
#6385 = AXIS2_PLACEMENT_3D('',#6386,#6387,#6388);
#6386 = CARTESIAN_POINT('',(3.98,-21.34,-8.1E-02));
#6387 = DIRECTION('',(-0.,-0.,-1.));
#6388 = DIRECTION('',(-2.960594732334E-16,-1.,0.));
#6389 = ADVANCED_FACE('',(#6390),#6401,.F.);
#6390 = FACE_BOUND('',#6391,.T.);
#6391 = EDGE_LOOP('',(#6392,#6393,#6399,#6400));
#6392 = ORIENTED_EDGE('',*,*,#4368,.T.);
#6393 = ORIENTED_EDGE('',*,*,#6394,.T.);
#6394 = EDGE_CURVE('',#4369,#5119,#6395,.T.);
#6395 = LINE('',#6396,#6397);
#6396 = CARTESIAN_POINT('',(8.3,-24.01,-8.1E-02));
#6397 = VECTOR('',#6398,1.);
#6398 = DIRECTION('',(0.,0.,1.));
#6399 = ORIENTED_EDGE('',*,*,#5118,.F.);
#6400 = ORIENTED_EDGE('',*,*,#6394,.F.);
#6401 = CYLINDRICAL_SURFACE('',#6402,0.51);
#6402 = AXIS2_PLACEMENT_3D('',#6403,#6404,#6405);
#6403 = CARTESIAN_POINT('',(8.3,-23.5,-8.1E-02));
#6404 = DIRECTION('',(-0.,-0.,-1.));
#6405 = DIRECTION('',(-0.,-1.,0.));
#6406 = ADVANCED_FACE('',(#6407),#6418,.F.);
#6407 = FACE_BOUND('',#6408,.T.);
#6408 = EDGE_LOOP('',(#6409,#6410,#6416,#6417));
#6409 = ORIENTED_EDGE('',*,*,#4379,.T.);
#6410 = ORIENTED_EDGE('',*,*,#6411,.T.);
#6411 = EDGE_CURVE('',#4380,#5130,#6412,.T.);
#6412 = LINE('',#6413,#6414);
#6413 = CARTESIAN_POINT('',(11.3,-24.01,-8.1E-02));
#6414 = VECTOR('',#6415,1.);
#6415 = DIRECTION('',(0.,0.,1.));
#6416 = ORIENTED_EDGE('',*,*,#5129,.F.);
#6417 = ORIENTED_EDGE('',*,*,#6411,.F.);
#6418 = CYLINDRICAL_SURFACE('',#6419,0.51);
#6419 = AXIS2_PLACEMENT_3D('',#6420,#6421,#6422);
#6420 = CARTESIAN_POINT('',(11.3,-23.5,-8.1E-02));
#6421 = DIRECTION('',(-0.,-0.,-1.));
#6422 = DIRECTION('',(-0.,-1.,0.));
#6423 = ADVANCED_FACE('',(#6424),#6435,.F.);
#6424 = FACE_BOUND('',#6425,.T.);
#6425 = EDGE_LOOP('',(#6426,#6427,#6433,#6434));
#6426 = ORIENTED_EDGE('',*,*,#4390,.T.);
#6427 = ORIENTED_EDGE('',*,*,#6428,.T.);
#6428 = EDGE_CURVE('',#4391,#5141,#6429,.T.);
#6429 = LINE('',#6430,#6431);
#6430 = CARTESIAN_POINT('',(63.,-47.463841,-8.1E-02));
#6431 = VECTOR('',#6432,1.);
#6432 = DIRECTION('',(0.,0.,1.));
#6433 = ORIENTED_EDGE('',*,*,#5140,.F.);
#6434 = ORIENTED_EDGE('',*,*,#6428,.F.);
#6435 = CYLINDRICAL_SURFACE('',#6436,2.2);
#6436 = AXIS2_PLACEMENT_3D('',#6437,#6438,#6439);
#6437 = CARTESIAN_POINT('',(63.,-45.263841,-8.1E-02));
#6438 = DIRECTION('',(-0.,-0.,-1.));
#6439 = DIRECTION('',(-0.,-1.,0.));
#6440 = ADVANCED_FACE('',(#6441),#6452,.F.);
#6441 = FACE_BOUND('',#6442,.T.);
#6442 = EDGE_LOOP('',(#6443,#6444,#6450,#6451));
#6443 = ORIENTED_EDGE('',*,*,#4401,.T.);
#6444 = ORIENTED_EDGE('',*,*,#6445,.T.);
#6445 = EDGE_CURVE('',#4402,#5152,#6446,.T.);
#6446 = LINE('',#6447,#6448);
#6447 = CARTESIAN_POINT('',(8.3,-21.01,-8.1E-02));
#6448 = VECTOR('',#6449,1.);
#6449 = DIRECTION('',(0.,0.,1.));
#6450 = ORIENTED_EDGE('',*,*,#5151,.F.);
#6451 = ORIENTED_EDGE('',*,*,#6445,.F.);
#6452 = CYLINDRICAL_SURFACE('',#6453,0.51);
#6453 = AXIS2_PLACEMENT_3D('',#6454,#6455,#6456);
#6454 = CARTESIAN_POINT('',(8.3,-20.5,-8.1E-02));
#6455 = DIRECTION('',(-0.,-0.,-1.));
#6456 = DIRECTION('',(-0.,-1.,0.));
#6457 = ADVANCED_FACE('',(#6458),#6469,.F.);
#6458 = FACE_BOUND('',#6459,.T.);
#6459 = EDGE_LOOP('',(#6460,#6461,#6467,#6468));
#6460 = ORIENTED_EDGE('',*,*,#4412,.T.);
#6461 = ORIENTED_EDGE('',*,*,#6462,.T.);
#6462 = EDGE_CURVE('',#4413,#5163,#6463,.T.);
#6463 = LINE('',#6464,#6465);
#6464 = CARTESIAN_POINT('',(11.3,-21.01,-8.1E-02));
#6465 = VECTOR('',#6466,1.);
#6466 = DIRECTION('',(0.,0.,1.));
#6467 = ORIENTED_EDGE('',*,*,#5162,.F.);
#6468 = ORIENTED_EDGE('',*,*,#6462,.F.);
#6469 = CYLINDRICAL_SURFACE('',#6470,0.51);
#6470 = AXIS2_PLACEMENT_3D('',#6471,#6472,#6473);
#6471 = CARTESIAN_POINT('',(11.3,-20.5,-8.1E-02));
#6472 = DIRECTION('',(-0.,-0.,-1.));
#6473 = DIRECTION('',(-0.,-1.,0.));
#6474 = ADVANCED_FACE('',(#6475),#6486,.F.);
#6475 = FACE_BOUND('',#6476,.T.);
#6476 = EDGE_LOOP('',(#6477,#6478,#6484,#6485));
#6477 = ORIENTED_EDGE('',*,*,#4423,.T.);
#6478 = ORIENTED_EDGE('',*,*,#6479,.T.);
#6479 = EDGE_CURVE('',#4424,#5174,#6480,.T.);
#6480 = LINE('',#6481,#6482);
#6481 = CARTESIAN_POINT('',(8.3,-18.01,-8.1E-02));
#6482 = VECTOR('',#6483,1.);
#6483 = DIRECTION('',(0.,0.,1.));
#6484 = ORIENTED_EDGE('',*,*,#5173,.F.);
#6485 = ORIENTED_EDGE('',*,*,#6479,.F.);
#6486 = CYLINDRICAL_SURFACE('',#6487,0.51);
#6487 = AXIS2_PLACEMENT_3D('',#6488,#6489,#6490);
#6488 = CARTESIAN_POINT('',(8.3,-17.5,-8.1E-02));
#6489 = DIRECTION('',(-0.,-0.,-1.));
#6490 = DIRECTION('',(-0.,-1.,0.));
#6491 = ADVANCED_FACE('',(#6492),#6503,.F.);
#6492 = FACE_BOUND('',#6493,.T.);
#6493 = EDGE_LOOP('',(#6494,#6495,#6501,#6502));
#6494 = ORIENTED_EDGE('',*,*,#4434,.T.);
#6495 = ORIENTED_EDGE('',*,*,#6496,.T.);
#6496 = EDGE_CURVE('',#4435,#5185,#6497,.T.);
#6497 = LINE('',#6498,#6499);
#6498 = CARTESIAN_POINT('',(11.3,-18.01,-8.1E-02));
#6499 = VECTOR('',#6500,1.);
#6500 = DIRECTION('',(0.,0.,1.));
#6501 = ORIENTED_EDGE('',*,*,#5184,.F.);
#6502 = ORIENTED_EDGE('',*,*,#6496,.F.);
#6503 = CYLINDRICAL_SURFACE('',#6504,0.51);
#6504 = AXIS2_PLACEMENT_3D('',#6505,#6506,#6507);
#6505 = CARTESIAN_POINT('',(11.3,-17.5,-8.1E-02));
#6506 = DIRECTION('',(-0.,-0.,-1.));
#6507 = DIRECTION('',(-0.,-1.,0.));
#6508 = ADVANCED_FACE('',(#6509),#6520,.F.);
#6509 = FACE_BOUND('',#6510,.T.);
#6510 = EDGE_LOOP('',(#6511,#6512,#6518,#6519));
#6511 = ORIENTED_EDGE('',*,*,#4445,.T.);
#6512 = ORIENTED_EDGE('',*,*,#6513,.T.);
#6513 = EDGE_CURVE('',#4446,#5196,#6514,.T.);
#6514 = LINE('',#6515,#6516);
#6515 = CARTESIAN_POINT('',(8.3,-15.01,-8.1E-02));
#6516 = VECTOR('',#6517,1.);
#6517 = DIRECTION('',(0.,0.,1.));
#6518 = ORIENTED_EDGE('',*,*,#5195,.F.);
#6519 = ORIENTED_EDGE('',*,*,#6513,.F.);
#6520 = CYLINDRICAL_SURFACE('',#6521,0.51);
#6521 = AXIS2_PLACEMENT_3D('',#6522,#6523,#6524);
#6522 = CARTESIAN_POINT('',(8.3,-14.5,-8.1E-02));
#6523 = DIRECTION('',(-0.,-0.,-1.));
#6524 = DIRECTION('',(-0.,-1.,0.));
#6525 = ADVANCED_FACE('',(#6526),#6537,.F.);
#6526 = FACE_BOUND('',#6527,.T.);
#6527 = EDGE_LOOP('',(#6528,#6529,#6535,#6536));
#6528 = ORIENTED_EDGE('',*,*,#4456,.T.);
#6529 = ORIENTED_EDGE('',*,*,#6530,.T.);
#6530 = EDGE_CURVE('',#4457,#5207,#6531,.T.);
#6531 = LINE('',#6532,#6533);
#6532 = CARTESIAN_POINT('',(11.3,-15.01,-8.1E-02));
#6533 = VECTOR('',#6534,1.);
#6534 = DIRECTION('',(0.,0.,1.));
#6535 = ORIENTED_EDGE('',*,*,#5206,.F.);
#6536 = ORIENTED_EDGE('',*,*,#6530,.F.);
#6537 = CYLINDRICAL_SURFACE('',#6538,0.51);
#6538 = AXIS2_PLACEMENT_3D('',#6539,#6540,#6541);
#6539 = CARTESIAN_POINT('',(11.3,-14.5,-8.1E-02));
#6540 = DIRECTION('',(-0.,-0.,-1.));
#6541 = DIRECTION('',(-0.,-1.,0.));
#6542 = ADVANCED_FACE('',(#6543),#6554,.F.);
#6543 = FACE_BOUND('',#6544,.T.);
#6544 = EDGE_LOOP('',(#6545,#6546,#6552,#6553));
#6545 = ORIENTED_EDGE('',*,*,#4467,.T.);
#6546 = ORIENTED_EDGE('',*,*,#6547,.T.);
#6547 = EDGE_CURVE('',#4468,#5218,#6548,.T.);
#6548 = LINE('',#6549,#6550);
#6549 = CARTESIAN_POINT('',(3.98,-12.14,-8.1E-02));
#6550 = VECTOR('',#6551,1.);
#6551 = DIRECTION('',(0.,0.,1.));
#6552 = ORIENTED_EDGE('',*,*,#5217,.F.);
#6553 = ORIENTED_EDGE('',*,*,#6547,.F.);
#6554 = CYLINDRICAL_SURFACE('',#6555,1.5);
#6555 = AXIS2_PLACEMENT_3D('',#6556,#6557,#6558);
#6556 = CARTESIAN_POINT('',(3.98,-10.64,-8.1E-02));
#6557 = DIRECTION('',(-0.,-0.,-1.));
#6558 = DIRECTION('',(-2.960594732334E-16,-1.,0.));
#6559 = ADVANCED_FACE('',(#6560),#6571,.F.);
#6560 = FACE_BOUND('',#6561,.T.);
#6561 = EDGE_LOOP('',(#6562,#6563,#6569,#6570));
#6562 = ORIENTED_EDGE('',*,*,#4478,.T.);
#6563 = ORIENTED_EDGE('',*,*,#6564,.T.);
#6564 = EDGE_CURVE('',#4479,#5229,#6565,.T.);
#6565 = LINE('',#6566,#6567);
#6566 = CARTESIAN_POINT('',(8.3,-12.01,-8.1E-02));
#6567 = VECTOR('',#6568,1.);
#6568 = DIRECTION('',(0.,0.,1.));
#6569 = ORIENTED_EDGE('',*,*,#5228,.F.);
#6570 = ORIENTED_EDGE('',*,*,#6564,.F.);
#6571 = CYLINDRICAL_SURFACE('',#6572,0.51);
#6572 = AXIS2_PLACEMENT_3D('',#6573,#6574,#6575);
#6573 = CARTESIAN_POINT('',(8.3,-11.5,-8.1E-02));
#6574 = DIRECTION('',(-0.,-0.,-1.));
#6575 = DIRECTION('',(-0.,-1.,0.));
#6576 = ADVANCED_FACE('',(#6577),#6588,.F.);
#6577 = FACE_BOUND('',#6578,.T.);
#6578 = EDGE_LOOP('',(#6579,#6580,#6586,#6587));
#6579 = ORIENTED_EDGE('',*,*,#4489,.T.);
#6580 = ORIENTED_EDGE('',*,*,#6581,.T.);
#6581 = EDGE_CURVE('',#4490,#5240,#6582,.T.);
#6582 = LINE('',#6583,#6584);
#6583 = CARTESIAN_POINT('',(11.3,-12.01,-8.1E-02));
#6584 = VECTOR('',#6585,1.);
#6585 = DIRECTION('',(0.,0.,1.));
#6586 = ORIENTED_EDGE('',*,*,#5239,.F.);
#6587 = ORIENTED_EDGE('',*,*,#6581,.F.);
#6588 = CYLINDRICAL_SURFACE('',#6589,0.51);
#6589 = AXIS2_PLACEMENT_3D('',#6590,#6591,#6592);
#6590 = CARTESIAN_POINT('',(11.3,-11.5,-8.1E-02));
#6591 = DIRECTION('',(-0.,-0.,-1.));
#6592 = DIRECTION('',(-0.,-1.,0.));
#6593 = ADVANCED_FACE('',(#6594),#6605,.F.);
#6594 = FACE_BOUND('',#6595,.T.);
#6595 = EDGE_LOOP('',(#6596,#6597,#6603,#6604));
#6596 = ORIENTED_EDGE('',*,*,#4500,.T.);
#6597 = ORIENTED_EDGE('',*,*,#6598,.T.);
#6598 = EDGE_CURVE('',#4501,#5251,#6599,.T.);
#6599 = LINE('',#6600,#6601);
#6600 = CARTESIAN_POINT('',(8.3,-9.01,-8.1E-02));
#6601 = VECTOR('',#6602,1.);
#6602 = DIRECTION('',(0.,0.,1.));
#6603 = ORIENTED_EDGE('',*,*,#5250,.F.);
#6604 = ORIENTED_EDGE('',*,*,#6598,.F.);
#6605 = CYLINDRICAL_SURFACE('',#6606,0.51);
#6606 = AXIS2_PLACEMENT_3D('',#6607,#6608,#6609);
#6607 = CARTESIAN_POINT('',(8.3,-8.5,-8.1E-02));
#6608 = DIRECTION('',(-0.,-0.,-1.));
#6609 = DIRECTION('',(-0.,-1.,0.));
#6610 = ADVANCED_FACE('',(#6611),#6622,.F.);
#6611 = FACE_BOUND('',#6612,.T.);
#6612 = EDGE_LOOP('',(#6613,#6614,#6620,#6621));
#6613 = ORIENTED_EDGE('',*,*,#4511,.T.);
#6614 = ORIENTED_EDGE('',*,*,#6615,.T.);
#6615 = EDGE_CURVE('',#4512,#5262,#6616,.T.);
#6616 = LINE('',#6617,#6618);
#6617 = CARTESIAN_POINT('',(11.3,-9.01,-8.1E-02));
#6618 = VECTOR('',#6619,1.);
#6619 = DIRECTION('',(0.,0.,1.));
#6620 = ORIENTED_EDGE('',*,*,#5261,.F.);
#6621 = ORIENTED_EDGE('',*,*,#6615,.F.);
#6622 = CYLINDRICAL_SURFACE('',#6623,0.51);
#6623 = AXIS2_PLACEMENT_3D('',#6624,#6625,#6626);
#6624 = CARTESIAN_POINT('',(11.3,-8.5,-8.1E-02));
#6625 = DIRECTION('',(-0.,-0.,-1.));
#6626 = DIRECTION('',(-0.,-1.,0.));
#6627 = ADVANCED_FACE('',(#6628),#6639,.F.);
#6628 = FACE_BOUND('',#6629,.T.);
#6629 = EDGE_LOOP('',(#6630,#6631,#6637,#6638));
#6630 = ORIENTED_EDGE('',*,*,#4522,.T.);
#6631 = ORIENTED_EDGE('',*,*,#6632,.T.);
#6632 = EDGE_CURVE('',#4523,#5273,#6633,.T.);
#6633 = LINE('',#6634,#6635);
#6634 = CARTESIAN_POINT('',(6.2,1.8,-8.1E-02));
#6635 = VECTOR('',#6636,1.);
#6636 = DIRECTION('',(0.,0.,1.));
#6637 = ORIENTED_EDGE('',*,*,#5272,.F.);
#6638 = ORIENTED_EDGE('',*,*,#6632,.F.);
#6639 = CYLINDRICAL_SURFACE('',#6640,2.2);
#6640 = AXIS2_PLACEMENT_3D('',#6641,#6642,#6643);
#6641 = CARTESIAN_POINT('',(6.2,4.,-8.1E-02));
#6642 = DIRECTION('',(-0.,0.,-1.));
#6643 = DIRECTION('',(4.037174635001E-16,-1.,-0.));
#6644 = ADVANCED_FACE('',(#6645),#6656,.F.);
#6645 = FACE_BOUND('',#6646,.T.);
#6646 = EDGE_LOOP('',(#6647,#6648,#6654,#6655));
#6647 = ORIENTED_EDGE('',*,*,#4533,.T.);
#6648 = ORIENTED_EDGE('',*,*,#6649,.T.);
#6649 = EDGE_CURVE('',#4534,#5284,#6650,.T.);
#6650 = LINE('',#6651,#6652);
#6651 = CARTESIAN_POINT('',(54.5,-9.15,-8.1E-02));
#6652 = VECTOR('',#6653,1.);
#6653 = DIRECTION('',(0.,0.,1.));
#6654 = ORIENTED_EDGE('',*,*,#5283,.F.);
#6655 = ORIENTED_EDGE('',*,*,#6649,.F.);
#6656 = CYLINDRICAL_SURFACE('',#6657,0.6);
#6657 = AXIS2_PLACEMENT_3D('',#6658,#6659,#6660);
#6658 = CARTESIAN_POINT('',(54.5,-8.55,-8.1E-02));
#6659 = DIRECTION('',(-0.,-0.,-1.));
#6660 = DIRECTION('',(-0.,-1.,0.));
#6661 = ADVANCED_FACE('',(#6662),#6673,.F.);
#6662 = FACE_BOUND('',#6663,.T.);
#6663 = EDGE_LOOP('',(#6664,#6665,#6671,#6672));
#6664 = ORIENTED_EDGE('',*,*,#4544,.T.);
#6665 = ORIENTED_EDGE('',*,*,#6666,.T.);
#6666 = EDGE_CURVE('',#4545,#5295,#6667,.T.);
#6667 = LINE('',#6668,#6669);
#6668 = CARTESIAN_POINT('',(68.46,-6.4953,-8.1E-02));
#6669 = VECTOR('',#6670,1.);
#6670 = DIRECTION('',(0.,0.,1.));
#6671 = ORIENTED_EDGE('',*,*,#5294,.F.);
#6672 = ORIENTED_EDGE('',*,*,#6666,.F.);
#6673 = CYLINDRICAL_SURFACE('',#6674,0.4953);
#6674 = AXIS2_PLACEMENT_3D('',#6675,#6676,#6677);
#6675 = CARTESIAN_POINT('',(68.46,-6.,-8.1E-02));
#6676 = DIRECTION('',(-0.,-0.,-1.));
#6677 = DIRECTION('',(-0.,-1.,0.));
#6678 = ADVANCED_FACE('',(#6679),#6690,.F.);
#6679 = FACE_BOUND('',#6680,.T.);
#6680 = EDGE_LOOP('',(#6681,#6682,#6688,#6689));
#6681 = ORIENTED_EDGE('',*,*,#4555,.T.);
#6682 = ORIENTED_EDGE('',*,*,#6683,.T.);
#6683 = EDGE_CURVE('',#4556,#5306,#6684,.T.);
#6684 = LINE('',#6685,#6686);
#6685 = CARTESIAN_POINT('',(73.54,-7.5113,-8.1E-02));
#6686 = VECTOR('',#6687,1.);
#6687 = DIRECTION('',(0.,0.,1.));
#6688 = ORIENTED_EDGE('',*,*,#5305,.F.);
#6689 = ORIENTED_EDGE('',*,*,#6683,.F.);
#6690 = CYLINDRICAL_SURFACE('',#6691,0.4953);
#6691 = AXIS2_PLACEMENT_3D('',#6692,#6693,#6694);
#6692 = CARTESIAN_POINT('',(73.54,-7.016,-8.1E-02));
#6693 = DIRECTION('',(-0.,-0.,-1.));
#6694 = DIRECTION('',(-0.,-1.,0.));
#6695 = ADVANCED_FACE('',(#6696),#6707,.F.);
#6696 = FACE_BOUND('',#6697,.T.);
#6697 = EDGE_LOOP('',(#6698,#6699,#6705,#6706));
#6698 = ORIENTED_EDGE('',*,*,#4566,.T.);
#6699 = ORIENTED_EDGE('',*,*,#6700,.T.);
#6700 = EDGE_CURVE('',#4567,#5317,#6701,.T.);
#6701 = LINE('',#6702,#6703);
#6702 = CARTESIAN_POINT('',(73.54,-5.4793,-8.1E-02));
#6703 = VECTOR('',#6704,1.);
#6704 = DIRECTION('',(0.,0.,1.));
#6705 = ORIENTED_EDGE('',*,*,#5316,.F.);
#6706 = ORIENTED_EDGE('',*,*,#6700,.F.);
#6707 = CYLINDRICAL_SURFACE('',#6708,0.4953);
#6708 = AXIS2_PLACEMENT_3D('',#6709,#6710,#6711);
#6709 = CARTESIAN_POINT('',(73.54,-4.984,-8.1E-02));
#6710 = DIRECTION('',(-0.,-0.,-1.));
#6711 = DIRECTION('',(-0.,-1.,0.));
#6712 = ADVANCED_FACE('',(#6713),#6724,.F.);
#6713 = FACE_BOUND('',#6714,.T.);
#6714 = EDGE_LOOP('',(#6715,#6716,#6722,#6723));
#6715 = ORIENTED_EDGE('',*,*,#4577,.T.);
#6716 = ORIENTED_EDGE('',*,*,#6717,.T.);
#6717 = EDGE_CURVE('',#4578,#5328,#6718,.T.);
#6718 = LINE('',#6719,#6720);
#6719 = CARTESIAN_POINT('',(63.,1.8,-8.1E-02));
#6720 = VECTOR('',#6721,1.);
#6721 = DIRECTION('',(0.,0.,1.));
#6722 = ORIENTED_EDGE('',*,*,#5327,.F.);
#6723 = ORIENTED_EDGE('',*,*,#6717,.F.);
#6724 = CYLINDRICAL_SURFACE('',#6725,2.2);
#6725 = AXIS2_PLACEMENT_3D('',#6726,#6727,#6728);
#6726 = CARTESIAN_POINT('',(63.,4.,-8.1E-02));
#6727 = DIRECTION('',(-0.,-0.,-1.));
#6728 = DIRECTION('',(-0.,-1.,0.));
#6729 = ( GEOMETRIC_REPRESENTATION_CONTEXT(3) 
GLOBAL_UNCERTAINTY_ASSIGNED_CONTEXT((#6733)) 
GLOBAL_UNIT_ASSIGNED_CONTEXT((#6730,#6731,#6732)) REPRESENTATION_CONTEXT
('Context #1','3D Context with UNIT and UNCERTAINTY') );
#6730 = ( LENGTH_UNIT() NAMED_UNIT(*) SI_UNIT(.MILLI.,.METRE.) );
#6731 = ( NAMED_UNIT(*) PLANE_ANGLE_UNIT() SI_UNIT($,.RADIAN.) );
#6732 = ( NAMED_UNIT(*) SI_UNIT($,.STERADIAN.) SOLID_ANGLE_UNIT() );
#6733 = UNCERTAINTY_MEASURE_WITH_UNIT(LENGTH_MEASURE(1.E-07),#6730,
  'distance_accuracy_value','confusion accuracy');
#6734 = CONTEXT_DEPENDENT_SHAPE_REPRESENTATION(#6735,#6737);
#6735 = ( REPRESENTATION_RELATIONSHIP('','',#3735,#10) 
REPRESENTATION_RELATIONSHIP_WITH_TRANSFORMATION(#6736) 
SHAPE_REPRESENTATION_RELATIONSHIP() );
#6736 = ITEM_DEFINED_TRANSFORMATION('','',#11,#147);
#6737 = PRODUCT_DEFINITION_SHAPE('Placement','Placement of an item',
  #6738);
#6738 = NEXT_ASSEMBLY_USAGE_OCCURRENCE('34','=>[0:1:1:31]','',#5,#3730,$
  );
#6739 = PRODUCT_RELATED_PRODUCT_CATEGORY('part',$,(#3732));
#6740 = MECHANICAL_DESIGN_GEOMETRIC_PRESENTATION_REPRESENTATION('',(
    #6741),#6729);
#6741 = STYLED_ITEM('color',(#6742),#3736);
#6742 = PRESENTATION_STYLE_ASSIGNMENT((#6743));
#6743 = SURFACE_STYLE_USAGE(.BOTH.,#6744);
#6744 = SURFACE_SIDE_STYLE('',(#6745));
#6745 = SURFACE_STYLE_FILL_AREA(#6746);
#6746 = FILL_AREA_STYLE('',(#6747));
#6747 = FILL_AREA_STYLE_COLOUR('',#6748);
#6748 = COLOUR_RGB('',0.277846546019,0.436627062838,0.370214030736);
ENDSEC;
END-ISO-10303-21;
